label,slug,source,motion_json,features_npz,quality,duration,frames
địa chỉ,ia_chi,Dataset/Videos/D0001B.mp4,motions/ia_chi/d0001b.json,features/ia_chi/d0001b.npz,0.635,4.3377,60
địa chỉ,ia_chi,Dataset/Videos/D0001N.mp4,motions/ia_chi/d0001n.json,features/ia_chi/d0001n.npz,0.6041,4.4378,60
địa chỉ,ia_chi,Dataset/Videos/D0001T.mp4,motions/ia_chi/d0001t.json,features/ia_chi/d0001t.npz,0.6041,4.4378,60
tỉnh,tinh,Dataset/Videos/D0002.mp4,motions/tinh/d0002.json,features/tinh/d0002.npz,0.5733,6.1311,60
tiếp tân,tiep_tan,Dataset/Videos/D0003.mp4,motions/tiep_tan/d0003.json,features/tiep_tan/d0003.npz,0.649,4.1708,60
nhân viên,nhan_vien,Dataset/Videos/D0004.mp4,motions/nhan_vien/d0004.json,features/nhan_vien/d0004.npz,0.5476,4.1708,60
Miến Điện (nước Mi-an-ma),mien_ien_nuoc_mi_an_ma,Dataset/Videos/D0005B.mp4,motions/mien_ien_nuoc_mi_an_ma/d0005b.json,features/mien_ien_nuoc_mi_an_ma/d0005b.npz,0.4984,6.1395,60
Miến Điện (nước Mi-an-ma),mien_ien_nuoc_mi_an_ma,Dataset/Videos/D0005N.mp4,motions/mien_ien_nuoc_mi_an_ma/d0005n.json,features/mien_ien_nuoc_mi_an_ma/d0005n.npz,0.5011,7.1071,60
Miến Điện (nước Mi-an-ma),mien_ien_nuoc_mi_an_ma,Dataset/Videos/D0005T.mp4,motions/mien_ien_nuoc_mi_an_ma/d0005t.json,features/mien_ien_nuoc_mi_an_ma/d0005t.npz,0.5011,7.1071,60
Ma Cao,ma_cao,Dataset/Videos/D0006.mp4,motions/ma_cao/d0006.json,features/ma_cao/d0006.npz,0.5139,3.8372,60
Do Thái,do_thai,Dataset/Videos/D0007.mp4,motions/do_thai/d0007.json,features/do_thai/d0007.npz,0.6425,5.005,60
Ả Rập (nước Ả Rập),a_rap_nuoc_a_rap,Dataset/Videos/D0008.mp4,motions/a_rap_nuoc_a_rap/d0008.json,features/a_rap_nuoc_a_rap/d0008.npz,0.5174,3.3033,60
phương Tây,phuong_tay,Dataset/Videos/D0009.mp4,motions/phuong_tay/d0009.json,features/phuong_tay/d0009.npz,0.5174,3.3033,60
phương Đông,phuong_ong,Dataset/Videos/D0010.mp4,motions/phuong_ong/d0010.json,features/phuong_ong/d0010.npz,0.4867,4.2042,60
Đu Bai (nước Đu Bai),u_bai_nuoc_u_bai,Dataset/Videos/D0011.mp4,motions/u_bai_nuoc_u_bai/d0011.json,features/u_bai_nuoc_u_bai/d0011.npz,0.714,3.3367,60
Albania (nước Albania),albania_nuoc_albania,Dataset/Videos/D0012.mp4,motions/albania_nuoc_albania/d0012.json,features/albania_nuoc_albania/d0012.npz,0.6324,4.8382,60
người nước ngoài,nguoi_nuoc_ngoai,Dataset/Videos/D0013.mp4,motions/nguoi_nuoc_ngoai/d0013.json,features/nguoi_nuoc_ngoai/d0013.npz,0.4925,3.8038,60
nhập khẩu,nhap_khau,Dataset/Videos/D0014.mp4,motions/nhap_khau/d0014.json,features/nhap_khau/d0014.npz,0.675,4.5712,60
Tuy Hoà,tuy_hoa,Dataset/Videos/D0015.mp4,motions/tuy_hoa/d0015.json,features/tuy_hoa/d0015.npz,0.5371,4.638,60
Quy Nhơn,quy_nhon,Dataset/Videos/D0016.mp4,motions/quy_nhon/d0016.json,features/quy_nhon/d0016.npz,0.6888,3.9373,60
hấp dẫn,hap_dan,Dataset/Videos/D0017.mp4,motions/hap_dan/d0017.json,features/hap_dan/d0017.npz,0.5563,3.8372,60
nổi da gà,noi_da_ga,Dataset/Videos/D0018.mp4,motions/noi_da_ga/d0018.json,features/noi_da_ga/d0018.npz,0.6864,4.7714,60
ghen tị,ghen_ti,Dataset/Videos/D0019B.mp4,motions/ghen_ti/d0019b.json,features/ghen_ti/d0019b.npz,0.5079,3.5702,60
ghen tị,ghen_ti,Dataset/Videos/D0019N.mp4,motions/ghen_ti/d0019n.json,features/ghen_ti/d0019n.npz,0.524,4.2376,60
ghen tị,ghen_ti,Dataset/Videos/D0019T.mp4,motions/ghen_ti/d0019t.json,features/ghen_ti/d0019t.npz,0.5215,4.2376,60
lung tung,lung_tung,Dataset/Videos/D0020B.mp4,motions/lung_tung/d0020b.json,features/lung_tung/d0020b.npz,0.6006,4.371,60
lung tung,lung_tung,Dataset/Videos/D0020N.mp4,motions/lung_tung/d0020n.json,features/lung_tung/d0020n.npz,0.9422,3.003,60
lung tung,lung_tung,Dataset/Videos/D0020T.mp4,motions/lung_tung/d0020t.json,features/lung_tung/d0020t.npz,0.613,8.5752,60
hói đầu,hoi_au,Dataset/Videos/D0021.mp4,motions/hoi_au/d0021.json,features/hoi_au/d0021.npz,0.545,4.004,60
cười nhếch mép,cuoi_nhech_mep,Dataset/Videos/D0022.mp4,motions/cuoi_nhech_mep/d0022.json,features/cuoi_nhech_mep/d0022.npz,0.3535,3.1031,60
cười vỡ bụng,cuoi_vo_bung,Dataset/Videos/D0023.mp4,motions/cuoi_vo_bung/d0023.json,features/cuoi_vo_bung/d0023.npz,0.6583,3.9039,60
tham ăn,tham_an,Dataset/Videos/D0024B.mp4,motions/tham_an/d0024b.json,features/tham_an/d0024b.npz,0.9664,5.8058,60
tham ăn,tham_an,Dataset/Videos/D0024N.mp4,motions/tham_an/d0024n.json,features/tham_an/d0024n.npz,0.984,6.1061,60
tham ăn,tham_an,Dataset/Videos/D0024T.mp4,motions/tham_an/d0024t.json,features/tham_an/d0024t.npz,0.984,6.1061,60
thèm,them,Dataset/Videos/D0026.mp4,motions/them/d0026.json,features/them/d0026.npz,0.5248,4.8382,60
thèm rỏ dãi,them_ro_dai,Dataset/Videos/D0027.mp4,motions/them_ro_dai/d0027.json,features/them_ro_dai/d0027.npz,0.9874,4.3043,60
đứng đầu (hàng đầu),ung_au_hang_au,Dataset/Videos/D0028.mp4,motions/ung_au_hang_au/d0028.json,features/ung_au_hang_au/d0028.npz,0.9768,3.2699,60
thói quen,thoi_quen,Dataset/Videos/D0029B.mp4,motions/thoi_quen/d0029b.json,features/thoi_quen/d0029b.npz,0.5138,4.3043,60
thói quen,thoi_quen,Dataset/Videos/D0029N.mp4,motions/thoi_quen/d0029n.json,features/thoi_quen/d0029n.npz,0.4944,3.9039,60
thói quen,thoi_quen,Dataset/Videos/D0029T.mp4,motions/thoi_quen/d0029t.json,features/thoi_quen/d0029t.npz,0.4944,3.9039,60
khuyến khích,khuyen_khich,Dataset/Videos/D0030.mp4,motions/khuyen_khich/d0030.json,features/khuyen_khich/d0030.npz,0.6507,4.4711,60
không nghe lời,khong_nghe_loi,Dataset/Videos/D0031B.mp4,motions/khong_nghe_loi/d0031b.json,features/khong_nghe_loi/d0031b.npz,0.4701,4.6046,60
không nghe lời,khong_nghe_loi,Dataset/Videos/D0031N.mp4,motions/khong_nghe_loi/d0031n.json,features/khong_nghe_loi/d0031n.npz,0.9832,3.2366,60
không nghe lời,khong_nghe_loi,Dataset/Videos/D0031T.mp4,motions/khong_nghe_loi/d0031t.json,features/khong_nghe_loi/d0031t.npz,0.9866,3.2366,60
ai cho,ai_cho,Dataset/Videos/D0032.mp4,motions/ai_cho/d0032.json,features/ai_cho/d0032.npz,0.4783,3.8038,60
không cho,khong_cho,Dataset/Videos/D0033B.mp4,motions/khong_cho/d0033b.json,features/khong_cho/d0033b.npz,0.4759,3.7037,60
không cho,khong_cho,Dataset/Videos/D0033N.mp4,motions/khong_cho/d0033n.json,features/khong_cho/d0033n.npz,0.4722,4.1708,60
không cho,khong_cho,Dataset/Videos/D0033T.mp4,motions/khong_cho/d0033t.json,features/khong_cho/d0033t.npz,0.4722,4.1708,60
không cần,khong_can,Dataset/Videos/D0034.mp4,motions/khong_can/d0034.json,features/khong_can/d0034.npz,0.6344,3.4701,60
không nên,khong_nen,Dataset/Videos/D0035B.mp4,motions/khong_nen/d0035b.json,features/khong_nen/d0035b.npz,0.9765,2.7694,60
không nên,khong_nen,Dataset/Videos/D0035N.mp4,motions/khong_nen/d0035n.json,features/khong_nen/d0035n.npz,0.9761,3.1698,60
không nên,khong_nen,Dataset/Videos/D0035T.mp4,motions/khong_nen/d0035t.json,features/khong_nen/d0035t.npz,0.9813,2.9029,60
bực mình,buc_minh,Dataset/Videos/D0036.mp4,motions/buc_minh/d0036.json,features/buc_minh/d0036.npz,0.4614,4.6713,60
tự giác,tu_giac,Dataset/Videos/D0037.mp4,motions/tu_giac/d0037.json,features/tu_giac/d0037.npz,0.5259,3.637,60
mù chữ,mu_chu,Dataset/Videos/D0038.mp4,motions/mu_chu/d0038.json,features/mu_chu/d0038.npz,0.526,4.8048,60
vô tình,vo_tinh,Dataset/Videos/D0039.mp4,motions/vo_tinh/d0039.json,features/vo_tinh/d0039.npz,0.4879,4.638,60
Tết hàn thực,tet_han_thuc,Dataset/Videos/D0040B.mp4,motions/tet_han_thuc/d0040b.json,features/tet_han_thuc/d0040b.npz,0.9783,4.004,60
Tết hàn thực,tet_han_thuc,Dataset/Videos/D0040N.mp4,motions/tet_han_thuc/d0040n.json,features/tet_han_thuc/d0040n.npz,0.954,3.3033,60
Tết hàn thực,tet_han_thuc,Dataset/Videos/D0040T.mp4,motions/tet_han_thuc/d0040t.json,features/tet_han_thuc/d0040t.npz,0.9551,4.1041,60
giỗ,gio,Dataset/Videos/D0041.mp4,motions/gio/d0041.json,features/gio/d0041.npz,0.809,3.2366,60
ngày Quốc tế phụ nữ 8/3,ngay_quoc_te_phu_nu_8_3,Dataset/Videos/D0042B.mp4,motions/ngay_quoc_te_phu_nu_8_3/d0042b.json,features/ngay_quoc_te_phu_nu_8_3/d0042b.npz,0.9743,4.638,60
ngày Quốc tế phụ nữ 8/3,ngay_quoc_te_phu_nu_8_3,Dataset/Videos/D0042N.mp4,motions/ngay_quoc_te_phu_nu_8_3/d0042n.json,features/ngay_quoc_te_phu_nu_8_3/d0042n.npz,0.9727,4.371,60
ngày Quốc tế phụ nữ 8/3,ngay_quoc_te_phu_nu_8_3,Dataset/Videos/D0042T.mp4,motions/ngay_quoc_te_phu_nu_8_3/d0042t.json,features/ngay_quoc_te_phu_nu_8_3/d0042t.npz,0.9675,4.6713,60
ngày giải phóng thủ đô 10/10,ngay_giai_phong_thu_o_10_10,Dataset/Videos/D0043B.mp4,motions/ngay_giai_phong_thu_o_10_10/d0043b.json,features/ngay_giai_phong_thu_o_10_10/d0043b.npz,0.9705,5.5055,60
ngày giải phóng thủ đô 10/10,ngay_giai_phong_thu_o_10_10,Dataset/Videos/D0043N.mp4,motions/ngay_giai_phong_thu_o_10_10/d0043n.json,features/ngay_giai_phong_thu_o_10_10/d0043n.npz,0.9559,4.6713,60
ngày giải phóng thủ đô 10/10,ngay_giai_phong_thu_o_10_10,Dataset/Videos/D0043T.mp4,motions/ngay_giai_phong_thu_o_10_10/d0043t.json,features/ngay_giai_phong_thu_o_10_10/d0043t.npz,0.9685,5.5055,60
ngày Giải phóng miền Nam 30/4,ngay_giai_phong_mien_nam_30_4,Dataset/Videos/D0044B.mp4,motions/ngay_giai_phong_mien_nam_30_4/d0044b.json,features/ngay_giai_phong_mien_nam_30_4/d0044b.npz,0.933,4.371,60
ngày Giải phóng miền Nam 30/4,ngay_giai_phong_mien_nam_30_4,Dataset/Videos/D0044N.mp4,motions/ngay_giai_phong_mien_nam_30_4/d0044n.json,features/ngay_giai_phong_mien_nam_30_4/d0044n.npz,0.9578,5.1385,60
ngày Giải phóng miền Nam 30/4,ngay_giai_phong_mien_nam_30_4,Dataset/Videos/D0044T.mp4,motions/ngay_giai_phong_mien_nam_30_4/d0044t.json,features/ngay_giai_phong_mien_nam_30_4/d0044t.npz,0.938,4.371,60
ngày Người khuyết tật Việt Nam 18/4,ngay_nguoi_khuyet_tat_viet_nam_18_4,Dataset/Videos/D0045B.mp4,motions/ngay_nguoi_khuyet_tat_viet_nam_18_4/d0045b.json,features/ngay_nguoi_khuyet_tat_viet_nam_18_4/d0045b.npz,0.9645,3.9706,60
ngày Người khuyết tật Việt Nam 18/4,ngay_nguoi_khuyet_tat_viet_nam_18_4,Dataset/Videos/D0045N.mp4,motions/ngay_nguoi_khuyet_tat_viet_nam_18_4/d0045n.json,features/ngay_nguoi_khuyet_tat_viet_nam_18_4/d0045n.npz,0.9805,5.005,60
ngày Người khuyết tật Việt Nam 18/4,ngay_nguoi_khuyet_tat_viet_nam_18_4,Dataset/Videos/D0045T.mp4,motions/ngay_nguoi_khuyet_tat_viet_nam_18_4/d0045t.json,features/ngay_nguoi_khuyet_tat_viet_nam_18_4/d0045t.npz,0.9826,4.9716,60
ngày Người khuyết tật Thế giới 3/12,ngay_nguoi_khuyet_tat_the_gioi_3_12,Dataset/Videos/D0046B.mp4,motions/ngay_nguoi_khuyet_tat_the_gioi_3_12/d0046b.json,features/ngay_nguoi_khuyet_tat_the_gioi_3_12/d0046b.npz,0.9479,6.2396,60
ngày Người khuyết tật Thế giới 3/12,ngay_nguoi_khuyet_tat_the_gioi_3_12,Dataset/Videos/D0046N.mp4,motions/ngay_nguoi_khuyet_tat_the_gioi_3_12/d0046n.json,features/ngay_nguoi_khuyet_tat_the_gioi_3_12/d0046n.npz,0.9633,4.1375,60
ngày Người khuyết tật Thế giới 3/12,ngay_nguoi_khuyet_tat_the_gioi_3_12,Dataset/Videos/D0046T.mp4,motions/ngay_nguoi_khuyet_tat_the_gioi_3_12/d0046t.json,features/ngay_nguoi_khuyet_tat_the_gioi_3_12/d0046t.npz,0.9634,4.7381,60
lễ Halloween 31/10,le_halloween_31_10,Dataset/Videos/D0048B.mp4,motions/le_halloween_31_10/d0048b.json,features/le_halloween_31_10/d0048b.npz,0.9694,6.373,60
lễ Halloween 31/10,le_halloween_31_10,Dataset/Videos/D0048N.mp4,motions/le_halloween_31_10/d0048n.json,features/le_halloween_31_10/d0048n.npz,0.972,3.8705,60
lễ Halloween 31/10,le_halloween_31_10,Dataset/Videos/D0048T.mp4,motions/le_halloween_31_10/d0048t.json,features/le_halloween_31_10/d0048t.npz,0.966,6.373,60
ngày Phụ nữ Việt Nam 20/10,ngay_phu_nu_viet_nam_20_10,Dataset/Videos/D0049B.mp4,motions/ngay_phu_nu_viet_nam_20_10/d0049b.json,features/ngay_phu_nu_viet_nam_20_10/d0049b.npz,0.9688,3.4701,60
ngày Phụ nữ Việt Nam 20/10,ngay_phu_nu_viet_nam_20_10,Dataset/Videos/D0049N.mp4,motions/ngay_phu_nu_viet_nam_20_10/d0049n.json,features/ngay_phu_nu_viet_nam_20_10/d0049n.npz,0.9809,5.6723,60
ngày Phụ nữ Việt Nam 20/10,ngay_phu_nu_viet_nam_20_10,Dataset/Videos/D0049T.mp4,motions/ngay_phu_nu_viet_nam_20_10/d0049t.json,features/ngay_phu_nu_viet_nam_20_10/d0049t.npz,0.9664,4.8382,60
ngày thương bình liệt sĩ 27/7,ngay_thuong_binh_liet_si_27_7,Dataset/Videos/D0050B.mp4,motions/ngay_thuong_binh_liet_si_27_7/d0050b.json,features/ngay_thuong_binh_liet_si_27_7/d0050b.npz,0.9587,4.2042,60
ngày thương bình liệt sĩ 27/7,ngay_thuong_binh_liet_si_27_7,Dataset/Videos/D0050N.mp4,motions/ngay_thuong_binh_liet_si_27_7/d0050n.json,features/ngay_thuong_binh_liet_si_27_7/d0050n.npz,0.9544,3.8038,60
ngày thương bình liệt sĩ 27/7,ngay_thuong_binh_liet_si_27_7,Dataset/Videos/D0050T.mp4,motions/ngay_thuong_binh_liet_si_27_7/d0050t.json,features/ngay_thuong_binh_liet_si_27_7/d0050t.npz,0.9742,4.2042,60
ngày giỗ tổ Hùng Vương (âm lịch 10/3),ngay_gio_to_hung_vuong_am_lich_10_3,Dataset/Videos/D0051B.mp4,motions/ngay_gio_to_hung_vuong_am_lich_10_3/d0051b.json,features/ngay_gio_to_hung_vuong_am_lich_10_3/d0051b.npz,0.8113,5.1718,60
ngày giỗ tổ Hùng Vương (âm lịch 10/3),ngay_gio_to_hung_vuong_am_lich_10_3,Dataset/Videos/D0051N.mp4,motions/ngay_gio_to_hung_vuong_am_lich_10_3/d0051n.json,features/ngay_gio_to_hung_vuong_am_lich_10_3/d0051n.npz,0.7743,4.8048,60
ngày giỗ tổ Hùng Vương (âm lịch 10/3),ngay_gio_to_hung_vuong_am_lich_10_3,Dataset/Videos/D0051T.mp4,motions/ngay_gio_to_hung_vuong_am_lich_10_3/d0051t.json,features/ngay_gio_to_hung_vuong_am_lich_10_3/d0051t.npz,0.7756,5.1718,60
ngày Ngôn ngữ kí hiệu Quốc tế 23/9,ngay_ngon_ngu_ki_hieu_quoc_te_23_9,Dataset/Videos/D0052B.mp4,motions/ngay_ngon_ngu_ki_hieu_quoc_te_23_9/d0052b.json,features/ngay_ngon_ngu_ki_hieu_quoc_te_23_9/d0052b.npz,0.9362,3.5702,60
ngày Ngôn ngữ kí hiệu Quốc tế 23/9,ngay_ngon_ngu_ki_hieu_quoc_te_23_9,Dataset/Videos/D0052N.mp4,motions/ngay_ngon_ngu_ki_hieu_quoc_te_23_9/d0052n.json,features/ngay_ngon_ngu_ki_hieu_quoc_te_23_9/d0052n.npz,0.9652,4.6713,60
ngày Ngôn ngữ kí hiệu Quốc tế 23/9,ngay_ngon_ngu_ki_hieu_quoc_te_23_9,Dataset/Videos/D0052T.mp4,motions/ngay_ngon_ngu_ki_hieu_quoc_te_23_9/d0052t.json,features/ngay_ngon_ngu_ki_hieu_quoc_te_23_9/d0052t.npz,0.9423,3.5702,60
tuần lễ người Điếc thế giới,tuan_le_nguoi_iec_the_gioi,Dataset/Videos/D0053B.mp4,motions/tuan_le_nguoi_iec_the_gioi/d0053b.json,features/tuan_le_nguoi_iec_the_gioi/d0053b.npz,0.8236,5.8392,60
tuần lễ người Điếc thế giới,tuan_le_nguoi_iec_the_gioi,Dataset/Videos/D0053N.mp4,motions/tuan_le_nguoi_iec_the_gioi/d0053n.json,features/tuan_le_nguoi_iec_the_gioi/d0053n.npz,0.7982,7.0404,60
tuần lễ người Điếc thế giới,tuan_le_nguoi_iec_the_gioi,Dataset/Videos/D0053T.mp4,motions/tuan_le_nguoi_iec_the_gioi/d0053t.json,features/tuan_le_nguoi_iec_the_gioi/d0053t.npz,0.8069,5.8392,60
ngày của Mẹ,ngay_cua_me,Dataset/Videos/D0054B.mp4,motions/ngay_cua_me/d0054b.json,features/ngay_cua_me/d0054b.npz,0.7177,4.5712,60
ngày của Mẹ,ngay_cua_me,Dataset/Videos/D0054N.mp4,motions/ngay_cua_me/d0054n.json,features/ngay_cua_me/d0054n.npz,0.6976,4.8048,60
ngày của Mẹ,ngay_cua_me,Dataset/Videos/D0054T.mp4,motions/ngay_cua_me/d0054t.json,features/ngay_cua_me/d0054t.npz,0.7082,4.5712,60
ngày của Cha,ngay_cua_cha,Dataset/Videos/D0055B.mp4,motions/ngay_cua_cha/d0055b.json,features/ngay_cua_cha/d0055b.npz,0.6401,4.9716,60
ngày của Cha,ngay_cua_cha,Dataset/Videos/D0055N.mp4,motions/ngay_cua_cha/d0055n.json,features/ngay_cua_cha/d0055n.npz,0.6414,4.8382,60
ngày của Cha,ngay_cua_cha,Dataset/Videos/D0055T.mp4,motions/ngay_cua_cha/d0055t.json,features/ngay_cua_cha/d0055t.npz,0.6772,4.9716,60
ngày gia đình Việt Nam 28/6,ngay_gia_inh_viet_nam_28_6,Dataset/Videos/D0056B.mp4,motions/ngay_gia_inh_viet_nam_28_6/d0056b.json,features/ngay_gia_inh_viet_nam_28_6/d0056b.npz,0.7272,5.4054,60
ngày gia đình Việt Nam 28/6,ngay_gia_inh_viet_nam_28_6,Dataset/Videos/D0056N.mp4,motions/ngay_gia_inh_viet_nam_28_6/d0056n.json,features/ngay_gia_inh_viet_nam_28_6/d0056n.npz,0.8792,4.9383,60
ngày gia đình Việt Nam 28/6,ngay_gia_inh_viet_nam_28_6,Dataset/Videos/D0056T.mp4,motions/ngay_gia_inh_viet_nam_28_6/d0056t.json,features/ngay_gia_inh_viet_nam_28_6/d0056t.npz,0.9788,6.64,60
ngày thầy thuốc Việt Nam,ngay_thay_thuoc_viet_nam,Dataset/Videos/D0057B.mp4,motions/ngay_thay_thuoc_viet_nam/d0057b.json,features/ngay_thay_thuoc_viet_nam/d0057b.npz,0.8104,5.2052,60
ngày thầy thuốc Việt Nam,ngay_thay_thuoc_viet_nam,Dataset/Videos/D0057N.mp4,motions/ngay_thay_thuoc_viet_nam/d0057n.json,features/ngay_thay_thuoc_viet_nam/d0057n.npz,0.7601,5.6056,60
ngày thầy thuốc Việt Nam,ngay_thay_thuoc_viet_nam,Dataset/Videos/D0057T.mp4,motions/ngay_thay_thuoc_viet_nam/d0057t.json,features/ngay_thay_thuoc_viet_nam/d0057t.npz,0.7524,5.6056,60
ngày thành lập quân đội nhân dân Việt Nam,ngay_thanh_lap_quan_oi_nhan_dan_viet_nam,Dataset/Videos/D0058B.mp4,motions/ngay_thanh_lap_quan_oi_nhan_dan_viet_nam/d0058b.json,features/ngay_thanh_lap_quan_oi_nhan_dan_viet_nam/d0058b.npz,0.7833,4.9049,60
ngày thành lập quân đội nhân dân Việt Nam,ngay_thanh_lap_quan_oi_nhan_dan_viet_nam,Dataset/Videos/D0058N.mp4,motions/ngay_thanh_lap_quan_oi_nhan_dan_viet_nam/d0058n.json,features/ngay_thanh_lap_quan_oi_nhan_dan_viet_nam/d0058n.npz,0.7363,5.3053,60
ngày thành lập quân đội nhân dân Việt Nam,ngay_thanh_lap_quan_oi_nhan_dan_viet_nam,Dataset/Videos/D0058T.mp4,motions/ngay_thanh_lap_quan_oi_nhan_dan_viet_nam/d0058t.json,features/ngay_thanh_lap_quan_oi_nhan_dan_viet_nam/d0058t.npz,0.7789,4.9049,60
con cá sấu,con_ca_sau,Dataset/Videos/D0059.mp4,motions/con_ca_sau/d0059.json,features/con_ca_sau/d0059.npz,0.8927,3.5369,60
nhầm,nham,Dataset/Videos/D0060B.mp4,motions/nham/d0060b.json,features/nham/d0060b.npz,0.6787,2.9029,60
nhầm,nham,Dataset/Videos/D0060N.mp4,motions/nham/d0060n.json,features/nham/d0060n.npz,0.5968,3.6036,60
nhầm,nham,Dataset/Videos/D0060T.mp4,motions/nham/d0060t.json,features/nham/d0060t.npz,0.5727,3.6036,60
đồng bằng sông Cửu Long,ong_bang_song_cuu_long,Dataset/Videos/D0061.mp4,motions/ong_bang_song_cuu_long/d0061.json,features/ong_bang_song_cuu_long/d0061.npz,0.6945,5.005,60
đồng bằng sông Hồng,ong_bang_song_hong,Dataset/Videos/D0062.mp4,motions/ong_bang_song_hong/d0062.json,features/ong_bang_song_hong/d0062.npz,0.696,5.1718,60
đồng bằng duyên hải miền Trung,ong_bang_duyen_hai_mien_trung,Dataset/Videos/D0063.mp4,motions/ong_bang_duyen_hai_mien_trung/d0063.json,features/ong_bang_duyen_hai_mien_trung/d0063.npz,0.7061,4.5379,60
buồn thảm,buon_tham,Dataset/Videos/D0064.mp4,motions/buon_tham/d0064.json,features/buon_tham/d0064.npz,0.5625,5.2052,60
mách,mach,Dataset/Videos/D0065B.mp4,motions/mach/d0065b.json,features/mach/d0065b.npz,0.5486,4.2042,60
mách,mach,Dataset/Videos/D0065N.mp4,motions/mach/d0065n.json,features/mach/d0065n.npz,0.5959,3.7037,60
mách,mach,Dataset/Videos/D0065T.mp4,motions/mach/d0065t.json,features/mach/d0065t.npz,0.5637,3.7037,60
vô duyên,vo_duyen,Dataset/Videos/D0066B.mp4,motions/vo_duyen/d0066b.json,features/vo_duyen/d0066b.npz,0.5378,3.637,60
vô duyên,vo_duyen,Dataset/Videos/D0066N.mp4,motions/vo_duyen/d0066n.json,features/vo_duyen/d0066n.npz,0.5625,3.4701,60
vô duyên,vo_duyen,Dataset/Videos/D0066T.mp4,motions/vo_duyen/d0066t.json,features/vo_duyen/d0066t.npz,0.5437,3.4701,60
ti hí mắt,ti_hi_mat,Dataset/Videos/D0067.mp4,motions/ti_hi_mat/d0067.json,features/ti_hi_mat/d0067.npz,0.5962,4.4044,60
kịp thời,kip_thoi,Dataset/Videos/D0068.mp4,motions/kip_thoi/d0068.json,features/kip_thoi/d0068.npz,0.689,3.8705,60
bối rối,boi_roi,Dataset/Videos/D0069.mp4,motions/boi_roi/d0069.json,features/boi_roi/d0069.npz,0.6556,3.9039,60
hú vía,hu_via,Dataset/Videos/D0070.mp4,motions/hu_via/d0070.json,features/hu_via/d0070.npz,0.6692,3.7704,60
suỵt,suyt,Dataset/Videos/D0071.mp4,motions/suyt/d0071.json,features/suyt/d0071.npz,0.5112,4.3043,60
suýt,suyt,Dataset/Videos/D0072B.mp4,motions/suyt/d0072b.json,features/suyt/d0072b.npz,0.5989,3.1365,60
suýt,suyt,Dataset/Videos/D0072N.mp4,motions/suyt/d0072n.json,features/suyt/d0072n.npz,0.623,3.3367,60
suýt,suyt,Dataset/Videos/D0072T.mp4,motions/suyt/d0072t.json,features/suyt/d0072t.npz,0.6295,3.3367,60
cá voi,ca_voi,Dataset/Videos/D0073.mp4,motions/ca_voi/d0073.json,features/ca_voi/d0073.npz,0.6134,4.4044,60
cá kiếm,ca_kiem,Dataset/Videos/D0074.mp4,motions/ca_kiem/d0074.json,features/ca_kiem/d0074.npz,0.6554,5.5389,60
đuôi cá,uoi_ca,Dataset/Videos/D0075.mp4,motions/uoi_ca/d0075.json,features/uoi_ca/d0075.npz,0.6726,4.4711,60
đuôi chuột,uoi_chuot,Dataset/Videos/D0076.mp4,motions/uoi_chuot/d0076.json,features/uoi_chuot/d0076.npz,0.6433,5.4721,60
bít tết (bò),bit_tet_bo,Dataset/Videos/D0077B.mp4,motions/bit_tet_bo/d0077b.json,features/bit_tet_bo/d0077b.npz,0.8127,3.9373,60
bít tết (bò),bit_tet_bo,Dataset/Videos/D0077N.mp4,motions/bit_tet_bo/d0077n.json,features/bit_tet_bo/d0077n.npz,0.714,4.1708,60
bít tết (bò),bit_tet_bo,Dataset/Videos/D0077T.mp4,motions/bit_tet_bo/d0077t.json,features/bit_tet_bo/d0077t.npz,0.7114,4.1708,60
súp,sup,Dataset/Videos/D0078.mp4,motions/sup/d0078.json,features/sup/d0078.npz,0.7296,4.371,60
súp lơ,sup_lo,Dataset/Videos/D0079.mp4,motions/sup_lo/d0079.json,features/sup_lo/d0079.npz,0.7329,3.37,60
mỳ tôm,my_tom,Dataset/Videos/D0080B.mp4,motions/my_tom/d0080b.json,features/my_tom/d0080b.npz,0.7375,3.4701,60
mỳ tôm,my_tom,Dataset/Videos/D0080N.mp4,motions/my_tom/d0080n.json,features/my_tom/d0080n.npz,0.7269,3.1365,60
mỳ tôm,my_tom,Dataset/Videos/D0080T.mp4,motions/my_tom/d0080t.json,features/my_tom/d0080t.npz,0.7269,3.1365,60
mỳ vằn thắn,my_van_than,Dataset/Videos/D0081B.mp4,motions/my_van_than/d0081b.json,features/my_van_than/d0081b.npz,0.7631,3.9373,60
mỳ ý,my_y,Dataset/Videos/D0082B.mp4,motions/my_y/d0082b.json,features/my_y/d0082b.npz,0.8302,3.7037,60
mỳ ý,my_y,Dataset/Videos/D0082N.mp4,motions/my_y/d0082n.json,features/my_y/d0082n.npz,0.9391,3.2032,60
mỳ ý,my_y,Dataset/Videos/D0082T.mp4,motions/my_y/d0082t.json,features/my_y/d0082t.npz,0.8206,3.2032,60
bún mắm,bun_mam,Dataset/Videos/D0083.mp4,motions/bun_mam/d0083.json,features/bun_mam/d0083.npz,0.6814,4.9716,60
bún chả,bun_cha,Dataset/Videos/D0084.mp4,motions/bun_cha/d0084.json,features/bun_cha/d0084.npz,0.623,4.6046,60
bún ngan,bun_ngan,Dataset/Videos/D0085.mp4,motions/bun_ngan/d0085.json,features/bun_ngan/d0085.npz,0.6235,4.004,60
bún ốc,bun_oc,Dataset/Videos/D0086.mp4,motions/bun_oc/d0086.json,features/bun_oc/d0086.npz,0.7453,4.4711,60
bún đậu,bun_au,Dataset/Videos/D0087B.mp4,motions/bun_au/d0087b.json,features/bun_au/d0087b.npz,0.8116,3.9706,60
xôi gấc,xoi_gac,Dataset/Videos/D0088.mp4,motions/xoi_gac/d0088.json,features/xoi_gac/d0088.npz,0.5697,3.6036,60
xôi gà,xoi_ga,Dataset/Videos/D0089.mp4,motions/xoi_ga/d0089.json,features/xoi_ga/d0089.npz,0.6225,4.3377,60
cháo sườn,chao_suon,Dataset/Videos/D0090.mp4,motions/chao_suon/d0090.json,features/chao_suon/d0090.npz,0.7319,4.5712,60
cơm rang,com_rang,Dataset/Videos/D0091.mp4,motions/com_rang/d0091.json,features/com_rang/d0091.npz,0.6344,4.5379,60
nhấn mạnh,nhan_manh,Dataset/Videos/D0092.mp4,motions/nhan_manh/d0092.json,features/nhan_manh/d0092.npz,0.6658,3.5369,60
đạo diễn,ao_dien,Dataset/Videos/D0093.mp4,motions/ao_dien/d0093.json,features/ao_dien/d0093.npz,0.6796,7.0404,60
thí nghiệm,thi_nghiem,Dataset/Videos/D0094.mp4,motions/thi_nghiem/d0094.json,features/thi_nghiem/d0094.npz,0.6837,3.7371,60
cắm trại,cam_trai,Dataset/Videos/D0095.mp4,motions/cam_trai/d0095.json,features/cam_trai/d0095.npz,0.6235,4.004,60
khả năng,kha_nang,Dataset/Videos/D0096.mp4,motions/kha_nang/d0096.json,features/kha_nang/d0096.npz,0.5485,4.371,60
kỹ năng,ky_nang,Dataset/Videos/D0097.mp4,motions/ky_nang/d0097.json,features/ky_nang/d0097.npz,0.6638,3.8705,60
có … không?,co_khong,Dataset/Videos/D0098.mp4,motions/co_khong/d0098.json,features/co_khong/d0098.npz,0.485,4.3377,60
cung cấp,cung_cap,Dataset/Videos/D0099.mp4,motions/cung_cap/d0099.json,features/cung_cap/d0099.npz,0.6185,3.8372,60
khờ dại,kho_dai,Dataset/Videos/D0100.mp4,motions/kho_dai/d0100.json,features/kho_dai/d0100.npz,0.7011,4.5712,60
cực khổ,cuc_kho,Dataset/Videos/D0101.mp4,motions/cuc_kho/d0101.json,features/cuc_kho/d0101.npz,0.516,4.7047,60
may mắn,may_man,Dataset/Videos/D0102.mp4,motions/may_man/d0102.json,features/may_man/d0102.npz,0.597,5.005,60
từ chối,tu_choi,Dataset/Videos/D0103B.mp4,motions/tu_choi/d0103b.json,features/tu_choi/d0103b.npz,0.6496,5.9726,60
từ chối,tu_choi,Dataset/Videos/D0103N.mp4,motions/tu_choi/d0103n.json,features/tu_choi/d0103n.npz,0.5678,3.2366,60
từ chối,tu_choi,Dataset/Videos/D0103T.mp4,motions/tu_choi/d0103t.json,features/tu_choi/d0103t.npz,0.5778,3.2366,60
nấu nướng,nau_nuong,Dataset/Videos/D0104.mp4,motions/nau_nuong/d0104.json,features/nau_nuong/d0104.npz,0.897,3.37,60
xoa đầu,xoa_au,Dataset/Videos/D0105.mp4,motions/xoa_au/d0105.json,features/xoa_au/d0105.npz,0.5806,6.2062,60
rực rỡ,ruc_ro,Dataset/Videos/D0107.mp4,motions/ruc_ro/d0107.json,features/ruc_ro/d0107.npz,0.8544,5.4388,60
thiệp sinh nhật,thiep_sinh_nhat,Dataset/Videos/D0108B.mp4,motions/thiep_sinh_nhat/d0108b.json,features/thiep_sinh_nhat/d0108b.npz,0.8337,4.2376,60
thiệp sinh nhật,thiep_sinh_nhat,Dataset/Videos/D0108N.mp4,motions/thiep_sinh_nhat/d0108n.json,features/thiep_sinh_nhat/d0108n.npz,0.9297,4.4711,60
thiệp sinh nhật,thiep_sinh_nhat,Dataset/Videos/D0108T.mp4,motions/thiep_sinh_nhat/d0108t.json,features/thiep_sinh_nhat/d0108t.npz,0.9539,4.4711,60
không quen,khong_quen,Dataset/Videos/D0109B.mp4,motions/khong_quen/d0109b.json,features/khong_quen/d0109b.npz,0.9214,3.0364,60
không quen,khong_quen,Dataset/Videos/D0109N.mp4,motions/khong_quen/d0109n.json,features/khong_quen/d0109n.npz,0.9809,2.2689,60
không quen,khong_quen,Dataset/Videos/D0109T.mp4,motions/khong_quen/d0109t.json,features/khong_quen/d0109t.npz,0.9321,3.0364,60
bánh tráng,banh_trang,Dataset/Videos/D0110.mp4,motions/banh_trang/d0110.json,features/banh_trang/d0110.npz,0.8569,5.3053,60
tương ớt,tuong_ot,Dataset/Videos/D0111B.mp4,motions/tuong_ot/d0111b.json,features/tuong_ot/d0111b.npz,0.5758,3.9373,60
tương ớt,tuong_ot,Dataset/Videos/D0111N.mp4,motions/tuong_ot/d0111n.json,features/tuong_ot/d0111n.npz,0.6774,4.5379,60
tương ớt,tuong_ot,Dataset/Videos/D0111T.mp4,motions/tuong_ot/d0111t.json,features/tuong_ot/d0111t.npz,0.5648,3.9373,60
không có,khong_co,Dataset/Videos/D0112.mp4,motions/khong_co/d0112.json,features/khong_co/d0112.npz,0.9403,6.9069,60
không có chi,khong_co_chi,Dataset/Videos/D0113.mp4,motions/khong_co_chi/d0113.json,features/khong_co_chi/d0113.npz,0.688,4.1708,60
dân chủ,dan_chu,Dataset/Videos/D0114.mp4,motions/dan_chu/d0114.json,features/dan_chu/d0114.npz,0.7034,2.6693,60
xử lý,xu_ly,Dataset/Videos/D0115.mp4,motions/xu_ly/d0115.json,features/xu_ly/d0115.npz,0.8561,4.371,60
đất ruộng,at_ruong,Dataset/Videos/D0116.mp4,motions/at_ruong/d0116.json,features/at_ruong/d0116.npz,0.9802,4.9383,60
tinh mắt,tinh_mat,Dataset/Videos/D0117.mp4,motions/tinh_mat/d0117.json,features/tinh_mat/d0117.npz,0.9912,11.0444,60
cũng vậy/cũng thế,cung_vay_cung_the,Dataset/Videos/D0118.mp4,motions/cung_vay_cung_the/d0118.json,features/cung_vay_cung_the/d0118.npz,0.5171,10.5105,60
đúng không?,ung_khong,Dataset/Videos/D0119B.mp4,motions/ung_khong/d0119b.json,features/ung_khong/d0119b.npz,0.9551,3.1365,60
đúng không?,ung_khong,Dataset/Videos/D0119N.mp4,motions/ung_khong/d0119n.json,features/ung_khong/d0119n.npz,0.9889,3.9039,60
đúng không?,ung_khong,Dataset/Videos/D0119T.mp4,motions/ung_khong/d0119t.json,features/ung_khong/d0119t.npz,0.9815,2.9363,60
phải không?,phai_khong,Dataset/Videos/D0120B.mp4,motions/phai_khong/d0120b.json,features/phai_khong/d0120b.npz,0.9942,3.7704,60
phải không?,phai_khong,Dataset/Videos/D0120N.mp4,motions/phai_khong/d0120n.json,features/phai_khong/d0120n.npz,0.9914,3.7704,60
phải không?,phai_khong,Dataset/Videos/D0120T.mp4,motions/phai_khong/d0120t.json,features/phai_khong/d0120t.npz,0.9942,3.7704,60
còn bạn?,con_ban,Dataset/Videos/D0121.mp4,motions/con_ban/d0121.json,features/con_ban/d0121.npz,0.9852,5.1385,60
cần không?,can_khong,Dataset/Videos/D0122B.mp4,motions/can_khong/d0122b.json,features/can_khong/d0122b.npz,0.9819,3.003,60
cần không?,can_khong,Dataset/Videos/D0122N.mp4,motions/can_khong/d0122n.json,features/can_khong/d0122n.npz,0.9833,2.6026,60
cần không?,can_khong,Dataset/Videos/D0122T.mp4,motions/can_khong/d0122t.json,features/can_khong/d0122t.npz,0.9833,2.6026,60
nên không?,nen_khong,Dataset/Videos/D0123B.mp4,motions/nen_khong/d0123b.json,features/nen_khong/d0123b.npz,0.9831,3.2032,60
nên không?,nen_khong,Dataset/Videos/D0123N.mp4,motions/nen_khong/d0123n.json,features/nen_khong/d0123n.npz,0.9757,2.2356,60
nên không?,nen_khong,Dataset/Videos/D0123T.mp4,motions/nen_khong/d0123t.json,features/nen_khong/d0123t.npz,0.9757,2.2356,60
kia,kia,Dataset/Videos/D0124.mp4,motions/kia/d0124.json,features/kia/d0124.npz,0.9797,3.2032,60
nóng tính,nong_tinh,Dataset/Videos/D0125.mp4,motions/nong_tinh/d0125.json,features/nong_tinh/d0125.npz,0.9381,4.2042,60
sợ không?,so_khong,Dataset/Videos/D0126.mp4,motions/so_khong/d0126.json,features/so_khong/d0126.npz,0.8773,7.7744,60
căm thù,cam_thu,Dataset/Videos/D0127.mp4,motions/cam_thu/d0127.json,features/cam_thu/d0127.npz,0.9715,3.8038,60
đẹp không? (người),ep_khong_nguoi,Dataset/Videos/D0128B.mp4,motions/ep_khong_nguoi/d0128b.json,features/ep_khong_nguoi/d0128b.npz,0.9793,3.1365,60
đẹp không? (người),ep_khong_nguoi,Dataset/Videos/D0128N.mp4,motions/ep_khong_nguoi/d0128n.json,features/ep_khong_nguoi/d0128n.npz,0.9861,3.9039,60
đẹp không? (người),ep_khong_nguoi,Dataset/Videos/D0128T.mp4,motions/ep_khong_nguoi/d0128t.json,features/ep_khong_nguoi/d0128t.npz,0.9793,3.1365,60
không đẹp,khong_ep,Dataset/Videos/D0129B.mp4,motions/khong_ep/d0129b.json,features/khong_ep/d0129b.npz,0.9248,3.6036,60
không đẹp,khong_ep,Dataset/Videos/D0129N.mp4,motions/khong_ep/d0129n.json,features/khong_ep/d0129n.npz,0.9735,2.8695,60
không đẹp,khong_ep,Dataset/Videos/D0129T.mp4,motions/khong_ep/d0129t.json,features/khong_ep/d0129t.npz,0.9773,2.8695,60
chúng tôi (2 người) (đại từ),chung_toi_2_nguoi_ai_tu,Dataset/Videos/D0130.mp4,motions/chung_toi_2_nguoi_ai_tu/d0130.json,features/chung_toi_2_nguoi_ai_tu/d0130.npz,0.9417,3.5369,60
chúng tôi (3 người) (đại từ),chung_toi_3_nguoi_ai_tu,Dataset/Videos/D0131.mp4,motions/chung_toi_3_nguoi_ai_tu/d0131.json,features/chung_toi_3_nguoi_ai_tu/d0131.npz,0.9275,4.0374,60
chúng tôi (4 người) (đại từ),chung_toi_4_nguoi_ai_tu,Dataset/Videos/D0132.mp4,motions/chung_toi_4_nguoi_ai_tu/d0132.json,features/chung_toi_4_nguoi_ai_tu/d0132.npz,0.9306,2.9696,60
chúng tôi (5 người) (đại từ),chung_toi_5_nguoi_ai_tu,Dataset/Videos/D0133.mp4,motions/chung_toi_5_nguoi_ai_tu/d0133.json,features/chung_toi_5_nguoi_ai_tu/d0133.npz,0.9836,3.3033,60
chúng tôi (đại từ),chung_toi_ai_tu,Dataset/Videos/D0134.mp4,motions/chung_toi_ai_tu/d0134.json,features/chung_toi_ai_tu/d0134.npz,0.8375,4.2709,60
các bạn (2 người),cac_ban_2_nguoi,Dataset/Videos/D0135.mp4,motions/cac_ban_2_nguoi/d0135.json,features/cac_ban_2_nguoi/d0135.npz,0.8345,3.6036,60
họ (2 người) (đại từ),ho_2_nguoi_ai_tu,Dataset/Videos/D0136.mp4,motions/ho_2_nguoi_ai_tu/d0136.json,features/ho_2_nguoi_ai_tu/d0136.npz,0.8502,4.2709,60
họ (đại từ),ho_ai_tu,Dataset/Videos/D0137.mp4,motions/ho_ai_tu/d0137.json,features/ho_ai_tu/d0137.npz,0.7779,4.004,60
bạn yêu tôi,ban_yeu_toi,Dataset/Videos/D0138.mp4,motions/ban_yeu_toi/d0138.json,features/ban_yeu_toi/d0138.npz,0.527,3.7371,60
tôi yêu bạn ấy,toi_yeu_ban_ay,Dataset/Videos/D0139.mp4,motions/toi_yeu_ban_ay/d0139.json,features/toi_yeu_ban_ay/d0139.npz,0.9916,5.1718,60
bạn ấy yêu tôi,ban_ay_yeu_toi,Dataset/Videos/D0140.mp4,motions/ban_ay_yeu_toi/d0140.json,features/ban_ay_yeu_toi/d0140.npz,0.984,4.7381,60
bạn yêu bạn ấy,ban_yeu_ban_ay,Dataset/Videos/D0141.mp4,motions/ban_yeu_ban_ay/d0141.json,features/ban_yeu_ban_ay/d0141.npz,0.7984,2.636,60
bạn ấy yêu bạn,ban_ay_yeu_ban,Dataset/Videos/D0142.mp4,motions/ban_ay_yeu_ban/d0142.json,features/ban_ay_yeu_ban/d0142.npz,0.8565,2.5692,60
"anh hai, anh cả",anh_hai_anh_ca,Dataset/Videos/D0143B.mp4,motions/anh_hai_anh_ca/d0143b.json,features/anh_hai_anh_ca/d0143b.npz,0.9729,2.4024,60
"anh hai, anh cả",anh_hai_anh_ca,Dataset/Videos/D0143N.mp4,motions/anh_hai_anh_ca/d0143n.json,features/anh_hai_anh_ca/d0143n.npz,0.9713,2.2689,60
"anh hai, anh cả",anh_hai_anh_ca,Dataset/Videos/D0143T.mp4,motions/anh_hai_anh_ca/d0143t.json,features/anh_hai_anh_ca/d0143t.npz,0.9729,2.4024,60
"chị hai, chị cả",chi_hai_chi_ca,Dataset/Videos/D0144B.mp4,motions/chi_hai_chi_ca/d0144b.json,features/chi_hai_chi_ca/d0144b.npz,0.9744,2.9696,60
"chị hai, chị cả",chi_hai_chi_ca,Dataset/Videos/D0144N.mp4,motions/chi_hai_chi_ca/d0144n.json,features/chi_hai_chi_ca/d0144n.npz,0.9801,3.2699,60
"chị hai, chị cả",chi_hai_chi_ca,Dataset/Videos/D0144T.mp4,motions/chi_hai_chi_ca/d0144t.json,features/chi_hai_chi_ca/d0144t.npz,0.9744,2.9696,60
quả bầu hồ lô,qua_bau_ho_lo,Dataset/Videos/D0145.mp4,motions/qua_bau_ho_lo/d0145.json,features/qua_bau_ho_lo/d0145.npz,0.9527,3.6703,60
một là,mot_la,Dataset/Videos/D0146.mp4,motions/mot_la/d0146.json,features/mot_la/d0146.npz,0.9802,3.8372,60
hai là,hai_la,Dataset/Videos/D0147.mp4,motions/hai_la/d0147.json,features/hai_la/d0147.npz,0.9867,4.9049,60
ba là,ba_la,Dataset/Videos/D0148.mp4,motions/ba_la/d0148.json,features/ba_la/d0148.npz,0.9228,3.1031,60
bốn là,bon_la,Dataset/Videos/D0149.mp4,motions/bon_la/d0149.json,features/bon_la/d0149.npz,0.9716,2.6693,60
năm là,nam_la,Dataset/Videos/D0150.mp4,motions/nam_la/d0150.json,features/nam_la/d0150.npz,0.9764,3.6703,60
ông bà,ong_ba,Dataset/Videos/D0151B.mp4,motions/ong_ba/d0151b.json,features/ong_ba/d0151b.npz,0.7009,3.7704,60
ông bà,ong_ba,Dataset/Videos/D0151N.mp4,motions/ong_ba/d0151n.json,features/ong_ba/d0151n.npz,0.6808,3.7371,60
ông bà,ong_ba,Dataset/Videos/D0151T.mp4,motions/ong_ba/d0151t.json,features/ong_ba/d0151t.npz,0.6692,3.7704,60
chị họ,chi_ho,Dataset/Videos/D0152B.mp4,motions/chi_ho/d0152b.json,features/chi_ho/d0152b.npz,0.9739,4.5712,60
chị họ,chi_ho,Dataset/Videos/D0152N.mp4,motions/chi_ho/d0152n.json,features/chi_ho/d0152n.npz,0.9633,3.8372,60
chị họ,chi_ho,Dataset/Videos/D0152T.mp4,motions/chi_ho/d0152t.json,features/chi_ho/d0152t.npz,0.9692,4.5712,60
em họ,em_ho,Dataset/Videos/D0153B.mp4,motions/em_ho/d0153b.json,features/em_ho/d0153b.npz,0.9361,3.9039,60
em họ,em_ho,Dataset/Videos/D0153N.mp4,motions/em_ho/d0153n.json,features/em_ho/d0153n.npz,0.8646,3.2032,60
em họ,em_ho,Dataset/Videos/D0153T.mp4,motions/em_ho/d0153t.json,features/em_ho/d0153t.npz,0.7132,5.1051,60
cháu họ,chau_ho,Dataset/Videos/D0154B.mp4,motions/chau_ho/d0154b.json,features/chau_ho/d0154b.npz,0.7709,4.0707,60
cháu họ,chau_ho,Dataset/Videos/D0154N.mp4,motions/chau_ho/d0154n.json,features/chau_ho/d0154n.npz,0.7536,4.1375,60
cháu họ,chau_ho,Dataset/Videos/D0154T.mp4,motions/chau_ho/d0154t.json,features/chau_ho/d0154t.npz,0.6795,4.8715,60
sống sót,song_sot,Dataset/Videos/D0155B.mp4,motions/song_sot/d0155b.json,features/song_sot/d0155b.npz,0.5727,3.6036,60
sống sót,song_sot,Dataset/Videos/D0155N.mp4,motions/song_sot/d0155n.json,features/song_sot/d0155n.npz,0.6657,3.5035,60
sống sót,song_sot,Dataset/Videos/D0155T.mp4,motions/song_sot/d0155t.json,features/song_sot/d0155t.npz,0.6148,3.6036,60
thường xuyên,thuong_xuyen,Dataset/Videos/D0156.mp4,motions/thuong_xuyen/d0156.json,features/thuong_xuyen/d0156.npz,0.7528,5.4388,60
thường xuyên,thuong_xuyen,Dataset/Videos/D0156B.mp4,motions/thuong_xuyen/d0156b.json,features/thuong_xuyen/d0156b.npz,0.4918,3.6703,60
thường xuyên,thuong_xuyen,Dataset/Videos/D0156N.mp4,motions/thuong_xuyen/d0156n.json,features/thuong_xuyen/d0156n.npz,0.661,4.638,60
thường xuyên,thuong_xuyen,Dataset/Videos/D0156T.mp4,motions/thuong_xuyen/d0156t.json,features/thuong_xuyen/d0156t.npz,0.6656,4.638,60
đi dạo,i_dao,Dataset/Videos/D0157B.mp4,motions/i_dao/d0157b.json,features/i_dao/d0157b.npz,0.5843,4.3043,60
đi dạo,i_dao,Dataset/Videos/D0157N.mp4,motions/i_dao/d0157n.json,features/i_dao/d0157n.npz,0.6619,4.1375,60
đi dạo,i_dao,Dataset/Videos/D0157T.mp4,motions/i_dao/d0157t.json,features/i_dao/d0157t.npz,0.5843,4.3043,60
về (Sài Gòn),ve_sai_gon,Dataset/Videos/D0158N.mp4,motions/ve_sai_gon/d0158n.json,features/ve_sai_gon/d0158n.npz,0.6841,3.5702,60
về 2 (Miền Bắc),ve_2_mien_bac,Dataset/Videos/D0159B.mp4,motions/ve_2_mien_bac/d0159b.json,features/ve_2_mien_bac/d0159b.npz,0.6409,4.1375,60
về 2 (Miền Bắc),ve_2_mien_bac,Dataset/Videos/D0159T.mp4,motions/ve_2_mien_bac/d0159t.json,features/ve_2_mien_bac/d0159t.npz,0.6059,4.7047,60
về 3 (đi về),ve_3_i_ve,Dataset/Videos/D0160.mp4,motions/ve_3_i_ve/d0160.json,features/ve_3_i_ve/d0160.npz,0.7103,4.3043,60
về 4 (từ nơi khác về),ve_4_tu_noi_khac_ve,Dataset/Videos/D0161.mp4,motions/ve_4_tu_noi_khac_ve/d0161.json,features/ve_4_tu_noi_khac_ve/d0161.npz,0.6543,3.6703,60
về 5 (về nhà),ve_5_ve_nha,Dataset/Videos/D0162.mp4,motions/ve_5_ve_nha/d0162.json,features/ve_5_ve_nha/d0162.npz,0.8321,4.004,60
hẹn,hen,Dataset/Videos/D0163B.mp4,motions/hen/d0163b.json,features/hen/d0163b.npz,0.4928,4.4044,60
hẹn,hen,Dataset/Videos/D0163N.mp4,motions/hen/d0163n.json,features/hen/d0163n.npz,0.511,3.5035,60
hẹn,hen,Dataset/Videos/D0163T.mp4,motions/hen/d0163t.json,features/hen/d0163t.npz,0.5295,3.5035,60
quyến luyến,quyen_luyen,Dataset/Videos/D0164.mp4,motions/quyen_luyen/d0164.json,features/quyen_luyen/d0164.npz,0.81,4.7381,60
hứa,hua,Dataset/Videos/D0165B.mp4,motions/hua/d0165b.json,features/hua/d0165b.npz,0.6602,7.3407,60
hứa,hua,Dataset/Videos/D0165N.mp4,motions/hua/d0165n.json,features/hua/d0165n.npz,0.5755,3.7037,60
hứa,hua,Dataset/Videos/D0165T.mp4,motions/hua/d0165t.json,features/hua/d0165t.npz,0.5491,3.7037,60
cùng / với (giới từ),cung_voi_gioi_tu,Dataset/Videos/D0166.mp4,motions/cung_voi_gioi_tu/d0166.json,features/cung_voi_gioi_tu/d0166.npz,0.9705,2.9363,60
lâu,lau,Dataset/Videos/D0167.mp4,motions/lau/d0167.json,features/lau/d0167.npz,0.5266,4.1708,60
lâu,lau,Dataset/Videos/D0167B.mp4,motions/lau/d0167b.json,features/lau/d0167b.npz,0.5009,8.0414,60
vẫn,van,Dataset/Videos/D0168B.mp4,motions/van/d0168b.json,features/van/d0168b.npz,0.6255,3.5035,60
vẫn,van,Dataset/Videos/D0168N.mp4,motions/van/d0168n.json,features/van/d0168n.npz,0.537,3.5369,60
vẫn,van,Dataset/Videos/D0168T.mp4,motions/van/d0168t.json,features/van/d0168t.npz,0.537,3.5369,60
mỗi ngày,moi_ngay,Dataset/Videos/D0169B.mp4,motions/moi_ngay/d0169b.json,features/moi_ngay/d0169b.npz,0.6666,3.8705,60
mỗi ngày,moi_ngay,Dataset/Videos/D0169N.mp4,motions/moi_ngay/d0169n.json,features/moi_ngay/d0169n.npz,0.6666,3.8705,60
mỗi ngày,moi_ngay,Dataset/Videos/D0169T.mp4,motions/moi_ngay/d0169t.json,features/moi_ngay/d0169t.npz,0.9833,3.9039,60
hàng ngày,hang_ngay,Dataset/Videos/D0170B.mp4,motions/hang_ngay/d0170b.json,features/hang_ngay/d0170b.npz,0.9824,3.7037,60
hàng ngày,hang_ngay,Dataset/Videos/D0170N.mp4,motions/hang_ngay/d0170n.json,features/hang_ngay/d0170n.npz,0.9668,3.2699,60
hàng ngày,hang_ngay,Dataset/Videos/D0170T.mp4,motions/hang_ngay/d0170t.json,features/hang_ngay/d0170t.npz,0.9702,3.2699,60
ăn vú sữa (bằng thìa),an_vu_sua_bang_thia,Dataset/Videos/D0171.mp4,motions/an_vu_sua_bang_thia/d0171.json,features/an_vu_sua_bang_thia/d0171.npz,0.935,4.5045,60
ăn vú sữa,an_vu_sua,Dataset/Videos/D0172.mp4,motions/an_vu_sua/d0172.json,features/an_vu_sua/d0172.npz,0.9783,3.5035,60
hôi,hoi,Dataset/Videos/D0173.mp4,motions/hoi/d0173.json,features/hoi/d0173.npz,0.965,5.5722,60
trông nhà,trong_nha,Dataset/Videos/D0174.mp4,motions/trong_nha/d0174.json,features/trong_nha/d0174.npz,0.9665,2.2689,60
chạy (động vật),chay_ong_vat,Dataset/Videos/D0175.mp4,motions/chay_ong_vat/d0175.json,features/chay_ong_vat/d0175.npz,0.9845,2.8028,60
xe container,xe_container,Dataset/Videos/D0176.mp4,motions/xe_container/d0176.json,features/xe_container/d0176.npz,0.9848,5.005,60
bay nhanh (máy bay),bay_nhanh_may_bay,Dataset/Videos/D0177.mp4,motions/bay_nhanh_may_bay/d0177.json,features/bay_nhanh_may_bay/d0177.npz,0.9841,3.4034,60
chậm chạp,cham_chap,Dataset/Videos/D0178.mp4,motions/cham_chap/d0178.json,features/cham_chap/d0178.npz,0.9719,3.4701,60
ngừng lại,ngung_lai,Dataset/Videos/D0179.mp4,motions/ngung_lai/d0179.json,features/ngung_lai/d0179.npz,0.9615,5.0717,60
5 > 3 (Toán học),5_3_toan_hoc,Dataset/Videos/D0180.mp4,motions/5_3_toan_hoc/d0180.json,features/5_3_toan_hoc/d0180.npz,0.9785,4.5379,60
2 < 6 (Toán học),2_6_toan_hoc,Dataset/Videos/D0181.mp4,motions/2_6_toan_hoc/d0181.json,features/2_6_toan_hoc/d0181.npz,0.9723,4.3043,60
cung điện,cung_ien,Dataset/Videos/D0182B.mp4,motions/cung_ien/d0182b.json,features/cung_ien/d0182b.npz,0.9536,3.5035,60
cung điện,cung_ien,Dataset/Videos/D0182N.mp4,motions/cung_ien/d0182n.json,features/cung_ien/d0182n.npz,0.9745,3.4034,60
cung điện,cung_ien,Dataset/Videos/D0182T.mp4,motions/cung_ien/d0182t.json,features/cung_ien/d0182t.npz,0.9567,3.5035,60
dừng lại,dung_lai,Dataset/Videos/D0183.mp4,motions/dung_lai/d0183.json,features/dung_lai/d0183.npz,0.9187,4.2709,60
một ít/ một chút,mot_it_mot_chut,Dataset/Videos/D0184.mp4,motions/mot_it_mot_chut/d0184.json,features/mot_it_mot_chut/d0184.npz,0.984,8.1415,60
kẹt xe/tắc đường,ket_xe_tac_uong,Dataset/Videos/D0185.mp4,motions/ket_xe_tac_uong/d0185.json,features/ket_xe_tac_uong/d0185.npz,0.9936,3.37,60
suy ra (Toán học),suy_ra_toan_hoc,Dataset/Videos/D0186.mp4,motions/suy_ra_toan_hoc/d0186.json,features/suy_ra_toan_hoc/d0186.npz,0.7792,6.9736,60
thì thầm,thi_tham,Dataset/Videos/D0187.mp4,motions/thi_tham/d0187.json,features/thi_tham/d0187.npz,0.9068,7.9079,60
hoặc,hoac,Dataset/Videos/D0188B.mp4,motions/hoac/d0188b.json,features/hoac/d0188b.npz,0.9819,3.003,60
hoặc,hoac,Dataset/Videos/D0188N.mp4,motions/hoac/d0188n.json,features/hoac/d0188n.npz,0.9829,2.5359,60
hoặc,hoac,Dataset/Videos/D0188T.mp4,motions/hoac/d0188t.json,features/hoac/d0188t.npz,0.9829,2.5359,60
muốn không?,muon_khong,Dataset/Videos/D0189B.mp4,motions/muon_khong/d0189b.json,features/muon_khong/d0189b.npz,0.985,3.6036,60
muốn không?,muon_khong,Dataset/Videos/D0189N.mp4,motions/muon_khong/d0189n.json,features/muon_khong/d0189n.npz,0.9878,2.6693,60
muốn không?,muon_khong,Dataset/Videos/D0189T.mp4,motions/muon_khong/d0189t.json,features/muon_khong/d0189t.npz,0.9878,2.6693,60
không muốn,khong_muon,Dataset/Videos/D0190B.mp4,motions/khong_muon/d0190b.json,features/khong_muon/d0190b.npz,0.9829,3.1698,60
không muốn,khong_muon,Dataset/Videos/D0190N.mp4,motions/khong_muon/d0190n.json,features/khong_muon/d0190n.npz,0.985,2.1688,60
không muốn,khong_muon,Dataset/Videos/D0190T.mp4,motions/khong_muon/d0190t.json,features/khong_muon/d0190t.npz,0.985,2.1688,60
sa mạc,sa_mac,Dataset/Videos/D0191.mp4,motions/sa_mac/d0191.json,features/sa_mac/d0191.npz,0.9904,5.639,60
xem,xem,Dataset/Videos/D0192B.mp4,motions/xem/d0192b.json,features/xem/d0192b.npz,0.9815,2.9363,60
xem,xem,Dataset/Videos/D0192N.mp4,motions/xem/d0192n.json,features/xem/d0192n.npz,0.9839,3.37,60
xem,xem,Dataset/Videos/D0192T.mp4,motions/xem/d0192t.json,features/xem/d0192t.npz,0.9839,3.37,60
núi cao,nui_cao,Dataset/Videos/D0193.mp4,motions/nui_cao/d0193.json,features/nui_cao/d0193.npz,0.9939,5.372,60
núi thấp,nui_thap,Dataset/Videos/D0194.mp4,motions/nui_thap/d0194.json,features/nui_thap/d0194.npz,0.991,3.6036,60
đẹp không?,ep_khong,Dataset/Videos/D0195B.mp4,motions/ep_khong/d0195b.json,features/ep_khong/d0195b.npz,0.9841,2.7361,60
đẹp không?,ep_khong,Dataset/Videos/D0195N.mp4,motions/ep_khong/d0195n.json,features/ep_khong/d0195n.npz,0.9909,3.5702,60
đẹp không?,ep_khong,Dataset/Videos/D0195T.mp4,motions/ep_khong/d0195t.json,features/ep_khong/d0195t.npz,0.9841,2.7361,60
xem đã,xem_a,Dataset/Videos/D0196.mp4,motions/xem_a/d0196.json,features/xem_a/d0196.npz,0.9885,3.7704,60
mồ hôi nhễ nhại,mo_hoi_nhe_nhai,Dataset/Videos/D0197.mp4,motions/mo_hoi_nhe_nhai/d0197.json,features/mo_hoi_nhe_nhai/d0197.npz,0.9899,5.372,60
không ngon,khong_ngon,Dataset/Videos/D0198.mp4,motions/khong_ngon/d0198.json,features/khong_ngon/d0198.npz,0.9861,2.3357,60
hài lòng,hai_long,Dataset/Videos/D0199.mp4,motions/hai_long/d0199.json,features/hai_long/d0199.npz,0.9978,4.9383,60
má hồng,ma_hong,Dataset/Videos/D0200.mp4,motions/ma_hong/d0200.json,features/ma_hong/d0200.npz,0.9884,4.6713,60
ngập ngừng,ngap_ngung,Dataset/Videos/D0201.mp4,motions/ngap_ngung/d0201.json,features/ngap_ngung/d0201.npz,0.9959,5.2719,60
nói ngập ngừng,noi_ngap_ngung,Dataset/Videos/D0202.mp4,motions/noi_ngap_ngung/d0202.json,features/noi_ngap_ngung/d0202.npz,0.9912,4.9049,60
Võ Thị Sáu,vo_thi_sau,Dataset/Videos/D0203.mp4,motions/vo_thi_sau/d0203.json,features/vo_thi_sau/d0203.npz,0.9874,6.0394,60
mít tinh,mit_tinh,Dataset/Videos/D0204.mp4,motions/mit_tinh/d0204.json,features/mit_tinh/d0204.npz,0.7559,7.641,60
sụp đổ,sup_o,Dataset/Videos/D0205.mp4,motions/sup_o/d0205.json,features/sup_o/d0205.npz,0.8917,3.4034,60
thiếu thốn,thieu_thon,Dataset/Videos/D0206B.mp4,motions/thieu_thon/d0206b.json,features/thieu_thon/d0206b.npz,0.9693,3.5369,60
thiếu thốn,thieu_thon,Dataset/Videos/D0206N.mp4,motions/thieu_thon/d0206n.json,features/thieu_thon/d0206n.npz,0.9734,3.6703,60
thiếu thốn,thieu_thon,Dataset/Videos/D0206T.mp4,motions/thieu_thon/d0206t.json,features/thieu_thon/d0206t.npz,0.9734,3.6703,60
xuyên Việt,xuyen_viet,Dataset/Videos/D0207.mp4,motions/xuyen_viet/d0207.json,features/xuyen_viet/d0207.npz,0.9797,4.2709,60
khổ công,kho_cong,Dataset/Videos/D0208.mp4,motions/kho_cong/d0208.json,features/kho_cong/d0208.npz,0.9446,4.3043,60
dám làm,dam_lam,Dataset/Videos/D0209B.mp4,motions/dam_lam/d0209b.json,features/dam_lam/d0209b.npz,0.9716,2.6693,60
dám làm,dam_lam,Dataset/Videos/D0209N.mp4,motions/dam_lam/d0209n.json,features/dam_lam/d0209n.npz,0.9797,3.2032,60
dám làm,dam_lam,Dataset/Videos/D0209T.mp4,motions/dam_lam/d0209t.json,features/dam_lam/d0209t.npz,0.9756,2.6693,60
không dám,khong_dam,Dataset/Videos/D0210B.mp4,motions/khong_dam/d0210b.json,features/khong_dam/d0210b.npz,0.9682,3.0697,60
không dám,khong_dam,Dataset/Videos/D0210N.mp4,motions/khong_dam/d0210n.json,features/khong_dam/d0210n.npz,0.9282,2.8695,60
không dám,khong_dam,Dataset/Videos/D0210T.mp4,motions/khong_dam/d0210t.json,features/khong_dam/d0210t.npz,0.9646,3.37,60
phiền hà,phien_ha,Dataset/Videos/D0211.mp4,motions/phien_ha/d0211.json,features/phien_ha/d0211.npz,0.9601,3.8038,60
đèn ông sao,en_ong_sao,Dataset/Videos/D0212.mp4,motions/en_ong_sao/d0212.json,features/en_ong_sao/d0212.npz,0.9879,8.0747,60
ung thư,ung_thu,Dataset/Videos/D0213B.mp4,motions/ung_thu/d0213b.json,features/ung_thu/d0213b.npz,0.9847,3.5369,60
ung thư,ung_thu,Dataset/Videos/D0213N.mp4,motions/ung_thu/d0213n.json,features/ung_thu/d0213n.npz,0.9815,4.1041,60
ung thư,ung_thu,Dataset/Videos/D0213T.mp4,motions/ung_thu/d0213t.json,features/ung_thu/d0213t.npz,0.9908,3.5369,60
phó hiệu trưởng,pho_hieu_truong,Dataset/Videos/D0214B.mp4,motions/pho_hieu_truong/d0214b.json,features/pho_hieu_truong/d0214b.npz,0.9754,3.9706,60
phó hiệu trưởng,pho_hieu_truong,Dataset/Videos/D0214N.mp4,motions/pho_hieu_truong/d0214n.json,features/pho_hieu_truong/d0214n.npz,0.9214,4.1375,60
phó hiệu trưởng,pho_hieu_truong,Dataset/Videos/D0214T.mp4,motions/pho_hieu_truong/d0214t.json,features/pho_hieu_truong/d0214t.npz,0.9188,4.1375,60
Ô-lim-píc,o_lim_pic,Dataset/Videos/D0215.mp4,motions/o_lim_pic/d0215.json,features/o_lim_pic/d0215.npz,0.9629,4.6713,60
vòng nguyệt quế,vong_nguyet_que,Dataset/Videos/D0216.mp4,motions/vong_nguyet_que/d0216.json,features/vong_nguyet_que/d0216.npz,0.961,4.1708,60
hữu nghị,huu_nghi,Dataset/Videos/D0217.mp4,motions/huu_nghi/d0217.json,features/huu_nghi/d0217.npz,0.9237,3.2699,60
bắn cung tên,ban_cung_ten,Dataset/Videos/D0218.mp4,motions/ban_cung_ten/d0218.json,features/ban_cung_ten/d0218.npz,0.9668,7.8412,60
mũi tên,mui_ten,Dataset/Videos/D0219.mp4,motions/mui_ten/d0219.json,features/mui_ten/d0219.npz,0.9824,4.3043,60
cung tên,cung_ten,Dataset/Videos/D0220.mp4,motions/cung_ten/d0220.json,features/cung_ten/d0220.npz,0.9761,3.637,60
tận số,tan_so,Dataset/Videos/D0221.mp4,motions/tan_so/d0221.json,features/tan_so/d0221.npz,0.6226,8.0747,60
nứt nẻ (ruộng),nut_ne_ruong,Dataset/Videos/D0222.mp4,motions/nut_ne_ruong/d0222.json,features/nut_ne_ruong/d0222.npz,0.8472,4.4711,60
Mã Lai (nước Ma-lai-xi-a),ma_lai_nuoc_ma_lai_xi_a,Dataset/Videos/D0223B.mp4,motions/ma_lai_nuoc_ma_lai_xi_a/d0223b.json,features/ma_lai_nuoc_ma_lai_xi_a/d0223b.npz,0.9687,4.5045,60
Mã Lai (nước Ma-lai-xi-a),ma_lai_nuoc_ma_lai_xi_a,Dataset/Videos/D0223N.mp4,motions/ma_lai_nuoc_ma_lai_xi_a/d0223n.json,features/ma_lai_nuoc_ma_lai_xi_a/d0223n.npz,0.9812,4.0374,60
Mã Lai (nước Ma-lai-xi-a),ma_lai_nuoc_ma_lai_xi_a,Dataset/Videos/D0223T.mp4,motions/ma_lai_nuoc_ma_lai_xi_a/d0223t.json,features/ma_lai_nuoc_ma_lai_xi_a/d0223t.npz,0.9825,4.3377,60
số La Mã (Toán học),so_la_ma_toan_hoc,Dataset/Videos/D0224.mp4,motions/so_la_ma_toan_hoc/d0224.json,features/so_la_ma_toan_hoc/d0224.npz,0.6528,3.9039,60
Long Vương,long_vuong,Dataset/Videos/D0225.mp4,motions/long_vuong/d0225.json,features/long_vuong/d0225.npz,0.6062,4.5712,60
đàng hoàng,ang_hoang,Dataset/Videos/D0226.mp4,motions/ang_hoang/d0226.json,features/ang_hoang/d0226.npz,0.9944,3.8705,60
phân vân,phan_van,Dataset/Videos/D0227.mp4,motions/phan_van/d0227.json,features/phan_van/d0227.npz,0.6662,4.9383,60
lau miệng,lau_mieng,Dataset/Videos/D0228.mp4,motions/lau_mieng/d0228.json,features/lau_mieng/d0228.npz,0.5538,4.2042,60
chó cắn,cho_can,Dataset/Videos/D0229.mp4,motions/cho_can/d0229.json,features/cho_can/d0229.npz,0.6543,3.1365,60
mèo cào,meo_cao,Dataset/Videos/D0230.mp4,motions/meo_cao/d0230.json,features/meo_cao/d0230.npz,0.6404,3.1365,60
quan hệ từ,quan_he_tu,Dataset/Videos/D0231.mp4,motions/quan_he_tu/d0231.json,features/quan_he_tu/d0231.npz,0.698,3.3033,60
yêu nước Việt Nam,yeu_nuoc_viet_nam,Dataset/Videos/D0232.mp4,motions/yeu_nuoc_viet_nam/d0232.json,features/yeu_nuoc_viet_nam/d0232.npz,0.6415,10.6773,60
quan (chức vụ),quan_chuc_vu,Dataset/Videos/D0233.mp4,motions/quan_chuc_vu/d0233.json,features/quan_chuc_vu/d0233.npz,0.6502,3.9373,60
đi tuần,i_tuan,Dataset/Videos/D0234.mp4,motions/i_tuan/d0234.json,features/i_tuan/d0234.npz,0.6678,4.5045,60
vỗ về,vo_ve,Dataset/Videos/D0235.mp4,motions/vo_ve/d0235.json,features/vo_ve/d0235.npz,0.6581,3.2032,60
hốt hoảng,hot_hoang,Dataset/Videos/D0236.mp4,motions/hot_hoang/d0236.json,features/hot_hoang/d0236.npz,0.541,3.8038,60
chuyện nhỏ,chuyen_nho,Dataset/Videos/D0237.mp4,motions/chuyen_nho/d0237.json,features/chuyen_nho/d0237.npz,0.5056,3.1365,60
chuyện lớn,chuyen_lon,Dataset/Videos/D0238.mp4,motions/chuyen_lon/d0238.json,features/chuyen_lon/d0238.npz,0.6139,4.4378,60
cái gùi,cai_gui,Dataset/Videos/D0239.mp4,motions/cai_gui/d0239.json,features/cai_gui/d0239.npz,0.969,2.8028,60
hùng vĩ,hung_vi,Dataset/Videos/D0240.mp4,motions/hung_vi/d0240.json,features/hung_vi/d0240.npz,0.977,6.6066,60
bất khuất,bat_khuat,Dataset/Videos/D0241.mp4,motions/bat_khuat/d0241.json,features/bat_khuat/d0241.npz,0.6606,5.2719,60
nhưng,nhung,Dataset/Videos/D0242B.mp4,motions/nhung/d0242b.json,features/nhung/d0242b.npz,0.9882,3.6703,60
nhưng,nhung,Dataset/Videos/D0242N.mp4,motions/nhung/d0242n.json,features/nhung/d0242n.npz,0.989,2.9696,60
nhưng,nhung,Dataset/Videos/D0242T.mp4,motions/nhung/d0242t.json,features/nhung/d0242t.npz,0.9852,3.6703,60
hay là (hoặc là),hay_la_hoac_la,Dataset/Videos/D0243B.mp4,motions/hay_la_hoac_la/d0243b.json,features/hay_la_hoac_la/d0243b.npz,0.9621,4.004,60
hay là (hoặc là),hay_la_hoac_la,Dataset/Videos/D0243N.mp4,motions/hay_la_hoac_la/d0243n.json,features/hay_la_hoac_la/d0243n.npz,0.988,3.6036,60
hay là (hoặc là),hay_la_hoac_la,Dataset/Videos/D0243T.mp4,motions/hay_la_hoac_la/d0243t.json,features/hay_la_hoac_la/d0243t.npz,0.985,3.6036,60
Thăng Long,thang_long,Dataset/Videos/D0244.mp4,motions/thang_long/d0244.json,features/thang_long/d0244.npz,0.5348,3.4034,60
dãy núi Hoàng Liên Sơn,day_nui_hoang_lien_son,Dataset/Videos/D0245.mp4,motions/day_nui_hoang_lien_son/d0245.json,features/day_nui_hoang_lien_son/d0245.npz,0.7043,4.0707,60
quanh năm,quanh_nam,Dataset/Videos/D0246.mp4,motions/quanh_nam/d0246.json,features/quanh_nam/d0246.npz,0.8265,4.9383,60
gấp đôi,gap_oi,Dataset/Videos/D0247.mp4,motions/gap_oi/d0247.json,features/gap_oi/d0247.npz,0.6956,2.636,60
gấp ba,gap_ba,Dataset/Videos/D0248.mp4,motions/gap_ba/d0248.json,features/gap_ba/d0248.npz,0.6164,3.7037,60
chia đôi,chia_oi,Dataset/Videos/D0249B.mp4,motions/chia_oi/d0249b.json,features/chia_oi/d0249b.npz,0.9772,3.8038,60
chia đôi,chia_oi,Dataset/Videos/D0249N.mp4,motions/chia_oi/d0249n.json,features/chia_oi/d0249n.npz,0.9707,3.3367,60
chia đôi,chia_oi,Dataset/Videos/D0249T.mp4,motions/chia_oi/d0249t.json,features/chia_oi/d0249t.npz,0.9715,3.8038,60
chia ba,chia_ba,Dataset/Videos/D0250B.mp4,motions/chia_ba/d0250b.json,features/chia_ba/d0250b.npz,0.9682,3.0697,60
chia ba,chia_ba,Dataset/Videos/D0250N.mp4,motions/chia_ba/d0250n.json,features/chia_ba/d0250n.npz,0.9656,3.4701,60
chia ba,chia_ba,Dataset/Videos/D0250T.mp4,motions/chia_ba/d0250t.json,features/chia_ba/d0250t.npz,0.9682,3.0697,60
"đi lạc (đường, rừng..)",i_lac_uong_rung,Dataset/Videos/D0251.mp4,motions/i_lac_uong_rung/d0251.json,features/i_lac_uong_rung/d0251.npz,0.9768,4.6713,60
mất (chết) (chỉ người),mat_chet_chi_nguoi,Dataset/Videos/D0252.mp4,motions/mat_chet_chi_nguoi/d0252.json,features/mat_chet_chi_nguoi/d0252.npz,0.9797,3.7371,60
đại sứ,ai_su,Dataset/Videos/D0253.mp4,motions/ai_su/d0253.json,features/ai_su/d0253.npz,0.9881,3.637,60
cảnh giác,canh_giac,Dataset/Videos/D0254.mp4,motions/canh_giac/d0254.json,features/canh_giac/d0254.npz,0.9825,5.5722,60
giám sát,giam_sat,Dataset/Videos/D0255.mp4,motions/giam_sat/d0255.json,features/giam_sat/d0255.npz,0.9806,3.9039,60
quan sát,quan_sat,Dataset/Videos/D0256.mp4,motions/quan_sat/d0256.json,features/quan_sat/d0256.npz,0.9871,4.2042,60
ăn vụng,an_vung,Dataset/Videos/D0257.mp4,motions/an_vung/d0257.json,features/an_vung/d0257.npz,0.9917,2.6026,60
xảy ra,xay_ra,Dataset/Videos/D0258.mp4,motions/xay_ra/d0258.json,features/xay_ra/d0258.npz,0.9779,3.4368,60
dự án,du_an,Dataset/Videos/D0259.mp4,motions/du_an/d0259.json,features/du_an/d0259.npz,0.9886,3.8038,60
đầu tư,au_tu,Dataset/Videos/D0260.mp4,motions/au_tu/d0260.json,features/au_tu/d0260.npz,0.9838,2.6693,60
năn nỉ,nan_ni,Dataset/Videos/D0261.mp4,motions/nan_ni/d0261.json,features/nan_ni/d0261.npz,0.968,4.0707,60
háo hức,hao_huc,Dataset/Videos/D0262.mp4,motions/hao_huc/d0262.json,features/hao_huc/d0262.npz,0.9442,4.4711,60
rắc rối,rac_roi,Dataset/Videos/D0263.mp4,motions/rac_roi/d0263.json,features/rac_roi/d0263.npz,0.9828,5.0384,60
tải về,tai_ve,Dataset/Videos/D0264.mp4,motions/tai_ve/d0264.json,features/tai_ve/d0264.npz,0.9404,4.004,60
nhõng nhẽo,nhong_nheo,Dataset/Videos/D0265.mp4,motions/nhong_nheo/d0265.json,features/nhong_nheo/d0265.npz,1.0,3.3033,60
hên/gặp may,hen_gap_may,Dataset/Videos/D0266.mp4,motions/hen_gap_may/d0266.json,features/hen_gap_may/d0266.npz,0.9823,3.6703,60
đen đủi,en_ui,Dataset/Videos/D0267B.mp4,motions/en_ui/d0267b.json,features/en_ui/d0267b.npz,0.9854,8.1748,60
xui xẻo,xui_xeo,Dataset/Videos/D0268N.mp4,motions/xui_xeo/d0268n.json,features/xui_xeo/d0268n.npz,0.9776,3.8705,60
long lanh (mắt),long_lanh_mat,Dataset/Videos/D0269.mp4,motions/long_lanh_mat/d0269.json,features/long_lanh_mat/d0269.npz,0.975,4.3377,60
lạnh lùng,lanh_lung,Dataset/Videos/D0270B.mp4,motions/lanh_lung/d0270b.json,features/lanh_lung/d0270b.npz,0.9819,3.6036,60
lạnh lùng,lanh_lung,Dataset/Videos/D0270N.mp4,motions/lanh_lung/d0270n.json,features/lanh_lung/d0270n.npz,0.9909,3.5702,60
lạnh lùng,lanh_lung,Dataset/Videos/D0270T.mp4,motions/lanh_lung/d0270t.json,features/lanh_lung/d0270t.npz,0.9819,3.6036,60
dỗi,doi,Dataset/Videos/D0271B.mp4,motions/doi/d0271b.json,features/doi/d0271b.npz,0.9944,3.9039,60
dỗi,doi,Dataset/Videos/D0271N.mp4,motions/doi/d0271n.json,features/doi/d0271n.npz,0.9955,4.8715,60
dỗi,doi,Dataset/Videos/D0271T.mp4,motions/doi/d0271t.json,features/doi/d0271t.npz,0.9978,4.8715,60
liếc nhìn,liec_nhin,Dataset/Videos/D0272B.mp4,motions/liec_nhin/d0272b.json,features/liec_nhin/d0272b.npz,0.9763,3.2032,60
liếc nhìn,liec_nhin,Dataset/Videos/D0272N.mp4,motions/liec_nhin/d0272n.json,features/liec_nhin/d0272n.npz,0.9835,2.636,60
liếc nhìn,liec_nhin,Dataset/Videos/D0272T.mp4,motions/liec_nhin/d0272t.json,features/liec_nhin/d0272t.npz,0.9763,3.2032,60
nhổ tóc,nho_toc,Dataset/Videos/D0273.mp4,motions/nho_toc/d0273.json,features/nho_toc/d0273.npz,0.9707,4.4378,60
nhổ râu,nho_rau,Dataset/Videos/D0274.mp4,motions/nho_rau/d0274.json,features/nho_rau/d0274.npz,0.9845,2.8028,60
nhổ lông mày,nho_long_may,Dataset/Videos/D0275.mp4,motions/nho_long_may/d0275.json,features/nho_long_may/d0275.npz,0.9819,3.6036,60
cắt lông mũi,cat_long_mui,Dataset/Videos/D0276.mp4,motions/cat_long_mui/d0276.json,features/cat_long_mui/d0276.npz,0.9905,4.5712,60
nhổ răng,nho_rang,Dataset/Videos/D0277.mp4,motions/nho_rang/d0277.json,features/nho_rang/d0277.npz,0.9839,3.37,60
răng hô,rang_ho,Dataset/Videos/D0278.mp4,motions/rang_ho/d0278.json,features/rang_ho/d0278.npz,0.9811,3.4368,60
răng khểnh,rang_khenh,Dataset/Videos/D0279.mp4,motions/rang_khenh/d0279.json,features/rang_khenh/d0279.npz,0.9869,3.3033,60
kháu khỉnh,khau_khinh,Dataset/Videos/D0280.mp4,motions/khau_khinh/d0280.json,features/khau_khinh/d0280.npz,0.959,3.9706,60
mọc tóc,moc_toc,Dataset/Videos/D0281.mp4,motions/moc_toc/d0281.json,features/moc_toc/d0281.npz,0.9753,2.636,60
mọc râu,moc_rau,Dataset/Videos/D0282.mp4,motions/moc_rau/d0282.json,features/moc_rau/d0282.npz,0.9839,3.37,60
mọc ria mép,moc_ria_mep,Dataset/Videos/D0283.mp4,motions/moc_ria_mep/d0283.json,features/moc_ria_mep/d0283.npz,0.9829,2.5359,60
Cô vy (covid),co_vy_covid,Dataset/Videos/D0284.mp4,motions/co_vy_covid/d0284.json,features/co_vy_covid/d0284.npz,0.8682,3.7037,60
Cố đô Huế,co_o_hue,Dataset/Videos/D0285.mp4,motions/co_o_hue/d0285.json,features/co_o_hue/d0285.npz,0.675,4.6046,60
cách ly,cach_ly,Dataset/Videos/D0286.mp4,motions/cach_ly/d0286.json,features/cach_ly/d0286.npz,0.6366,5.372,60
giãn cách xã hội,gian_cach_xa_hoi,Dataset/Videos/D0287.mp4,motions/gian_cach_xa_hoi/d0287.json,features/gian_cach_xa_hoi/d0287.npz,0.8454,4.1375,60
tương lai,tuong_lai,Dataset/Videos/D0288.mp4,motions/tuong_lai/d0288.json,features/tuong_lai/d0288.npz,0.9801,3.2699,60
ria mép,ria_mep,Dataset/Videos/D0289.mp4,motions/ria_mep/d0289.json,features/ria_mep/d0289.npz,0.9631,3.2366,60
trong khoảng,trong_khoang,Dataset/Videos/D0290.mp4,motions/trong_khoang/d0290.json,features/trong_khoang/d0290.npz,0.9845,3.5035,60
trốn tìm,tron_tim,Dataset/Videos/D0291.mp4,motions/tron_tim/d0291.json,features/tron_tim/d0291.npz,0.924,4.1375,60
nhảy bao bố,nhay_bao_bo,Dataset/Videos/D0292.mp4,motions/nhay_bao_bo/d0292.json,features/nhay_bao_bo/d0292.npz,0.978,4.4378,60
nhảy lò cò,nhay_lo_co,Dataset/Videos/D0293.mp4,motions/nhay_lo_co/d0293.json,features/nhay_lo_co/d0293.npz,0.9841,4.1041,60
kéo co,keo_co,Dataset/Videos/D0294.mp4,motions/keo_co/d0294.json,features/keo_co/d0294.npz,0.9573,3.3033,60
hội thoại,hoi_thoai,Dataset/Videos/D0295.mp4,motions/hoi_thoai/d0295.json,features/hoi_thoai/d0295.npz,0.9789,3.6036,60
lý do,ly_do,Dataset/Videos/D0296.mp4,motions/ly_do/d0296.json,features/ly_do/d0296.npz,0.9963,2.9696,60
lớn hơn 1 (Toán học),lon_hon_1_toan_hoc,Dataset/Videos/D0297.mp4,motions/lon_hon_1_toan_hoc/d0297.json,features/lon_hon_1_toan_hoc/d0297.npz,0.9655,3.7704,60
lớn hơn 2 (Toán học),lon_hon_2_toan_hoc,Dataset/Videos/D0298.mp4,motions/lon_hon_2_toan_hoc/d0298.json,features/lon_hon_2_toan_hoc/d0298.npz,0.9771,2.8362,60
2 < 5 (Toán học),2_5_toan_hoc,Dataset/Videos/D0299.mp4,motions/2_5_toan_hoc/d0299.json,features/2_5_toan_hoc/d0299.npz,0.6153,5.2719,60
tỉnh táo,tinh_tao,Dataset/Videos/D0300.mp4,motions/tinh_tao/d0300.json,features/tinh_tao/d0300.npz,0.9726,3.1698,60
nhộn nhịp (đông người),nhon_nhip_ong_nguoi,Dataset/Videos/D0301.mp4,motions/nhon_nhip_ong_nguoi/d0301.json,features/nhon_nhip_ong_nguoi/d0301.npz,0.9529,4.6046,60
áo kẻ sọc,ao_ke_soc,Dataset/Videos/D0302.mp4,motions/ao_ke_soc/d0302.json,features/ao_ke_soc/d0302.npz,0.9846,4.2376,60
đất nước bị chia cắt (Việt Nam),at_nuoc_bi_chia_cat_viet_nam,Dataset/Videos/D0303.mp4,motions/at_nuoc_bi_chia_cat_viet_nam/d0303.json,features/at_nuoc_bi_chia_cat_viet_nam/d0303.npz,0.983,5.1051,60
thống nhất đất nước,thong_nhat_at_nuoc,Dataset/Videos/D0304.mp4,motions/thong_nhat_at_nuoc/d0304.json,features/thong_nhat_at_nuoc/d0304.npz,0.9133,3.003,60
khoáng sản,khoang_san,Dataset/Videos/D0305.mp4,motions/khoang_san/d0305.json,features/khoang_san/d0305.npz,0.9941,3.7037,60
thương mại,thuong_mai,Dataset/Videos/D0306.mp4,motions/thuong_mai/d0306.json,features/thuong_mai/d0306.npz,0.9814,3.5035,60
công nghiệp,cong_nghiep,Dataset/Videos/D0307B.mp4,motions/cong_nghiep/d0307b.json,features/cong_nghiep/d0307b.npz,0.9441,3.1031,60
công nghiệp,cong_nghiep,Dataset/Videos/D0307N.mp4,motions/cong_nghiep/d0307n.json,features/cong_nghiep/d0307n.npz,0.9531,3.4701,60
công nghiệp,cong_nghiep,Dataset/Videos/D0307T.mp4,motions/cong_nghiep/d0307t.json,features/cong_nghiep/d0307t.npz,0.9656,3.4701,60
dân tộc Chăm,dan_toc_cham,Dataset/Videos/D0308.mp4,motions/dan_toc_cham/d0308.json,features/dan_toc_cham/d0308.npz,0.9757,3.5702,60
dân tộc Mường,dan_toc_muong,Dataset/Videos/D0309.mp4,motions/dan_toc_muong/d0309.json,features/dan_toc_muong/d0309.npz,1.0,4.2042,60
dân tộc Khơ me,dan_toc_kho_me,Dataset/Videos/D0310.mp4,motions/dan_toc_kho_me/d0310.json,features/dan_toc_kho_me/d0310.npz,0.9677,4.371,60
dân tộc Thái,dan_toc_thai,Dataset/Videos/D0311.mp4,motions/dan_toc_thai/d0311.json,features/dan_toc_thai/d0311.npz,0.9879,3.5702,60
dân tộc Mông,dan_toc_mong,Dataset/Videos/D0312.mp4,motions/dan_toc_mong/d0312.json,features/dan_toc_mong/d0312.npz,0.9806,3.9039,60
nhà rông,nha_rong,Dataset/Videos/D0313.mp4,motions/nha_rong/d0313.json,features/nha_rong/d0313.npz,0.9826,3.7371,60
lãng phí,lang_phi,Dataset/Videos/D0314.mp4,motions/lang_phi/d0314.json,features/lang_phi/d0314.npz,0.988,3.6036,60
tiến bộ,tien_bo,Dataset/Videos/D0315.mp4,motions/tien_bo/d0315.json,features/tien_bo/d0315.npz,0.9807,3.9373,60
Lượm,luom,Dataset/Videos/D0316.mp4,motions/luom/d0316.json,features/luom/d0316.npz,0.9842,3.4368,60
cứu sống,cuu_song,Dataset/Videos/D0317.mp4,motions/cuu_song/d0317.json,features/cuu_song/d0317.npz,0.9546,3.1031,60
máy xúc,may_xuc,Dataset/Videos/D0318.mp4,motions/may_xuc/d0318.json,features/may_xuc/d0318.npz,0.954,3.3033,60
cảng Hải Phòng,cang_hai_phong,Dataset/Videos/D0319.mp4,motions/cang_hai_phong/d0319.json,features/cang_hai_phong/d0319.npz,0.9426,2.8362,60
cảng Sài Gòn,cang_sai_gon,Dataset/Videos/D0320.mp4,motions/cang_sai_gon/d0320.json,features/cang_sai_gon/d0320.npz,0.9428,4.1708,60
kim cương,kim_cuong,Dataset/Videos/D0321.mp4,motions/kim_cuong/d0321.json,features/kim_cuong/d0321.npz,0.9847,3.5369,60
phân biệt,phan_biet,Dataset/Videos/D0322.mp4,motions/phan_biet/d0322.json,features/phan_biet/d0322.npz,0.9514,2.9029,60
không bình đẳng,khong_binh_ang,Dataset/Videos/D0323.mp4,motions/khong_binh_ang/d0323.json,features/khong_binh_ang/d0323.npz,0.9682,3.0697,60
đùm bọc,um_boc,Dataset/Videos/D0324.mp4,motions/um_boc/d0324.json,features/um_boc/d0324.npz,0.9743,3.8038,60
khởi nghiệp,khoi_nghiep,Dataset/Videos/D0325.mp4,motions/khoi_nghiep/d0325.json,features/khoi_nghiep/d0325.npz,0.9873,3.4034,60
vải lụa,vai_lua,Dataset/Videos/D0326B.mp4,motions/vai_lua/d0326b.json,features/vai_lua/d0326b.npz,0.98,3.8038,60
vải lụa,vai_lua,Dataset/Videos/D0326N.mp4,motions/vai_lua/d0326n.json,features/vai_lua/d0326n.npz,0.9672,3.9706,60
vải lụa,vai_lua,Dataset/Videos/D0326T.mp4,motions/vai_lua/d0326t.json,features/vai_lua/d0326t.npz,0.9686,3.8038,60
lượt đi,luot_i,Dataset/Videos/D0327.mp4,motions/luot_i/d0327.json,features/luot_i/d0327.npz,0.9821,3.637,60
lượt về (trong thể thao),luot_ve_trong_the_thao,Dataset/Videos/D0328.mp4,motions/luot_ve_trong_the_thao/d0328.json,features/luot_ve_trong_the_thao/d0328.npz,0.9891,3.9706,60
rau diếp cá,rau_diep_ca,Dataset/Videos/D0329.mp4,motions/rau_diep_ca/d0329.json,features/rau_diep_ca/d0329.npz,0.9569,2.7694,60
rau ngò/rau mùi,rau_ngo_rau_mui,Dataset/Videos/D0330.mp4,motions/rau_ngo_rau_mui/d0330.json,features/rau_ngo_rau_mui/d0330.npz,0.9775,3.37,60
thao thức,thao_thuc,Dataset/Videos/D0331.mp4,motions/thao_thuc/d0331.json,features/thao_thuc/d0331.npz,0.9783,10.01,60
thâm quầng mắt,tham_quang_mat,Dataset/Videos/D0332.mp4,motions/tham_quang_mat/d0332.json,features/tham_quang_mat/d0332.npz,0.9852,3.6703,60
tự hào,tu_hao,Dataset/Videos/D0333.mp4,motions/tu_hao/d0333.json,features/tu_hao/d0333.npz,0.9918,3.9706,60
quyên góp,quyen_gop,Dataset/Videos/D0334.mp4,motions/quyen_gop/d0334.json,features/quyen_gop/d0334.npz,0.985,3.6036,60
chia rẽ,chia_re,Dataset/Videos/D0335.mp4,motions/chia_re/d0335.json,features/chia_re/d0335.npz,0.9922,8.375,60
tự trọng,tu_trong,Dataset/Videos/D0336.mp4,motions/tu_trong/d0336.json,features/tu_trong/d0336.npz,0.9905,3.4368,60
gian dối,gian_doi,Dataset/Videos/D0337.mp4,motions/gian_doi/d0337.json,features/gian_doi/d0337.npz,0.9912,4.9049,60
ăn bám,an_bam,Dataset/Videos/D0338.mp4,motions/an_bam/d0338.json,features/an_bam/d0338.npz,0.9735,3.2699,60
tuyên truyền,tuyen_truyen,Dataset/Videos/D0339.mp4,motions/tuyen_truyen/d0339.json,features/tuyen_truyen/d0339.npz,0.969,3.5035,60
thịnh vượng,thinh_vuong,Dataset/Videos/D0340.mp4,motions/thinh_vuong/d0340.json,features/thinh_vuong/d0340.npz,0.9842,3.4368,60
lấm lem,lam_lem,Dataset/Videos/D0341.mp4,motions/lam_lem/d0341.json,features/lam_lem/d0341.npz,0.9881,3.637,60
ham chơi,ham_choi,Dataset/Videos/D0342B.mp4,motions/ham_choi/d0342b.json,features/ham_choi/d0342b.npz,0.9699,3.6036,60
ham chơi,ham_choi,Dataset/Videos/D0342N.mp4,motions/ham_choi/d0342n.json,features/ham_choi/d0342n.npz,0.9632,3.5369,60
ham chơi,ham_choi,Dataset/Videos/D0342T.mp4,motions/ham_choi/d0342t.json,features/ham_choi/d0342t.npz,0.9669,3.6036,60
đánh cầu lông,anh_cau_long,Dataset/Videos/D0343.mp4,motions/anh_cau_long/d0343.json,features/anh_cau_long/d0343.npz,0.9536,3.9706,60
cánh buồm,canh_buom,Dataset/Videos/D0344.mp4,motions/canh_buom/d0344.json,features/canh_buom/d0344.npz,0.9709,4.4711,60
cầu Thê Húc (Hồ Gươm),cau_the_huc_ho_guom,Dataset/Videos/D0345.mp4,motions/cau_the_huc_ho_guom/d0345.json,features/cau_the_huc_ho_guom/d0345.npz,0.985,4.3377,60
da trắng,da_trang,Dataset/Videos/D0346B.mp4,motions/da_trang/d0346b.json,features/da_trang/d0346b.npz,0.9905,3.4368,60
da trắng,da_trang,Dataset/Videos/D0346N.mp4,motions/da_trang/d0346n.json,features/da_trang/d0346n.npz,0.9746,4.2709,60
da trắng,da_trang,Dataset/Videos/D0346T.mp4,motions/da_trang/d0346t.json,features/da_trang/d0346t.npz,0.9746,4.2709,60
da ngăm (nước da ngăm đen),da_ngam_nuoc_da_ngam_en,Dataset/Videos/D0347B.mp4,motions/da_ngam_nuoc_da_ngam_en/d0347b.json,features/da_ngam_nuoc_da_ngam_en/d0347b.npz,0.9891,3.9706,60
da ngăm (nước da ngăm đen),da_ngam_nuoc_da_ngam_en,Dataset/Videos/D0347N.mp4,motions/da_ngam_nuoc_da_ngam_en/d0347n.json,features/da_ngam_nuoc_da_ngam_en/d0347n.npz,0.9765,3.2366,60
da ngăm (nước da ngăm đen),da_ngam_nuoc_da_ngam_en,Dataset/Videos/D0347T.mp4,motions/da_ngam_nuoc_da_ngam_en/d0347t.json,features/da_ngam_nuoc_da_ngam_en/d0347t.npz,0.9799,3.2366,60
tuần trăng mật,tuan_trang_mat,Dataset/Videos/D0348.mp4,motions/tuan_trang_mat/d0348.json,features/tuan_trang_mat/d0348.npz,0.9786,3.0364,60
năm tới,nam_toi,Dataset/Videos/D0349.mp4,motions/nam_toi/d0349.json,features/nam_toi/d0349.npz,0.9707,3.7037,60
Hoãn,hoan,Dataset/Videos/D0350.mp4,motions/hoan/d0350.json,features/hoan/d0350.npz,0.9764,3.6703,60
huỷ,huy,Dataset/Videos/D0351.mp4,motions/huy/d0351.json,features/huy/d0351.npz,0.9683,2.7361,60
phụ thuộc,phu_thuoc,Dataset/Videos/D0352.mp4,motions/phu_thuoc/d0352.json,features/phu_thuoc/d0352.npz,0.9885,3.7704,60
thuộc địa,thuoc_ia,Dataset/Videos/D0353.mp4,motions/thuoc_ia/d0353.json,features/thuoc_ia/d0353.npz,0.9839,3.37,60
tẩy chay,tay_chay,Dataset/Videos/D0354.mp4,motions/tay_chay/d0354.json,features/tay_chay/d0354.npz,0.9823,3.0697,60
đau mắt,au_mat,Dataset/Videos/D0355.mp4,motions/au_mat/d0355.json,features/au_mat/d0355.npz,0.9875,3.4701,60
đau bụng,au_bung,Dataset/Videos/D0356.mp4,motions/au_bung/d0356.json,features/au_bung/d0356.npz,0.997,3.6703,60
đau tay,au_tay,Dataset/Videos/D0357.mp4,motions/au_tay/d0357.json,features/au_tay/d0357.npz,0.9907,3.5035,60
đau chân,au_chan,Dataset/Videos/D0358.mp4,motions/au_chan/d0358.json,features/au_chan/d0358.npz,0.9927,2.9696,60
đau tai,au_tai,Dataset/Videos/D0359.mp4,motions/au_tai/d0359.json,features/au_tai/d0359.npz,0.9947,4.0707,60
phẫu thuật tay,phau_thuat_tay,Dataset/Videos/D0360.mp4,motions/phau_thuat_tay/d0360.json,features/phau_thuat_tay/d0360.npz,0.9859,3.8372,60
phẫu thuật chân,phau_thuat_chan,Dataset/Videos/D0361.mp4,motions/phau_thuat_chan/d0361.json,features/phau_thuat_chan/d0361.npz,0.9921,4.1375,60
phẫu thuật mắt,phau_thuat_mat,Dataset/Videos/D0362.mp4,motions/phau_thuat_mat/d0362.json,features/phau_thuat_mat/d0362.npz,0.9814,3.5035,60
phẫu thuật mũi,phau_thuat_mui,Dataset/Videos/D0363.mp4,motions/phau_thuat_mui/d0363.json,features/phau_thuat_mui/d0363.npz,0.9799,2.7027,60
phẫu thuật cổ,phau_thuat_co,Dataset/Videos/D0364.mp4,motions/phau_thuat_co/d0364.json,features/phau_thuat_co/d0364.npz,0.9867,3.2699,60
phẫu thuật bụng,phau_thuat_bung,Dataset/Videos/D0365.mp4,motions/phau_thuat_bung/d0365.json,features/phau_thuat_bung/d0365.npz,1.0,3.6703,60
bệnh phong/cùi,benh_phong_cui,Dataset/Videos/D0366.mp4,motions/benh_phong_cui/d0366.json,features/benh_phong_cui/d0366.npz,0.9913,3.7371,60
hội chứng Đao - Down,hoi_chung_ao_down,Dataset/Videos/D0367.mp4,motions/hoi_chung_ao_down/d0367.json,features/hoi_chung_ao_down/d0367.npz,0.9732,3.637,60
bệnh Đao - Down,benh_ao_down,Dataset/Videos/D03671.mp4,motions/benh_ao_down/d03671.json,features/benh_ao_down/d03671.npz,0.9437,2.5025,60
mệt mỏi,met_moi,Dataset/Videos/D0369.mp4,motions/met_moi/d0369.json,features/met_moi/d0369.npz,0.9964,6.1061,60
mệt không?,met_khong,Dataset/Videos/D0370.mp4,motions/met_khong/d0370.json,features/met_khong/d0370.npz,0.9955,2.4024,60
đói không?,oi_khong,Dataset/Videos/D0371.mp4,motions/oi_khong/d0371.json,features/oi_khong/d0371.npz,1.0,3.9706,60
cả ngày,ca_ngay,Dataset/Videos/D0372.mp4,motions/ca_ngay/d0372.json,features/ca_ngay/d0372.npz,0.9707,3.7037,60
chiên/rán (1)(2),chien_ran_1_2,Dataset/Videos/D0373.mp4,motions/chien_ran_1_2/d0373.json,features/chien_ran_1_2/d0373.npz,0.9933,8.0747,60
nướng,nuong,Dataset/Videos/D0374.mp4,motions/nuong/d0374.json,features/nuong/d0374.npz,0.9795,3.1698,60
luộc,luoc,Dataset/Videos/D0375.mp4,motions/luoc/d0375.json,features/luoc/d0375.npz,0.9817,2.9696,60
xào,xao,Dataset/Videos/D0376.mp4,motions/xao/d0376.json,features/xao/d0376.npz,0.9478,7.4741,60
lẩu,lau,Dataset/Videos/D0377.mp4,motions/lau/d0377.json,features/lau/d0377.npz,0.9847,3.5369,60
gỏi/nộm,goi_nom,Dataset/Videos/D0378.mp4,motions/goi_nom/d0378.json,features/goi_nom/d0378.npz,0.9938,3.5035,60
nhà kho,nha_kho,Dataset/Videos/D0379.mp4,motions/nha_kho/d0379.json,features/nha_kho/d0379.npz,0.9678,4.0374,60
hấp,hap,Dataset/Videos/D0380.mp4,motions/hap/d0380.json,features/hap/d0380.npz,0.9914,3.8038,60
thối,thoi,Dataset/Videos/D0381.mp4,motions/thoi/d0381.json,features/thoi/d0381.npz,0.9716,3.4368,60
thiu,thiu,Dataset/Videos/D0382.mp4,motions/thiu/d0382.json,features/thiu/d0382.npz,0.9876,5.2386,60
nguội,nguoi,Dataset/Videos/D0383.mp4,motions/nguoi/d0383.json,features/nguoi/d0383.npz,0.9954,4.7381,60
ngán,ngan,Dataset/Videos/D0384.mp4,motions/ngan/d0384.json,features/ngan/d0384.npz,0.998,5.5055,60
tôm hùm,tom_hum,Dataset/Videos/D0385.mp4,motions/tom_hum/d0385.json,features/tom_hum/d0385.npz,0.9731,4.4378,60
cua đồng,cua_ong,Dataset/Videos/D0386.mp4,motions/cua_ong/d0386.json,features/cua_ong/d0386.npz,0.9754,3.9706,60
con hàu,con_hau,Dataset/Videos/D0387.mp4,motions/con_hau/d0387.json,features/con_hau/d0387.npz,0.9797,4.2709,60
hải sản,hai_san,Dataset/Videos/D0388.mp4,motions/hai_san/d0388.json,features/hai_san/d0388.npz,0.9898,4.2376,60
vịt quay,vit_quay,Dataset/Videos/D0389.mp4,motions/vit_quay/d0389.json,features/vit_quay/d0389.npz,0.9684,3.7704,60
gà nướng lu,ga_nuong_lu,Dataset/Videos/D0390.mp4,motions/ga_nuong_lu/d0390.json,features/ga_nuong_lu/d0390.npz,0.9807,4.5045,60
bánh hamburger,banh_hamburger,Dataset/Videos/D0391.mp4,motions/banh_hamburger/d0391.json,features/banh_hamburger/d0391.npz,0.9744,4.2376,60
bánh sandwich,banh_sandwich,Dataset/Videos/D0392.mp4,motions/banh_sandwich/d0392.json,features/banh_sandwich/d0392.npz,0.887,3.0697,60
bánh canh,banh_canh,Dataset/Videos/D0393.mp4,motions/banh_canh/d0393.json,features/banh_canh/d0393.npz,0.9945,3.9373,60
miến,mien,Dataset/Videos/D0394.mp4,motions/mien/d0394.json,features/mien/d0394.npz,0.9973,3.9706,60
"nước ép (cam, cà chua,..)",nuoc_ep_cam_ca_chua,Dataset/Videos/D0395.mp4,motions/nuoc_ep_cam_ca_chua/d0395.json,features/nuoc_ep_cam_ca_chua/d0395.npz,0.9904,3.4034,60
nước ép trái cây,nuoc_ep_trai_cay,Dataset/Videos/D0396B.mp4,motions/nuoc_ep_trai_cay/d0396b.json,features/nuoc_ep_trai_cay/d0396b.npz,0.9886,4.7381,60
nước ép trái cây,nuoc_ep_trai_cay,Dataset/Videos/D0396N.mp4,motions/nuoc_ep_trai_cay/d0396n.json,features/nuoc_ep_trai_cay/d0396n.npz,0.9828,5.0384,60
nước ép trái cây,nuoc_ep_trai_cay,Dataset/Videos/D0396T.mp4,motions/nuoc_ep_trai_cay/d0396t.json,features/nuoc_ep_trai_cay/d0396t.npz,0.9763,5.0384,60
"sinh tố (bơ, dâu,..)",sinh_to_bo_dau,Dataset/Videos/D0397.mp4,motions/sinh_to_bo_dau/d0397.json,features/sinh_to_bo_dau/d0397.npz,0.987,4.1708,60
vắt chanh,vat_chanh,Dataset/Videos/D0398.mp4,motions/vat_chanh/d0398.json,features/vat_chanh/d0398.npz,0.9812,4.0374,60
mía,mia,Dataset/Videos/D0399.mp4,motions/mia/d0399.json,features/mia/d0399.npz,0.9553,4.6046,60
chanh đá,chanh_a,Dataset/Videos/D0400.mp4,motions/chanh_a/d0400.json,features/chanh_a/d0400.npz,0.9275,3.7371,60
chanh nóng,chanh_nong,Dataset/Videos/D0401.mp4,motions/chanh_nong/d0401.json,features/chanh_nong/d0401.npz,0.9886,3.8038,60
chanh muối,chanh_muoi,Dataset/Videos/D0402.mp4,motions/chanh_muoi/d0402.json,features/chanh_muoi/d0402.npz,0.9882,3.6703,60
trà đá,tra_a,Dataset/Videos/D0403.mp4,motions/tra_a/d0403.json,features/tra_a/d0403.npz,0.9764,2.3023,60
trà nóng,tra_nong,Dataset/Videos/D0404.mp4,motions/tra_nong/d0404.json,features/tra_nong/d0404.npz,0.9873,4.2709,60
trà sữa,tra_sua,Dataset/Videos/D0405.mp4,motions/tra_sua/d0405.json,features/tra_sua/d0405.npz,0.9878,4.4378,60
Socola,socola,Dataset/Videos/D0406.mp4,motions/socola/d0406.json,features/socola/d0406.npz,0.9819,3.6036,60
Cocacola,cocacola,Dataset/Videos/D0407.mp4,motions/cocacola/d0407.json,features/cocacola/d0407.npz,0.9891,3.9706,60
7up,7up,Dataset/Videos/D0408.mp4,motions/7up/d0408.json,features/7up/d0408.npz,0.9884,3.7371,60
một tiết học,mot_tiet_hoc,Dataset/Videos/D0409.mp4,motions/mot_tiet_hoc/d0409.json,features/mot_tiet_hoc/d0409.npz,0.984,4.0707,60
một tiếng,mot_tieng,Dataset/Videos/D0410B.mp4,motions/mot_tieng/d0410b.json,features/mot_tieng/d0410b.npz,0.9949,4.2709,60
một tiếng,mot_tieng,Dataset/Videos/D0410N.mp4,motions/mot_tieng/d0410n.json,features/mot_tieng/d0410n.npz,0.9807,2.8028,60
một tiếng,mot_tieng,Dataset/Videos/D0410T.mp4,motions/mot_tieng/d0410t.json,features/mot_tieng/d0410t.npz,0.9807,2.8028,60
chung tay,chung_tay,Dataset/Videos/D0411.mp4,motions/chung_tay/d0411.json,features/chung_tay/d0411.npz,0.9452,2.9696,60
rửa chân,rua_chan,Dataset/Videos/D0412.mp4,motions/rua_chan/d0412.json,features/rua_chan/d0412.npz,0.9859,3.0697,60
rửa mặt,rua_mat,Dataset/Videos/D0413.mp4,motions/rua_mat/d0413.json,features/rua_mat/d0413.npz,0.9572,4.3043,60
đánh răng,anh_rang,Dataset/Videos/D0414.mp4,motions/anh_rang/d0414.json,features/anh_rang/d0414.npz,0.9629,3.8038,60
tuần này,tuan_nay,Dataset/Videos/D0416B.mp4,motions/tuan_nay/d0416b.json,features/tuan_nay/d0416b.npz,0.9702,3.637,60
tuần này,tuan_nay,Dataset/Videos/D0416N.mp4,motions/tuan_nay/d0416n.json,features/tuan_nay/d0416n.npz,0.9814,3.5035,60
tuần này,tuan_nay,Dataset/Videos/D0416T.mp4,motions/tuan_nay/d0416t.json,features/tuan_nay/d0416t.npz,0.9783,3.5035,60
tuần sau,tuan_sau,Dataset/Videos/D0417B.mp4,motions/tuan_sau/d0417b.json,features/tuan_sau/d0417b.npz,0.9852,3.6703,60
tuần sau,tuan_sau,Dataset/Videos/D0417N.mp4,motions/tuan_sau/d0417n.json,features/tuan_sau/d0417n.npz,0.9885,3.7704,60
tuần sau,tuan_sau,Dataset/Videos/D0417T.mp4,motions/tuan_sau/d0417t.json,features/tuan_sau/d0417t.npz,0.9856,3.7704,60
tuần trước,tuan_truoc,Dataset/Videos/D0418B.mp4,motions/tuan_truoc/d0418b.json,features/tuan_truoc/d0418b.npz,0.9841,4.1041,60
tuần trước,tuan_truoc,Dataset/Videos/D0418N.mp4,motions/tuan_truoc/d0418n.json,features/tuan_truoc/d0418n.npz,0.9683,3.1031,60
tuần trước,tuan_truoc,Dataset/Videos/D0418T.mp4,motions/tuan_truoc/d0418t.json,features/tuan_truoc/d0418t.npz,0.9834,3.2699,60
cuối tuần,cuoi_tuan,Dataset/Videos/D0419.mp4,motions/cuoi_tuan/d0419.json,features/cuoi_tuan/d0419.npz,0.7739,3.8372,60
cuối tháng,cuoi_thang,Dataset/Videos/D0420.mp4,motions/cuoi_thang/d0420.json,features/cuoi_thang/d0420.npz,0.7743,3.6036,60
cuối năm,cuoi_nam,Dataset/Videos/D0421.mp4,motions/cuoi_nam/d0421.json,features/cuoi_nam/d0421.npz,0.675,4.2042,60
mục tiêu,muc_tieu,Dataset/Videos/D0422.mp4,motions/muc_tieu/d0422.json,features/muc_tieu/d0422.npz,0.7256,4.5045,60
sinh đôi,sinh_oi,Dataset/Videos/D0423B.mp4,motions/sinh_oi/d0423b.json,features/sinh_oi/d0423b.npz,0.9653,3.4368,60
sinh đôi,sinh_oi,Dataset/Videos/D0423N.mp4,motions/sinh_oi/d0423n.json,features/sinh_oi/d0423n.npz,0.9902,3.3033,60
sinh đôi,sinh_oi,Dataset/Videos/D0423T.mp4,motions/sinh_oi/d0423t.json,features/sinh_oi/d0423t.npz,0.9748,3.4368,60
đôi/cặp,oi_cap,Dataset/Videos/D0424.mp4,motions/oi_cap/d0424.json,features/oi_cap/d0424.npz,0.5514,4.0374,60
Đảng,ang,Dataset/Videos/D0425.mp4,motions/ang/d0425.json,features/ang/d0425.npz,0.7532,3.6036,60
mô tả,mo_ta,Dataset/Videos/D0426.mp4,motions/mo_ta/d0426.json,features/mo_ta/d0426.npz,0.8206,4.1708,60
mũm mĩm,mum_mim,Dataset/Videos/D0427.mp4,motions/mum_mim/d0427.json,features/mum_mim/d0427.npz,0.9662,4.1708,60
tóc dài,toc_dai,Dataset/Videos/D0428.mp4,motions/toc_dai/d0428.json,features/toc_dai/d0428.npz,0.9912,3.7037,60
tóc ngắn,toc_ngan,Dataset/Videos/D0429B.mp4,motions/toc_ngan/d0429b.json,features/toc_ngan/d0429b.npz,0.9797,3.7371,60
tóc ngắn,toc_ngan,Dataset/Videos/D0429N.mp4,motions/toc_ngan/d0429n.json,features/toc_ngan/d0429n.npz,0.9776,2.9029,60
tóc ngắn,toc_ngan,Dataset/Videos/D0429T.mp4,motions/toc_ngan/d0429t.json,features/toc_ngan/d0429t.npz,0.9826,3.7371,60
tổng kết/bế giảng,tong_ket_be_giang,Dataset/Videos/D0430B.mp4,motions/tong_ket_be_giang/d0430b.json,features/tong_ket_be_giang/d0430b.npz,0.958,5.9393,60
tổng kết/bế giảng,tong_ket_be_giang,Dataset/Videos/D0430N.mp4,motions/tong_ket_be_giang/d0430n.json,features/tong_ket_be_giang/d0430n.npz,0.9617,5.9393,60
tổng kết/bế giảng,tong_ket_be_giang,Dataset/Videos/D0430T.mp4,motions/tong_ket_be_giang/d0430t.json,features/tong_ket_be_giang/d0430t.npz,0.9431,2.6693,60
lốc xoáy,loc_xoay,Dataset/Videos/D0431.mp4,motions/loc_xoay/d0431.json,features/loc_xoay/d0431.npz,0.675,4.0374,60
tay chân sạch sẽ,tay_chan_sach_se,Dataset/Videos/D0432B.mp4,motions/tay_chan_sach_se/d0432b.json,features/tay_chan_sach_se/d0432b.npz,0.9819,10.2102,60
tay chân sạch sẽ,tay_chan_sach_se,Dataset/Videos/D0432N.mp4,motions/tay_chan_sach_se/d0432n.json,features/tay_chan_sach_se/d0432n.npz,0.969,4.2042,60
tay chân sạch sẽ,tay_chan_sach_se,Dataset/Videos/D0432T.mp4,motions/tay_chan_sach_se/d0432t.json,features/tay_chan_sach_se/d0432t.npz,0.9819,10.2102,60
nhắm mắt,nham_mat,Dataset/Videos/D0433.mp4,motions/nham_mat/d0433.json,features/nham_mat/d0433.npz,0.7416,4.0707,60
sờ,so,Dataset/Videos/D0434.mp4,motions/so/d0434.json,features/so/d0434.npz,0.7343,4.2042,60
cây nến,cay_nen,Dataset/Videos/D0435.mp4,motions/cay_nen/d0435.json,features/cay_nen/d0435.npz,0.661,3.8705,60
dịu dàng,diu_dang,Dataset/Videos/D0436.mp4,motions/diu_dang/d0436.json,features/diu_dang/d0436.npz,0.9926,4.371,60
đùa,ua,Dataset/Videos/D0437B.mp4,motions/ua/d0437b.json,features/ua/d0437b.npz,0.9947,4.1041,60
đùa,ua,Dataset/Videos/D0437N.mp4,motions/ua/d0437n.json,features/ua/d0437n.npz,0.9716,2.6693,60
đùa,ua,Dataset/Videos/D0437T.mp4,motions/ua/d0437t.json,features/ua/d0437t.npz,0.9675,2.6693,60
làm được,lam_uoc,Dataset/Videos/D0438.mp4,motions/lam_uoc/d0438.json,features/lam_uoc/d0438.npz,0.9773,3.3367,60
dòng sông chảy,dong_song_chay,Dataset/Videos/D0439.mp4,motions/dong_song_chay/d0439.json,features/dong_song_chay/d0439.npz,0.6721,3.7037,60
ăn đủ,an_u,Dataset/Videos/D0440.mp4,motions/an_u/d0440.json,features/an_u/d0440.npz,0.4992,3.2699,60
ăn vừa,an_vua,Dataset/Videos/D0441.mp4,motions/an_vua/d0441.json,features/an_vua/d0441.npz,0.498,4.1041,60
ăn ít,an_it,Dataset/Videos/D0442.mp4,motions/an_it/d0442.json,features/an_it/d0442.npz,0.5601,2.7361,60
đồ uống,o_uong,Dataset/Videos/D0443.mp4,motions/o_uong/d0443.json,features/o_uong/d0443.npz,0.6845,3.4368,60
đồ ăn,o_an,Dataset/Videos/D0444.mp4,motions/o_an/d0444.json,features/o_an/d0444.npz,0.6607,3.8038,60
trang điểm,trang_iem,Dataset/Videos/D0445.mp4,motions/trang_iem/d0445.json,features/trang_iem/d0445.npz,0.9865,4.004,60
đau mắt đỏ,au_mat_o,Dataset/Videos/D0446.mp4,motions/au_mat_o/d0446.json,features/au_mat_o/d0446.npz,0.9884,4.6713,60
cái vợt cá,cai_vot_ca,Dataset/Videos/D0447.mp4,motions/cai_vot_ca/d0447.json,features/cai_vot_ca/d0447.npz,0.9705,3.3033,60
vợt cầu lông,vot_cau_long,Dataset/Videos/D0448.mp4,motions/vot_cau_long/d0448.json,features/vot_cau_long/d0448.npz,0.9705,4.0374,60
con vượn,con_vuon,Dataset/Videos/D0449.mp4,motions/con_vuon/d0449.json,features/con_vuon/d0449.npz,1.0,3.4368,60
thắp đèn,thap_en,Dataset/Videos/D0450.mp4,motions/thap_en/d0450.json,features/thap_en/d0450.npz,0.9801,3.2699,60
góp tiền,gop_tien,Dataset/Videos/D0451.mp4,motions/gop_tien/d0451.json,features/gop_tien/d0451.npz,0.9885,4.7047,60
họp nhóm,hop_nhom,Dataset/Videos/D0452B.mp4,motions/hop_nhom/d0452b.json,features/hop_nhom/d0452b.npz,0.9662,4.1708,60
họp nhóm,hop_nhom,Dataset/Videos/D0452N.mp4,motions/hop_nhom/d0452n.json,features/hop_nhom/d0452n.npz,0.9586,3.4034,60
họp nhóm,hop_nhom,Dataset/Videos/D0452T.mp4,motions/hop_nhom/d0452t.json,features/hop_nhom/d0452t.npz,0.974,4.1708,60
nhút nhát,nhut_nhat,Dataset/Videos/D0453.mp4,motions/nhut_nhat/d0453.json,features/nhut_nhat/d0453.npz,0.991,4.8048,60
luộc rau,luoc_rau,Dataset/Videos/D0455.mp4,motions/luoc_rau/d0455.json,features/luoc_rau/d0455.npz,0.9771,5.2052,60
muối,muoi,Dataset/Videos/D0456.mp4,motions/muoi/d0456.json,features/muoi/d0456.npz,0.992,4.0707,60
nước mắm,nuoc_mam,Dataset/Videos/D0457.mp4,motions/nuoc_mam/d0457.json,features/nuoc_mam/d0457.npz,0.9829,3.8038,60
thoăn thoắt,thoan_thoat,Dataset/Videos/D0458.mp4,motions/thoan_thoat/d0458.json,features/thoan_thoat/d0458.npz,0.986,4.638,60
nghênh nghênh (đầu),nghenh_nghenh_au,Dataset/Videos/D0459.mp4,motions/nghenh_nghenh_au/d0459.json,features/nghenh_nghenh_au/d0459.npz,1.0,4.3043,60
đua đòi,ua_oi,Dataset/Videos/D0460.mp4,motions/ua_oi/d0460.json,features/ua_oi/d0460.npz,0.9857,3.8038,60
bình sữa (em bé),binh_sua_em_be,Dataset/Videos/D0461.mp4,motions/binh_sua_em_be/d0461.json,features/binh_sua_em_be/d0461.npz,0.9893,5.0717,60
đòi,oi,Dataset/Videos/D0462.mp4,motions/oi/d0462.json,features/oi/d0462.npz,0.9911,3.6703,60
đòi hỏi,oi_hoi,Dataset/Videos/D0463.mp4,motions/oi_hoi/d0463.json,features/oi_hoi/d0463.npz,0.9841,4.1041,60
trẻ con/con nít,tre_con_con_nit,Dataset/Videos/D0464B.mp4,motions/tre_con_con_nit/d0464b.json,features/tre_con_con_nit/d0464b.npz,0.9859,3.0697,60
trẻ con/con nít,tre_con_con_nit,Dataset/Videos/D0464N.mp4,motions/tre_con_con_nit/d0464n.json,features/tre_con_con_nit/d0464n.npz,0.9643,3.0364,60
trẻ con/con nít,tre_con_con_nit,Dataset/Videos/D0464T.mp4,motions/tre_con_con_nit/d0464t.json,features/tre_con_con_nit/d0464t.npz,0.9679,3.0364,60
duy nhất,duy_nhat,Dataset/Videos/D0465.mp4,motions/duy_nhat/d0465.json,features/duy_nhat/d0465.npz,0.9885,4.7047,60
cạnh tranh,canh_tranh,Dataset/Videos/D0466.mp4,motions/canh_tranh/d0466.json,features/canh_tranh/d0466.npz,0.9377,4.004,60
hoa hậu,hoa_hau,Dataset/Videos/D0467.mp4,motions/hoa_hau/d0467.json,features/hoa_hau/d0467.npz,0.9922,2.7694,60
cái neo,cai_neo,Dataset/Videos/D0468.mp4,motions/cai_neo/d0468.json,features/cai_neo/d0468.npz,0.9852,4.4044,60
phóng viên,phong_vien,Dataset/Videos/D0469.mp4,motions/phong_vien/d0469.json,features/phong_vien/d0469.npz,0.9963,5.9059,60
nhà văn hóa,nha_van_hoa,Dataset/Videos/D0470B.mp4,motions/nha_van_hoa/d0470b.json,features/nha_van_hoa/d0470b.npz,0.9667,4.2376,60
nhà văn hóa,nha_van_hoa,Dataset/Videos/D0470N.mp4,motions/nha_van_hoa/d0470n.json,features/nha_van_hoa/d0470n.npz,0.9871,3.37,60
nhà văn hóa,nha_van_hoa,Dataset/Videos/D0470T.mp4,motions/nha_van_hoa/d0470t.json,features/nha_van_hoa/d0470t.npz,0.9839,3.37,60
chùa Yên Tử,chua_yen_tu,Dataset/Videos/D0471.mp4,motions/chua_yen_tu/d0471.json,features/chua_yen_tu/d0471.npz,0.9826,4.9716,60
chõ xôi,cho_xoi,Dataset/Videos/D0472.mp4,motions/cho_xoi/d0472.json,features/cho_xoi/d0472.npz,0.9945,3.9706,60
cây cọ,cay_co,Dataset/Videos/D0473.mp4,motions/cay_co/d0473.json,features/cay_co/d0473.npz,0.9852,5.1385,60
khu vực cách ly,khu_vuc_cach_ly,Dataset/Videos/D0474.mp4,motions/khu_vuc_cach_ly/d0474.json,features/khu_vuc_cach_ly/d0474.npz,0.9542,4.7381,60
phong toả,phong_toa,Dataset/Videos/D0475.mp4,motions/phong_toa/d0475.json,features/phong_toa/d0475.npz,0.9832,3.8705,60
thung lũng,thung_lung,Dataset/Videos/D0477.mp4,motions/thung_lung/d0477.json,features/thung_lung/d0477.npz,0.9614,5.3387,60
địa hình,ia_hinh,Dataset/Videos/D0478.mp4,motions/ia_hinh/d0478.json,features/ia_hinh/d0478.npz,0.9912,4.9383,60
Kim Đồng,kim_ong,Dataset/Videos/D0479.mp4,motions/kim_ong/d0479.json,features/kim_ong/d0479.npz,0.9033,4.0374,60
Thánh Gióng,thanh_giong,Dataset/Videos/D0480.mp4,motions/thanh_giong/d0480.json,features/thanh_giong/d0480.npz,0.9661,3.8372,60
hoa giấy,hoa_giay,Dataset/Videos/D0481.mp4,motions/hoa_giay/d0481.json,features/hoa_giay/d0481.npz,0.9903,4.4711,60
hoa dâm bụt,hoa_dam_but,Dataset/Videos/D0482.mp4,motions/hoa_dam_but/d0482.json,features/hoa_dam_but/d0482.npz,0.9705,4.0374,60
kết luận,ket_luan,Dataset/Videos/D0483.mp4,motions/ket_luan/d0483.json,features/ket_luan/d0483.npz,0.9677,4.371,60
internet,internet,Dataset/Videos/D0484.mp4,motions/internet/d0484.json,features/internet/d0484.npz,0.9744,4.2376,60
nhà vệ sinh,nha_ve_sinh,Dataset/Videos/D0485.mp4,motions/nha_ve_sinh/d0485.json,features/nha_ve_sinh/d0485.npz,0.9809,3.9706,60
đi vệ sinh,i_ve_sinh,Dataset/Videos/D0486.mp4,motions/i_ve_sinh/d0486.json,features/i_ve_sinh/d0486.npz,0.9887,3.8372,60
hoa mai,hoa_mai,Dataset/Videos/D0488.mp4,motions/hoa_mai/d0488.json,features/hoa_mai/d0488.npz,0.9004,4.5712,60
a,a,Dataset/Videos/D0489.mp4,motions/a/d0489.json,features/a/d0489.npz,0.5177,3.8789,60
ă,a,Dataset/Videos/D0490B.mp4,motions/a/d0490b.json,features/a/d0490b.npz,0.5508,3.712,60
ă,a,Dataset/Videos/D0490N.mp4,motions/a/d0490n.json,features/a/d0490n.npz,0.4922,5.3387,60
ă,a,Dataset/Videos/D0490T.mp4,motions/a/d0490t.json,features/a/d0490t.npz,0.4922,5.3387,60
â,a,Dataset/Videos/D0491B.mp4,motions/a/d0491b.json,features/a/d0491b.npz,0.5215,4.5045,60
â,a,Dataset/Videos/D0491N.mp4,motions/a/d0491n.json,features/a/d0491n.npz,0.5345,4.6296,60
â,a,Dataset/Videos/D0491T.mp4,motions/a/d0491t.json,features/a/d0491t.npz,0.5345,4.6296,60
b,b,Dataset/Videos/D0492.mp4,motions/b/d0492.json,features/b/d0492.npz,0.5038,3.8789,60
c,c,Dataset/Videos/D0493.mp4,motions/c/d0493.json,features/c/d0493.npz,0.5085,3.4201,60
d,d,Dataset/Videos/D0494.mp4,motions/d/d0494.json,features/d/d0494.npz,0.5125,3.6703,60
đ,sign,Dataset/Videos/D0495.mp4,motions/sign/d0495.json,features/sign/d0495.npz,0.4924,4.3794,60
e,e,Dataset/Videos/D0496.mp4,motions/e/d0496.json,features/e/d0496.npz,0.5247,3.3367,60
ê,e,Dataset/Videos/D0497B.mp4,motions/e/d0497b.json,features/e/d0497b.npz,0.5766,3.1698,60
ê,e,Dataset/Videos/D0497N.mp4,motions/e/d0497n.json,features/e/d0497n.npz,0.4835,5.3804,60
ê,e,Dataset/Videos/D0497T.mp4,motions/e/d0497t.json,features/e/d0497t.npz,0.4835,5.3804,60
g,g,Dataset/Videos/D0498B.mp4,motions/g/d0498b.json,features/g/d0498b.npz,0.5372,6.5899,60
g,g,Dataset/Videos/D0498N.mp4,motions/g/d0498n.json,features/g/d0498n.npz,0.5089,3.7537,60
h,h,Dataset/Videos/D0500B.mp4,motions/h/d0500b.json,features/h/d0500b.npz,0.5651,2.9613,60
h,h,Dataset/Videos/D0500N.mp4,motions/h/d0500n.json,features/h/d0500n.npz,0.545,2.711,60
h,h,Dataset/Videos/D0500T.mp4,motions/h/d0500t.json,features/h/d0500t.npz,0.5202,6.1311,60
i,i,Dataset/Videos/D0501.mp4,motions/i/d0501.json,features/i/d0501.npz,0.5721,2.5025,60
k,k,Dataset/Videos/D0502.mp4,motions/k/d0502.json,features/k/d0502.npz,0.54,2.711,60
l,l,Dataset/Videos/D0503.mp4,motions/l/d0503.json,features/l/d0503.npz,0.5295,2.7945,60
m,m,Dataset/Videos/D0504.mp4,motions/m/d0504.json,features/m/d0504.npz,0.4937,3.9623,60
n,n,Dataset/Videos/D0505.mp4,motions/n/d0505.json,features/n/d0505.npz,0.5938,3.1698,60
o,o,Dataset/Videos/D0506.mp4,motions/o/d0506.json,features/o/d0506.npz,0.5236,3.0447,60
ô,o,Dataset/Videos/D0507B.mp4,motions/o/d0507b.json,features/o/d0507b.npz,0.5744,3.5035,60
ô,o,Dataset/Videos/D0507N.mp4,motions/o/d0507n.json,features/o/d0507n.npz,0.5555,2.8362,60
ô,o,Dataset/Videos/D0507T.mp4,motions/o/d0507t.json,features/o/d0507t.npz,0.5507,2.8362,60
ơ,o,Dataset/Videos/D0508N.mp4,motions/o/d0508n.json,features/o/d0508n.npz,0.5216,3.712,60
p,p,Dataset/Videos/D0509B.mp4,motions/p/d0509b.json,features/p/d0509b.npz,0.5159,4.004,60
p,p,Dataset/Videos/D0509N.mp4,motions/p/d0509n.json,features/p/d0509n.npz,0.5507,2.8362,60
p,p,Dataset/Videos/D0509T.mp4,motions/p/d0509t.json,features/p/d0509t.npz,0.5651,2.8362,60
q,q,Dataset/Videos/D0510.mp4,motions/q/d0510.json,features/q/d0510.npz,0.5006,3.4201,60
r,r,Dataset/Videos/D0511.mp4,motions/r/d0511.json,features/r/d0511.npz,0.5125,2.6693,60
s,s,Dataset/Videos/D0512.mp4,motions/s/d0512.json,features/s/d0512.npz,0.4969,3.0447,60
t,t,Dataset/Videos/D0513B.mp4,motions/t/d0513b.json,features/t/d0513b.npz,0.5314,3.5869,60
t,t,Dataset/Videos/D0513N.mp4,motions/t/d0513n.json,features/t/d0513n.npz,0.5328,3.3367,60
t,t,Dataset/Videos/D0513T.mp4,motions/t/d0513t.json,features/t/d0513t.npz,0.5206,6.6733,60
u,u,Dataset/Videos/D0514.mp4,motions/u/d0514.json,features/u/d0514.npz,0.5146,3.2115,60
ư,u,Dataset/Videos/D0515N.mp4,motions/u/d0515n.json,features/u/d0515n.npz,0.4822,4.9216,60
v,v,Dataset/Videos/D0516.mp4,motions/v/d0516.json,features/v/d0516.npz,0.5409,2.6276,60
x,x,Dataset/Videos/D0517B.mp4,motions/x/d0517b.json,features/x/d0517b.npz,0.5302,7.2155,60
x,x,Dataset/Videos/D0517N.mp4,motions/x/d0517n.json,features/x/d0517n.npz,0.491,3.5369,60
x,x,Dataset/Videos/D0517T.mp4,motions/x/d0517t.json,features/x/d0517t.npz,0.4941,3.5369,60
y,y,Dataset/Videos/D0518N.mp4,motions/y/d0518n.json,features/y/d0518n.npz,0.5227,2.6693,60
z,z,Dataset/Videos/D0519.mp4,motions/z/d0519.json,features/z/d0519.npz,0.5221,7.0904,60
f,f,Dataset/Videos/D0521.mp4,motions/f/d0521.json,features/f/d0521.npz,0.5012,3.5869,60
j,j,Dataset/Videos/D0522.mp4,motions/j/d0522.json,features/j/d0522.npz,0.4881,3.3367,60
w,w,Dataset/Videos/D0523.mp4,motions/w/d0523.json,features/w/d0523.npz,0.508,3.003,60
dấu huyền,dau_huyen,Dataset/Videos/D0524B.mp4,motions/dau_huyen/d0524b.json,features/dau_huyen/d0524b.npz,0.5173,3.37,60
dấu huyền,dau_huyen,Dataset/Videos/D0524N.mp4,motions/dau_huyen/d0524n.json,features/dau_huyen/d0524n.npz,0.5116,6.1728,60
dấu huyền,dau_huyen,Dataset/Videos/D0524T.mp4,motions/dau_huyen/d0524t.json,features/dau_huyen/d0524t.npz,0.5205,3.37,60
dấu sắc,dau_sac,Dataset/Videos/D0525B.mp4,motions/dau_sac/d0525b.json,features/dau_sac/d0525b.npz,0.5043,3.3033,60
dấu sắc,dau_sac,Dataset/Videos/D0525N.mp4,motions/dau_sac/d0525n.json,features/dau_sac/d0525n.npz,0.5098,6.1061,60
dấu sắc,dau_sac,Dataset/Videos/D0525T.mp4,motions/dau_sac/d0525t.json,features/dau_sac/d0525t.npz,0.5043,3.3033,60
dấu hỏi,dau_hoi,Dataset/Videos/D0526B.mp4,motions/dau_hoi/d0526b.json,features/dau_hoi/d0526b.npz,0.4795,4.2709,60
dấu hỏi,dau_hoi,Dataset/Videos/D0526N.mp4,motions/dau_hoi/d0526n.json,features/dau_hoi/d0526n.npz,0.5432,3.5369,60
dấu hỏi,dau_hoi,Dataset/Videos/D0526T.mp4,motions/dau_hoi/d0526t.json,features/dau_hoi/d0526t.npz,0.5432,3.5369,60
dấu ngã,dau_nga,Dataset/Videos/D0527B.mp4,motions/dau_nga/d0527b.json,features/dau_nga/d0527b.npz,0.5328,3.7371,60
dấu ngã,dau_nga,Dataset/Videos/D0527N.mp4,motions/dau_nga/d0527n.json,features/dau_nga/d0527n.npz,0.5432,3.7037,60
dấu ngã,dau_nga,Dataset/Videos/D0527T.mp4,motions/dau_nga/d0527t.json,features/dau_nga/d0527t.npz,0.5432,3.7037,60
dấu nặng,dau_nang,Dataset/Videos/D0528.mp4,motions/dau_nang/d0528.json,features/dau_nang/d0528.npz,0.5109,3.37,60
0 (số không),0_so_khong,Dataset/Videos/D0529.mp4,motions/0_so_khong/d0529.json,features/0_so_khong/d0529.npz,0.5466,2.7027,60
1,1,Dataset/Videos/D0530.mp4,motions/1/d0530.json,features/1/d0530.npz,0.481,4.1375,60
2,2,Dataset/Videos/D0531.mp4,motions/2/d0531.json,features/2/d0531.npz,0.4885,3.8372,60
3,3,Dataset/Videos/D0532.mp4,motions/3/d0532.json,features/3/d0532.npz,0.4944,3.6036,60
4,4,Dataset/Videos/D0533.mp4,motions/4/d0533.json,features/4/d0533.npz,0.4922,3.7371,60
5,5,Dataset/Videos/D0534.mp4,motions/5/d0534.json,features/5/d0534.npz,0.4951,3.7371,60
6,6,Dataset/Videos/D0535B.mp4,motions/6/d0535b.json,features/6/d0535b.npz,0.4956,9.3093,60
6,6,Dataset/Videos/D0535N.mp4,motions/6/d0535n.json,features/6/d0535n.npz,0.527,3.37,60
6,6,Dataset/Videos/D0535T.mp4,motions/6/d0535t.json,features/6/d0535t.npz,0.5302,3.37,60
7,7,Dataset/Videos/D0536.mp4,motions/7/d0536.json,features/7/d0536.npz,0.4986,3.5035,60
8,8,Dataset/Videos/D0537.mp4,motions/8/d0537.json,features/8/d0537.npz,0.4977,4.0374,60
9,9,Dataset/Videos/D0538.mp4,motions/9/d0538.json,features/9/d0538.npz,0.4996,3.7704,60
10,10,Dataset/Videos/D0539.mp4,motions/10/d0539.json,features/10/d0539.npz,0.5297,2.8362,60
11,11,Dataset/Videos/D0540B.mp4,motions/11/d0540b.json,features/11/d0540b.npz,0.4897,4.0374,60
11,11,Dataset/Videos/D0540N.mp4,motions/11/d0540n.json,features/11/d0540n.npz,0.5239,7.1071,60
11,11,Dataset/Videos/D0540T.mp4,motions/11/d0540t.json,features/11/d0540t.npz,0.5224,7.1071,60
12,12,Dataset/Videos/D0541B.mp4,motions/12/d0541b.json,features/12/d0541b.npz,0.5076,3.3033,60
12,12,Dataset/Videos/D0541N.mp4,motions/12/d0541n.json,features/12/d0541n.npz,0.5355,6.1395,60
12,12,Dataset/Videos/D0541T.mp4,motions/12/d0541t.json,features/12/d0541t.npz,0.5355,6.1395,60
23,23,Dataset/Videos/D0542B.mp4,motions/23/d0542b.json,features/23/d0542b.npz,0.5079,2.9196,60
23,23,Dataset/Videos/D0542N.mp4,motions/23/d0542n.json,features/23/d0542n.npz,0.5496,5.8392,60
23,23,Dataset/Videos/D0542T.mp4,motions/23/d0542t.json,features/23/d0542t.npz,0.5496,5.8392,60
33,33,Dataset/Videos/D0543N.mp4,motions/33/d0543n.json,features/33/d0543n.npz,0.5065,7.2072,60
33,33,Dataset/Videos/D0543T.mp4,motions/33/d0543t.json,features/33/d0543t.npz,0.4995,7.3073,60
40,40,Dataset/Videos/D0544.mp4,motions/40/d0544.json,features/40/d0544.npz,0.5638,2.5359,60
80,80,Dataset/Videos/D0545.mp4,motions/80/d0545.json,features/80/d0545.npz,0.4783,4.3043,60
90,90,Dataset/Videos/D0546N.mp4,motions/90/d0546n.json,features/90/d0546n.npz,0.4985,3.3784,60
100,100,Dataset/Videos/D0547.mp4,motions/100/d0547.json,features/100/d0547.npz,0.4824,3.3784,60
1000 (một nghìn),1000_mot_nghin,Dataset/Videos/D0548N.mp4,motions/1000_mot_nghin/d0548n.json,features/1000_mot_nghin/d0548n.npz,0.5136,6.298,60
5000 (năm nghìn),5000_nam_nghin,Dataset/Videos/D0549B.mp4,motions/5000_nam_nghin/d0549b.json,features/5000_nam_nghin/d0549b.npz,0.5027,2.7527,60
5000 (năm nghìn),5000_nam_nghin,Dataset/Videos/D0549T.mp4,motions/5000_nam_nghin/d0549t.json,features/5000_nam_nghin/d0549t.npz,0.4868,3.1698,60
10 000 (mười nghìn),10_000_muoi_nghin,Dataset/Videos/D0550B.mp4,motions/10_000_muoi_nghin/d0550b.json,features/10_000_muoi_nghin/d0550b.npz,0.5486,3.003,60
10 000 (mười nghìn),10_000_muoi_nghin,Dataset/Videos/D0550N.mp4,motions/10_000_muoi_nghin/d0550n.json,features/10_000_muoi_nghin/d0550n.npz,0.4876,3.5452,60
10 000 (mười nghìn),10_000_muoi_nghin,Dataset/Videos/D0550T.mp4,motions/10_000_muoi_nghin/d0550t.json,features/10_000_muoi_nghin/d0550t.npz,0.4944,3.3784,60
1 000 000 (một triệu),1_000_000_mot_trieu,Dataset/Videos/D0551B.mp4,motions/1_000_000_mot_trieu/d0551b.json,features/1_000_000_mot_trieu/d0551b.npz,0.5017,3.1281,60
1 000 000 (một triệu),1_000_000_mot_trieu,Dataset/Videos/D0551N.mp4,motions/1_000_000_mot_trieu/d0551n.json,features/1_000_000_mot_trieu/d0551n.npz,0.5593,2.4608,60
1 000 000 (một triệu),1_000_000_mot_trieu,Dataset/Videos/D0551T.mp4,motions/1_000_000_mot_trieu/d0551t.json,features/1_000_000_mot_trieu/d0551t.npz,0.5102,2.9613,60
1 000 000 000 (một tỉ),1_000_000_000_mot_ti,Dataset/Videos/D0552B.mp4,motions/1_000_000_000_mot_ti/d0552b.json,features/1_000_000_000_mot_ti/d0552b.npz,0.5233,3.7537,60
1 000 000 000 (một tỉ),1_000_000_000_mot_ti,Dataset/Videos/D0552N.mp4,motions/1_000_000_000_mot_ti/d0552n.json,features/1_000_000_000_mot_ti/d0552n.npz,0.5564,3.0864,60
1 000 000 000 (một tỉ),1_000_000_000_mot_ti,Dataset/Videos/D0552T.mp4,motions/1_000_000_000_mot_ti/d0552t.json,features/1_000_000_000_mot_ti/d0552t.npz,0.5289,3.712,60
ăn cóc,an_coc,Dataset/Videos/D0600.mp4,motions/an_coc/d0600.json,features/an_coc/d0600.npz,0.9838,4.004,60
ác,ac,Dataset/Videos/W00000.mp4,motions/ac/w00000.json,features/ac/w00000.npz,0.5152,4.004,60
ác cảm,ac_cam,Dataset/Videos/W00001.mp4,motions/ac_cam/w00001.json,features/ac_cam/w00001.npz,0.5919,4.3377,60
ác độc,ac_oc,Dataset/Videos/W00002.mp4,motions/ac_oc/w00002.json,features/ac_oc/w00002.npz,0.5239,3.8038,60
ác mộng,ac_mong,Dataset/Videos/W00003.mp4,motions/ac_mong/w00003.json,features/ac_mong/w00003.npz,0.5456,3.9373,60
ai,ai,Dataset/Videos/W00004B.mp4,motions/ai/w00004b.json,features/ai/w00004b.npz,0.5696,3.7,60
ai,ai,Dataset/Videos/W00004N.mp4,motions/ai/w00004n.json,features/ai/w00004n.npz,0.5082,3.7704,60
ai,ai,Dataset/Videos/W00004T.mp4,motions/ai/w00004t.json,features/ai/w00004t.npz,0.4871,4.2709,60
An Giang,an_giang,Dataset/Videos/W00006.mp4,motions/an_giang/w00006.json,features/an_giang/w00006.npz,0.6935,4.1041,60
an ninh,an_ninh,Dataset/Videos/W00007.mp4,motions/an_ninh/w00007.json,features/an_ninh/w00007.npz,0.705,5.0384,60
Anh (nước Anh),anh_nuoc_anh,Dataset/Videos/W00009B.mp4,motions/anh_nuoc_anh/w00009b.json,features/anh_nuoc_anh/w00009b.npz,0.5401,3.5369,60
Anh (nước Anh),anh_nuoc_anh,Dataset/Videos/W00009N.mp4,motions/anh_nuoc_anh/w00009n.json,features/anh_nuoc_anh/w00009n.npz,0.5056,3.9039,60
Anh (nước Anh),anh_nuoc_anh,Dataset/Videos/W00009T.mp4,motions/anh_nuoc_anh/w00009t.json,features/anh_nuoc_anh/w00009t.npz,0.5056,3.9039,60
anh chị,anh_chi,Dataset/Videos/W00010B.mp4,motions/anh_chi/w00010b.json,features/anh_chi/w00010b.npz,0.5273,5.5055,60
anh chị em,anh_chi_em,Dataset/Videos/W00011.mp4,motions/anh_chi_em/w00011.json,features/anh_chi_em/w00011.npz,0.5163,4.2376,60
anh dũng,anh_dung,Dataset/Videos/W00012B.mp4,motions/anh_dung/w00012b.json,features/anh_dung/w00012b.npz,0.5547,5.1385,60
anh dũng,anh_dung,Dataset/Videos/W00012N.mp4,motions/anh_dung/w00012n.json,features/anh_dung/w00012n.npz,0.6105,4.0374,60
anh dũng,anh_dung,Dataset/Videos/W00012T.mp4,motions/anh_dung/w00012t.json,features/anh_dung/w00012t.npz,0.6079,4.0374,60
anh em,anh_em,Dataset/Videos/W00013B.mp4,motions/anh_em/w00013b.json,features/anh_em/w00013b.npz,0.4941,6.1728,60
anh em,anh_em,Dataset/Videos/W00013N.mp4,motions/anh_em/w00013n.json,features/anh_em/w00013n.npz,0.5125,4.004,60
anh em,anh_em,Dataset/Videos/W00013T.mp4,motions/anh_em/w00013t.json,features/anh_em/w00013t.npz,0.5098,4.004,60
anh họ,anh_ho,Dataset/Videos/W00014N.mp4,motions/anh_ho/w00014n.json,features/anh_ho/w00014n.npz,0.5715,4.5045,60
anh họ,anh_ho,Dataset/Videos/W00014T.mp4,motions/anh_ho/w00014t.json,features/anh_ho/w00014t.npz,0.5715,4.5045,60
anh hùng,anh_hung,Dataset/Videos/W00015.mp4,motions/anh_hung/w00015.json,features/anh_hung/w00015.npz,0.5125,3.4034,60
anh rể,anh_re,Dataset/Videos/W00018B.mp4,motions/anh_re/w00018b.json,features/anh_re/w00018b.npz,0.5537,2.5025,60
anh rể,anh_re,Dataset/Videos/W00018N.mp4,motions/anh_re/w00018n.json,features/anh_re/w00018n.npz,0.5221,3.4034,60
anh rể,anh_re,Dataset/Videos/W00018T.mp4,motions/anh_re/w00018t.json,features/anh_re/w00018t.npz,0.5189,3.4034,60
anh ruột,anh_ruot,Dataset/Videos/W00019B.mp4,motions/anh_ruot/w00019b.json,features/anh_ruot/w00019b.npz,0.5226,5.9059,60
anh ruột,anh_ruot,Dataset/Videos/W00019N.mp4,motions/anh_ruot/w00019n.json,features/anh_ruot/w00019n.npz,0.5294,4.1708,60
anh ruột,anh_ruot,Dataset/Videos/W00019T.mp4,motions/anh_ruot/w00019t.json,features/anh_ruot/w00019t.npz,0.5294,4.1708,60
anh vợ,anh_vo,Dataset/Videos/W00020.mp4,motions/anh_vo/w00020.json,features/anh_vo/w00020.npz,0.6413,4.5045,60
sáng,sang,Dataset/Videos/W00024.mp4,motions/sang/w00024.json,features/sang/w00024.npz,0.8282,2.9196,60
ao chuôm,ao_chuom,Dataset/Videos/W00026.mp4,motions/ao_chuom/w00026.json,features/ao_chuom/w00026.npz,0.6493,4.638,60
ảo thuật,ao_thuat,Dataset/Videos/W00027.mp4,motions/ao_thuat/w00027.json,features/ao_thuat/w00027.npz,0.6243,3.637,60
áo,ao,Dataset/Videos/W00028.mp4,motions/ao/w00028.json,features/ao/w00028.npz,0.5275,3.9706,60
áo ấm,ao_am,Dataset/Videos/W00029.mp4,motions/ao_am/w00029.json,features/ao_am/w00029.npz,0.7383,3.7704,60
áo cánh,ao_canh,Dataset/Videos/W00030.mp4,motions/ao_canh/w00030.json,features/ao_canh/w00030.npz,0.6982,3.2699,60
áo đồng phục,ao_ong_phuc,Dataset/Videos/W00032B.mp4,motions/ao_ong_phuc/w00032b.json,features/ao_ong_phuc/w00032b.npz,0.5357,5.8392,60
áo đồng phục,ao_ong_phuc,Dataset/Videos/W00032N.mp4,motions/ao_ong_phuc/w00032n.json,features/ao_ong_phuc/w00032n.npz,0.6064,5.372,60
áo đồng phục,ao_ong_phuc,Dataset/Videos/W00032T.mp4,motions/ao_ong_phuc/w00032t.json,features/ao_ong_phuc/w00032t.npz,0.6023,5.372,60
áo len,ao_len,Dataset/Videos/W00033.mp4,motions/ao_len/w00033.json,features/ao_len/w00033.npz,0.675,3.5369,60
áo phao,ao_phao,Dataset/Videos/W00034.mp4,motions/ao_phao/w00034.json,features/ao_phao/w00034.npz,0.6275,4.3377,60
áo phông,ao_phong,Dataset/Videos/W00035B.mp4,motions/ao_phong/w00035b.json,features/ao_phong/w00035b.npz,0.5301,5.2386,60
áo phông,ao_phong,Dataset/Videos/W00035N.mp4,motions/ao_phong/w00035n.json,features/ao_phong/w00035n.npz,0.5902,5.372,60
áo phông,ao_phong,Dataset/Videos/W00035T.mp4,motions/ao_phong/w00035t.json,features/ao_phong/w00035t.npz,0.6014,5.3053,60
áp phích,ap_phich,Dataset/Videos/W00036.mp4,motions/ap_phich/w00036.json,features/ap_phich/w00036.npz,0.6658,4.7047,60
ăn diện,an_dien,Dataset/Videos/W00039.mp4,motions/an_dien/w00039.json,features/an_dien/w00039.npz,0.508,4.8048,60
ăn hối lộ,an_hoi_lo,Dataset/Videos/W00040.mp4,motions/an_hoi_lo/w00040.json,features/an_hoi_lo/w00040.npz,0.6338,4.7381,60
ăn uống,an_uong,Dataset/Videos/W00042.mp4,motions/an_uong/w00042.json,features/an_uong/w00042.npz,0.4904,9.3427,60
ăn vặt,an_vat,Dataset/Videos/W00043.mp4,motions/an_vat/w00043.json,features/an_vat/w00043.npz,0.6231,3.9706,60
ăn xin,an_xin,Dataset/Videos/W00044.mp4,motions/an_xin/w00044.json,features/an_xin/w00044.npz,0.4845,3.8705,60
âm thanh,am_thanh,Dataset/Videos/W00045.mp4,motions/am_thanh/w00045.json,features/am_thanh/w00045.npz,0.6254,3.9373,60
ầm ĩ,am_i,Dataset/Videos/W00048.mp4,motions/am_i/w00048.json,features/am_i/w00048.npz,0.6654,3.4034,60
ẩm mốc,am_moc,Dataset/Videos/W00049.mp4,motions/am_moc/w00049.json,features/am_moc/w00049.npz,0.5695,5.1385,60
ẩm ướt,am_uot,Dataset/Videos/W00050.mp4,motions/am_uot/w00050.json,features/am_uot/w00050.npz,0.5151,4.2042,60
ấm áp,am_ap,Dataset/Videos/W00051.mp4,motions/am_ap/w00051.json,features/am_ap/w00051.npz,0.738,3.2699,60
ấm đun nước,am_un_nuoc,Dataset/Videos/W00052.mp4,motions/am_un_nuoc/w00052.json,features/am_un_nuoc/w00052.npz,0.4577,5.8392,60
ấm no,am_no,Dataset/Videos/W00053.mp4,motions/am_no/w00053.json,features/am_no/w00053.npz,0.5524,5.3053,60
ấm trà,am_tra,Dataset/Videos/W00055.mp4,motions/am_tra/w00055.json,features/am_tra/w00055.npz,0.5137,4.5045,60
ân hận,an_han,Dataset/Videos/W00057B.mp4,motions/an_han/w00057b.json,features/an_han/w00057b.npz,0.5102,4.7381,60
ân hận,an_han,Dataset/Videos/W00057N.mp4,motions/an_han/w00057n.json,features/an_han/w00057n.npz,0.4925,3.8038,60
ân hận,an_han,Dataset/Videos/W00057T.mp4,motions/an_han/w00057t.json,features/an_han/w00057t.npz,0.5022,4.2042,60
ấn,an,Dataset/Videos/W00059.mp4,motions/an/w00059.json,features/an/w00059.npz,0.6365,4.5045,60
ấn tượng,an_tuong,Dataset/Videos/W00061.mp4,motions/an_tuong/w00061.json,features/an_tuong/w00061.npz,0.4741,4.8048,60
Âu Cơ,au_co,Dataset/Videos/W00062.mp4,motions/au_co/w00062.json,features/au_co/w00062.npz,0.4952,3.8038,60
Ba chân bốn cẳng,ba_chan_bon_cang,Dataset/Videos/W00065.mp4,motions/ba_chan_bon_cang/w00065.json,features/ba_chan_bon_cang/w00065.npz,0.5005,4.9716,60
Bà Nà,ba_na,Dataset/Videos/W00067.mp4,motions/ba_na/w00067.json,features/ba_na/w00067.npz,0.7336,4.4378,60
Bà Rịa - Vũng Tàu,ba_ria_vung_tau,Dataset/Videos/W00068.mp4,motions/ba_ria_vung_tau/w00068.json,features/ba_ria_vung_tau/w00068.npz,0.617,5.2386,60
triệu phú,trieu_phu,Dataset/Videos/W00069.mp4,motions/trieu_phu/w00069.json,features/trieu_phu/w00069.npz,0.5431,4.2125,60
Bạc Liêu,bac_lieu,Dataset/Videos/W00070.mp4,motions/bac_lieu/w00070.json,features/bac_lieu/w00070.npz,0.6427,5.372,60
bài báo,bai_bao,Dataset/Videos/W00071.mp4,motions/bai_bao/w00071.json,features/bai_bao/w00071.npz,0.6605,3.9039,60
bài thơ,bai_tho,Dataset/Videos/W00075B.mp4,motions/bai_tho/w00075b.json,features/bai_tho/w00075b.npz,0.4969,5.9059,60
bài thơ,bai_tho,Dataset/Videos/W00075N.mp4,motions/bai_tho/w00075n.json,features/bai_tho/w00075n.npz,0.6725,4.3043,60
bài thơ,bai_tho,Dataset/Videos/W00075T.mp4,motions/bai_tho/w00075t.json,features/bai_tho/w00075t.npz,0.6775,4.3043,60
hệ bài tiết,he_bai_tiet,Dataset/Videos/W00076.mp4,motions/he_bai_tiet/w00076.json,features/he_bai_tiet/w00076.npz,0.4533,5.0384,60
Bãi biển Vũng Tàu,bai_bien_vung_tau,Dataset/Videos/W00079.mp4,motions/bai_bien_vung_tau/w00079.json,features/bai_bien_vung_tau/w00079.npz,0.6467,5.372,60
bãi cát,bai_cat,Dataset/Videos/W00081.mp4,motions/bai_cat/w00081.json,features/bai_cat/w00081.npz,0.7315,4.6046,60
bãi cỏ,bai_co,Dataset/Videos/W00082.mp4,motions/bai_co/w00082.json,features/bai_co/w00082.npz,0.6377,4.9383,60
bãi đỗ xe (ô tô),bai_o_xe_o_to,Dataset/Videos/W00083.mp4,motions/bai_o_xe_o_to/w00083.json,features/bai_o_xe_o_to/w00083.npz,0.5768,6.0727,60
bãi tắm,bai_tam,Dataset/Videos/W00084.mp4,motions/bai_tam/w00084.json,features/bai_tam/w00084.npz,0.5671,4.3377,60
ban đêm,ban_em,Dataset/Videos/W00086B.mp4,motions/ban_em/w00086b.json,features/ban_em/w00086b.npz,0.7763,4.6046,60
ban đêm,ban_em,Dataset/Videos/W00086N.mp4,motions/ban_em/w00086n.json,features/ban_em/w00086n.npz,0.6183,4.9716,60
ban đêm,ban_em,Dataset/Videos/W00086T.mp4,motions/ban_em/w00086t.json,features/ban_em/w00086t.npz,0.6161,4.9716,60
ban giám hiệu,ban_giam_hieu,Dataset/Videos/W00087.mp4,motions/ban_giam_hieu/w00087.json,features/ban_giam_hieu/w00087.npz,0.6197,4.9049,60
ban ngày,ban_ngay,Dataset/Videos/W00089.mp4,motions/ban_ngay/w00089.json,features/ban_ngay/w00089.npz,0.7449,3.8789,60
bàn bạc,ban_bac,Dataset/Videos/W00091.mp4,motions/ban_bac/w00091.json,features/ban_bac/w00091.npz,0.6483,5.2719,60
bàn chải đánh răng,ban_chai_anh_rang,Dataset/Videos/W00092.mp4,motions/ban_chai_anh_rang/w00092.json,features/ban_chai_anh_rang/w00092.npz,0.4679,4.1375,60
bàn chân,ban_chan,Dataset/Videos/W00093.mp4,motions/ban_chan/w00093.json,features/ban_chan/w00093.npz,0.5679,5.8725,60
bàn ghế,ban_ghe,Dataset/Videos/W00094.mp4,motions/ban_ghe/w00094.json,features/ban_ghe/w00094.npz,0.5878,6.3397,60
bàn là,ban_la,Dataset/Videos/W00095.mp4,motions/ban_la/w00095.json,features/ban_la/w00095.npz,0.654,5.1718,60
bàn phím (máy vi tính),ban_phim_may_vi_tinh,Dataset/Videos/W00096.mp4,motions/ban_phim_may_vi_tinh/w00096.json,features/ban_phim_may_vi_tinh/w00096.npz,0.6828,5.5722,60
bàn tay,ban_tay,Dataset/Videos/W00097.mp4,motions/ban_tay/w00097.json,features/ban_tay/w00097.npz,0.5849,6.1395,60
bàn tán,ban_tan,Dataset/Videos/W00098.mp4,motions/ban_tan/w00098.json,features/ban_tan/w00098.npz,0.6327,8.2082,60
bản đồ Việt Nam,ban_o_viet_nam,Dataset/Videos/W00099B.mp4,motions/ban_o_viet_nam/w00099b.json,features/ban_o_viet_nam/w00099b.npz,0.7229,5.2052,60
bản đồ Việt Nam,ban_o_viet_nam,Dataset/Videos/W00099N.mp4,motions/ban_o_viet_nam/w00099n.json,features/ban_o_viet_nam/w00099n.npz,0.4957,4.2376,60
bản đồ Việt Nam,ban_o_viet_nam,Dataset/Videos/W00099T.mp4,motions/ban_o_viet_nam/w00099t.json,features/ban_o_viet_nam/w00099t.npz,0.4931,4.2376,60
bản làng,ban_lang,Dataset/Videos/W00100.mp4,motions/ban_lang/w00100.json,features/ban_lang/w00100.npz,0.5613,6.006,60
bản lề,ban_le,Dataset/Videos/W00101.mp4,motions/ban_le/w00101.json,features/ban_le/w00101.npz,0.5979,5.0717,60
bản nhạc,ban_nhac,Dataset/Videos/W00102.mp4,motions/ban_nhac/w00102.json,features/ban_nhac/w00102.npz,0.5537,6.9736,60
bản sao (chỉ người),ban_sao_chi_nguoi,Dataset/Videos/W00103.mp4,motions/ban_sao_chi_nguoi/w00103.json,features/ban_sao_chi_nguoi/w00103.npz,0.5794,3.9706,60
bản thân,ban_than,Dataset/Videos/W00104.mp4,motions/ban_than/w00104.json,features/ban_than/w00104.npz,0.5766,5.8392,60
bán buôn,ban_buon,Dataset/Videos/W00105.mp4,motions/ban_buon/w00105.json,features/ban_buon/w00105.npz,0.5426,6.3063,60
bán đảo,ban_ao,Dataset/Videos/W00106.mp4,motions/ban_ao/w00106.json,features/ban_ao/w00106.npz,0.6245,6.4398,60
bán hàng,ban_hang,Dataset/Videos/W00107B.mp4,motions/ban_hang/w00107b.json,features/ban_hang/w00107b.npz,0.7278,3.9039,60
bán hàng,ban_hang,Dataset/Videos/W00107N.mp4,motions/ban_hang/w00107n.json,features/ban_hang/w00107n.npz,0.6139,3.9039,60
bán hàng,ban_hang,Dataset/Videos/W00107T.mp4,motions/ban_hang/w00107t.json,features/ban_hang/w00107t.npz,0.6028,3.9039,60
bán kính (hình tròn),ban_kinh_hinh_tron,Dataset/Videos/W00108.mp4,motions/ban_kinh_hinh_tron/w00108.json,features/ban_kinh_hinh_tron/w00108.npz,0.5587,5.8725,60
bạn,ban,Dataset/Videos/W00110B.mp4,motions/ban/w00110b.json,features/ban/w00110b.npz,0.7566,8.7754,60
bạn,ban,Dataset/Videos/W00110N.mp4,motions/ban/w00110n.json,features/ban/w00110n.npz,0.6815,3.3367,60
bạn,ban,Dataset/Videos/W00110T.mp4,motions/ban/w00110t.json,features/ban/w00110t.npz,0.6815,3.3367,60
bạn gái,ban_gai,Dataset/Videos/W00111B.mp4,motions/ban_gai/w00111b.json,features/ban_gai/w00111b.npz,0.5603,5.6723,60
bạn gái,ban_gai,Dataset/Videos/W00111N.mp4,motions/ban_gai/w00111n.json,features/ban_gai/w00111n.npz,0.4707,5.8392,60
bạn gái,ban_gai,Dataset/Videos/W00111T.mp4,motions/ban_gai/w00111t.json,features/ban_gai/w00111t.npz,0.4707,5.8392,60
bạn trai,ban_trai,Dataset/Videos/W00112B.mp4,motions/ban_trai/w00112b.json,features/ban_trai/w00112b.npz,0.543,4.4378,60
bạn trai,ban_trai,Dataset/Videos/W00112N.mp4,motions/ban_trai/w00112n.json,features/ban_trai/w00112n.npz,0.4796,5.1051,60
bạn trai,ban_trai,Dataset/Videos/W00112T.mp4,motions/ban_trai/w00112t.json,features/ban_trai/w00112t.npz,0.4758,5.1718,60
bảng học sinh,bang_hoc_sinh,Dataset/Videos/W00113.mp4,motions/bang_hoc_sinh/w00113.json,features/bang_hoc_sinh/w00113.npz,0.7315,3.8372,60
bảng chia,bang_chia,Dataset/Videos/W00115N.mp4,motions/bang_chia/w00115n.json,features/bang_chia/w00115n.npz,0.642,4.2709,60
bảng chia,bang_chia,Dataset/Videos/W00115T.mp4,motions/bang_chia/w00115t.json,features/bang_chia/w00115t.npz,0.6445,4.2709,60
bảng chỉ dẫn,bang_chi_dan,Dataset/Videos/W00116.mp4,motions/bang_chi_dan/w00116.json,features/bang_chi_dan/w00116.npz,0.6489,4.5712,60
bảng chữ cái ngón tay,bang_chu_cai_ngon_tay,Dataset/Videos/W00118.mp4,motions/bang_chu_cai_ngon_tay/w00118.json,features/bang_chu_cai_ngon_tay/w00118.npz,0.7011,4.5712,60
bảng cộng,bang_cong,Dataset/Videos/W00119B.mp4,motions/bang_cong/w00119b.json,features/bang_cong/w00119b.npz,0.794,5.7391,60
bảng cộng,bang_cong,Dataset/Videos/W00119N.mp4,motions/bang_cong/w00119n.json,features/bang_cong/w00119n.npz,0.5758,3.9373,60
bảng cộng,bang_cong,Dataset/Videos/W00119T.mp4,motions/bang_cong/w00119t.json,features/bang_cong/w00119t.npz,0.7922,5.7391,60
bảng cửu chương,bang_cuu_chuong,Dataset/Videos/W00120.mp4,motions/bang_cuu_chuong/w00120.json,features/bang_cuu_chuong/w00120.npz,0.6503,3.8372,60
bảng đen,bang_en,Dataset/Videos/W00121B.mp4,motions/bang_en/w00121b.json,features/bang_en/w00121b.npz,0.7463,5.1718,60
bảng đen,bang_en,Dataset/Videos/W00121N.mp4,motions/bang_en/w00121n.json,features/bang_en/w00121n.npz,0.5401,4.9049,60
bảng đen,bang_en,Dataset/Videos/W00121T.mp4,motions/bang_en/w00121t.json,features/bang_en/w00121t.npz,0.7379,5.1718,60
hãng máy bay,hang_may_bay,Dataset/Videos/W00122.mp4,motions/hang_may_bay/w00122.json,features/hang_may_bay/w00122.npz,0.6783,3.3367,60
bảng màu,bang_mau,Dataset/Videos/W00123B.mp4,motions/bang_mau/w00123b.json,features/bang_mau/w00123b.npz,0.6266,5.5722,60
bảng nhân,bang_nhan,Dataset/Videos/W00124B.mp4,motions/bang_nhan/w00124b.json,features/bang_nhan/w00124b.npz,0.8344,5.2386,60
bảng nhân,bang_nhan,Dataset/Videos/W00124N.mp4,motions/bang_nhan/w00124n.json,features/bang_nhan/w00124n.npz,0.6242,4.2709,60
bảng nhân,bang_nhan,Dataset/Videos/W00124T.mp4,motions/bang_nhan/w00124t.json,features/bang_nhan/w00124t.npz,0.8365,5.2386,60
hãng xe máy,hang_xe_may,Dataset/Videos/W00125.mp4,motions/hang_xe_may/w00125.json,features/hang_xe_may/w00125.npz,0.7848,3.0864,60
bảng trừ,bang_tru,Dataset/Videos/W00126B.mp4,motions/bang_tru/w00126b.json,features/bang_tru/w00126b.npz,0.773,4.5379,60
bảng trừ,bang_tru,Dataset/Videos/W00126N.mp4,motions/bang_tru/w00126n.json,features/bang_tru/w00126n.npz,0.6178,4.1708,60
bảng trừ,bang_tru,Dataset/Videos/W00126T.mp4,motions/bang_tru/w00126t.json,features/bang_tru/w00126t.npz,0.773,4.5379,60
bánh bột lọc,banh_bot_loc,Dataset/Videos/W00127.mp4,motions/banh_bot_loc/w00127.json,features/banh_bot_loc/w00127.npz,0.5594,4.5045,60
bánh cốm,banh_com,Dataset/Videos/W00128.mp4,motions/banh_com/w00128.json,features/banh_com/w00128.npz,0.594,4.7047,60
bánh cuốn,banh_cuon,Dataset/Videos/W00129B.mp4,motions/banh_cuon/w00129b.json,features/banh_cuon/w00129b.npz,0.7384,5.3053,60
bánh cuốn,banh_cuon,Dataset/Videos/W00129N.mp4,motions/banh_cuon/w00129n.json,features/banh_cuon/w00129n.npz,0.6023,4.7714,60
bánh cuốn,banh_cuon,Dataset/Videos/W00129T.mp4,motions/banh_cuon/w00129t.json,features/banh_cuon/w00129t.npz,0.6227,4.7714,60
bánh Trung Thu,banh_trung_thu,Dataset/Videos/W00130.mp4,motions/banh_trung_thu/w00130.json,features/banh_trung_thu/w00130.npz,0.6028,3.9039,60
bánh đa,banh_a,Dataset/Videos/W00131.mp4,motions/banh_a/w00131.json,features/banh_a/w00131.npz,0.5545,6.8402,60
bánh đúc,banh_uc,Dataset/Videos/W00132.mp4,motions/banh_uc/w00132.json,features/banh_uc/w00132.npz,0.6344,4.8048,60
bánh gai,banh_gai,Dataset/Videos/W00133.mp4,motions/banh_gai/w00133.json,features/banh_gai/w00133.npz,0.5628,3.9706,60
bánh giầy,banh_giay,Dataset/Videos/W00134.mp4,motions/banh_giay/w00134.json,features/banh_giay/w00134.npz,0.6048,5.4054,60
bánh giò,banh_gio,Dataset/Videos/W00135.mp4,motions/banh_gio/w00135.json,features/banh_gio/w00135.npz,0.6182,4.7714,60
bánh gối,banh_goi,Dataset/Videos/W00136.mp4,motions/banh_goi/w00136.json,features/banh_goi/w00136.npz,0.6548,9.1091,60
bánh mì,banh_mi,Dataset/Videos/W00137B.mp4,motions/banh_mi/w00137b.json,features/banh_mi/w00137b.npz,0.5114,4.7714,60
bánh mì,banh_mi,Dataset/Videos/W00137N.mp4,motions/banh_mi/w00137n.json,features/banh_mi/w00137n.npz,0.6161,4.9716,60
bánh mì,banh_mi,Dataset/Videos/W00137T.mp4,motions/banh_mi/w00137t.json,features/banh_mi/w00137t.npz,0.6161,4.9716,60
bánh pizza,banh_pizza,Dataset/Videos/W00140.mp4,motions/banh_pizza/w00140.json,features/banh_pizza/w00140.npz,0.4893,5.1385,60
bánh pía,banh_pia,Dataset/Videos/W00141.mp4,motions/banh_pia/w00141.json,features/banh_pia/w00141.npz,0.6669,5.372,60
hãng tàu thuyền,hang_tau_thuyen,Dataset/Videos/W00142.mp4,motions/hang_tau_thuyen/w00142.json,features/hang_tau_thuyen/w00142.npz,0.6575,3.8789,60
bánh xe,banh_xe,Dataset/Videos/W00144.mp4,motions/banh_xe/w00144.json,features/banh_xe/w00144.npz,0.5573,16.2162,60
bao giờ?,bao_gio,Dataset/Videos/W00145B.mp4,motions/bao_gio/w00145b.json,features/bao_gio/w00145b.npz,0.8722,3.9039,60
bao giờ?,bao_gio,Dataset/Videos/W00145N.mp4,motions/bao_gio/w00145n.json,features/bao_gio/w00145n.npz,0.5762,4.9383,60
bao giờ?,bao_gio,Dataset/Videos/W00145T.mp4,motions/bao_gio/w00145t.json,features/bao_gio/w00145t.npz,0.8722,3.9039,60
bao la,bao_la,Dataset/Videos/W00146.mp4,motions/bao_la/w00146.json,features/bao_la/w00146.npz,0.6437,6.5732,60
bao nhiêu?,bao_nhieu,Dataset/Videos/W00147.mp4,motions/bao_nhieu/w00147.json,features/bao_nhieu/w00147.npz,0.4907,4.4711,60
bao tay (dùng cho trẻ sơ sinh),bao_tay_dung_cho_tre_so_sinh,Dataset/Videos/W00150.mp4,motions/bao_tay_dung_cho_tre_so_sinh/w00150.json,features/bao_tay_dung_cho_tre_so_sinh/w00150.npz,0.7156,4.8048,60
bảo đảm,bao_am,Dataset/Videos/W00152.mp4,motions/bao_am/w00152.json,features/bao_am/w00152.npz,0.5103,4.9383,60
bảo hiểm,bao_hiem,Dataset/Videos/W00153.mp4,motions/bao_hiem/w00153.json,features/bao_hiem/w00153.npz,0.5345,7.8745,60
lưu,luu,Dataset/Videos/W00155.mp4,motions/luu/w00155.json,features/luu/w00155.npz,0.6931,3.003,60
bảo tàng,bao_tang,Dataset/Videos/W00156.mp4,motions/bao_tang/w00156.json,features/bao_tang/w00156.npz,0.6464,5.3053,60
bảo thủ,bao_thu,Dataset/Videos/W00157.mp4,motions/bao_thu/w00157.json,features/bao_thu/w00157.npz,0.5627,5.4054,60
tồn tại,ton_tai,Dataset/Videos/W00158.mp4,motions/ton_tai/w00158.json,features/ton_tai/w00158.npz,0.6286,3.7955,60
bảo vệ môi trường,bao_ve_moi_truong,Dataset/Videos/W00159B.mp4,motions/bao_ve_moi_truong/w00159b.json,features/bao_ve_moi_truong/w00159b.npz,0.9002,5.1051,60
bảo vệ môi trường,bao_ve_moi_truong,Dataset/Videos/W00159N.mp4,motions/bao_ve_moi_truong/w00159n.json,features/bao_ve_moi_truong/w00159n.npz,0.61,5.5055,60
bảo vệ môi trường,bao_ve_moi_truong,Dataset/Videos/W00159T.mp4,motions/bao_ve_moi_truong/w00159t.json,features/bao_ve_moi_truong/w00159t.npz,0.6277,5.5055,60
báo (con báo),bao_con_bao,Dataset/Videos/W00160B.mp4,motions/bao_con_bao/w00160b.json,features/bao_con_bao/w00160b.npz,0.8072,3.9373,60
báo (con báo),bao_con_bao,Dataset/Videos/W00160N.mp4,motions/bao_con_bao/w00160n.json,features/bao_con_bao/w00160n.npz,0.6299,4.6046,60
báo (con báo),bao_con_bao,Dataset/Videos/W00160T.mp4,motions/bao_con_bao/w00160t.json,features/bao_con_bao/w00160t.npz,0.6322,4.6046,60
báo cáo,bao_cao,Dataset/Videos/W00161.mp4,motions/bao_cao/w00161.json,features/bao_cao/w00161.npz,0.5472,3.9039,60
báo động,bao_ong,Dataset/Videos/W00163.mp4,motions/bao_ong/w00163.json,features/bao_ong/w00163.npz,0.5138,4.2376,60
báo thù,bao_thu,Dataset/Videos/W00166.mp4,motions/bao_thu/w00166.json,features/bao_thu/w00166.npz,0.5574,4.0707,60
bát,bat,Dataset/Videos/W00170.mp4,motions/bat/w00170.json,features/bat/w00170.npz,0.5082,5.005,60
bát hương,bat_huong,Dataset/Videos/W00171.mp4,motions/bat_huong/w00171.json,features/bat_huong/w00171.npz,0.6417,5.297,60
bát ngát,bat_ngat,Dataset/Videos/W00172.mp4,motions/bat_ngat/w00172.json,features/bat_ngat/w00172.npz,0.6663,5.005,60
làng gốm Bát Tràng,lang_gom_bat_trang,Dataset/Videos/W00173.mp4,motions/lang_gom_bat_trang/w00173.json,features/lang_gom_bat_trang/w00173.npz,0.5981,4.371,60
bay,bay,Dataset/Videos/W00174.mp4,motions/bay/w00174.json,features/bay/w00174.npz,0.6199,4.5379,60
xì hơi (đánh rắm),xi_hoi_anh_ram,Dataset/Videos/W00175.mp4,motions/xi_hoi_anh_ram/w00175.json,features/xi_hoi_anh_ram/w00175.npz,0.4843,3.3033,60
xì hơi (đánh rắm),xi_hoi_anh_ram,Dataset/Videos/W00175N.mp4,motions/xi_hoi_anh_ram/w00175n.json,features/xi_hoi_anh_ram/w00175n.npz,0.8061,2.3774,60
bay liệng (bay lượn),bay_lieng_bay_luon,Dataset/Videos/W00176.mp4,motions/bay_lieng_bay_luon/w00176.json,features/bay_lieng_bay_luon/w00176.npz,0.7396,5.0384,60
bắc bán cầu,bac_ban_cau,Dataset/Videos/W00179.mp4,motions/bac_ban_cau/w00179.json,features/bac_ban_cau/w00179.npz,0.6,4.3377,60
Bắc bộ,bac_bo,Dataset/Videos/W00181.mp4,motions/bac_bo/w00181.json,features/bac_bo/w00181.npz,0.6155,4.371,60
Bắc Giang,bac_giang,Dataset/Videos/W00182.mp4,motions/bac_giang/w00182.json,features/bac_giang/w00182.npz,0.5938,4.5045,60
Bắc Kạn,bac_kan,Dataset/Videos/W00183.mp4,motions/bac_kan/w00183.json,features/bac_kan/w00183.npz,0.6831,4.004,60
bắc nam,bac_nam,Dataset/Videos/W00184N.mp4,motions/bac_nam/w00184n.json,features/bac_nam/w00184n.npz,0.4707,5.5722,60
bắc nam,bac_nam,Dataset/Videos/W00184T.mp4,motions/bac_nam/w00184t.json,features/bac_nam/w00184t.npz,0.4707,5.5722,60
Bắc Ninh,bac_ninh,Dataset/Videos/W00185.mp4,motions/bac_ninh/w00185.json,features/bac_ninh/w00185.npz,0.9313,2.9613,60
bắn bi,ban_bi,Dataset/Videos/W00186B.mp4,motions/ban_bi/w00186b.json,features/ban_bi/w00186b.npz,0.487,4.6713,60
bắn bi,ban_bi,Dataset/Videos/W00186N.mp4,motions/ban_bi/w00186n.json,features/ban_bi/w00186n.npz,0.5709,4.2709,60
bắn bi,ban_bi,Dataset/Videos/W00186T.mp4,motions/ban_bi/w00186t.json,features/ban_bi/w00186t.npz,0.5709,4.2709,60
bắn súng,ban_sung,Dataset/Videos/W00187.mp4,motions/ban_sung/w00187.json,features/ban_sung/w00187.npz,0.4832,17.1838,60
băng bó,bang_bo,Dataset/Videos/W00188.mp4,motions/bang_bo/w00188.json,features/bang_bo/w00188.npz,0.5949,4.6046,60
băng chuyền,bang_chuyen,Dataset/Videos/W00189.mp4,motions/bang_chuyen/w00189.json,features/bang_chuyen/w00189.npz,0.6675,5.7724,60
băng dính,bang_dinh,Dataset/Videos/W00190.mp4,motions/bang_dinh/w00190.json,features/bang_dinh/w00190.npz,0.6338,4.7381,60
băng giá,bang_gia,Dataset/Videos/W00191.mp4,motions/bang_gia/w00191.json,features/bang_gia/w00191.npz,0.7156,5.0717,60
băng hình,bang_hinh,Dataset/Videos/W00192.mp4,motions/bang_hinh/w00192.json,features/bang_hinh/w00192.npz,0.4598,4.3377,60
Băng-la-đét (nước Băng-la-đét),bang_la_et_nuoc_bang_la_et,Dataset/Videos/W00193.mp4,motions/bang_la_et_nuoc_bang_la_et/w00193.json,features/bang_la_et_nuoc_bang_la_et/w00193.npz,0.4882,5.5722,60
bằng,bang,Dataset/Videos/W00194.mp4,motions/bang/w00194.json,features/bang/w00194.npz,0.556,4.7381,60
bằng phẳng,bang_phang,Dataset/Videos/W00195.mp4,motions/bang_phang/w00195.json,features/bang_phang/w00195.npz,0.7584,4.9383,60
bắp ngô,bap_ngo,Dataset/Videos/W00196B.mp4,motions/bap_ngo/w00196b.json,features/bap_ngo/w00196b.npz,0.5172,3.4368,60
bắp ngô,bap_ngo,Dataset/Videos/W00196N.mp4,motions/bap_ngo/w00196n.json,features/bap_ngo/w00196n.npz,0.6139,3.37,60
bắp ngô,bap_ngo,Dataset/Videos/W00196T.mp4,motions/bap_ngo/w00196t.json,features/bap_ngo/w00196t.npz,0.6139,3.37,60
bắt,bat,Dataset/Videos/W00197.mp4,motions/bat/w00197.json,features/bat/w00197.npz,0.4873,4.3377,60
bắt đền,bat_en,Dataset/Videos/W00198.mp4,motions/bat_en/w00198.json,features/bat_en/w00198.npz,0.9082,4.371,60
bắt đền,bat_en,Dataset/Videos/W00198B.mp4,motions/bat_en/w00198b.json,features/bat_en/w00198b.npz,0.8015,4.9716,60
bắt đền,bat_en,Dataset/Videos/W00198N.mp4,motions/bat_en/w00198n.json,features/bat_en/w00198n.npz,0.8404,3.7371,60
bắt giữ,bat_giu,Dataset/Videos/W00199.mp4,motions/bat_giu/w00199.json,features/bat_giu/w00199.npz,0.6491,5.4721,60
bắt nạt,bat_nat,Dataset/Videos/W00200.mp4,motions/bat_nat/w00200.json,features/bat_nat/w00200.npz,0.5015,4.4378,60
bắt tay,bat_tay,Dataset/Videos/W00202.mp4,motions/bat_tay/w00202.json,features/bat_tay/w00202.npz,0.5873,8.4084,60
bậc thang,bac_thang,Dataset/Videos/W00203.mp4,motions/bac_thang/w00203.json,features/bac_thang/w00203.npz,0.614,8.7087,60
bập bênh,bap_benh,Dataset/Videos/W00205.mp4,motions/bap_benh/w00205.json,features/bap_benh/w00205.npz,0.6455,5.2386,60
bất động,bat_ong,Dataset/Videos/W00206.mp4,motions/bat_ong/w00206.json,features/bat_ong/w00206.npz,0.3473,4.3043,60
bất hiếu,bat_hieu,Dataset/Videos/W00207.mp4,motions/bat_hieu/w00207.json,features/bat_hieu/w00207.npz,0.6297,4.1041,60
bật đèn,bat_en,Dataset/Videos/W00209.mp4,motions/bat_en/w00209.json,features/bat_en/w00209.npz,0.4899,5.0384,60
bật lửa,bat_lua,Dataset/Videos/W00210.mp4,motions/bat_lua/w00210.json,features/bat_lua/w00210.npz,0.4784,5.5722,60
bầu trời,bau_troi,Dataset/Videos/W00212.mp4,motions/bau_troi/w00212.json,features/bau_troi/w00212.npz,0.5308,5.2052,60
bẫy chim,bay_chim,Dataset/Videos/W00213.mp4,motions/bay_chim/w00213.json,features/bay_chim/w00213.npz,0.6515,6.4731,60
bẫy chuột (hành động),bay_chuot_hanh_ong,Dataset/Videos/W00214B.mp4,motions/bay_chuot_hanh_ong/w00214b.json,features/bay_chuot_hanh_ong/w00214b.npz,0.8333,2.6026,60
bẫy chuột (hành động),bay_chuot_hanh_ong,Dataset/Videos/W00214N.mp4,motions/bay_chuot_hanh_ong/w00214n.json,features/bay_chuot_hanh_ong/w00214n.npz,0.5375,4.3377,60
bẫy chuột (hành động),bay_chuot_hanh_ong,Dataset/Videos/W00214T.mp4,motions/bay_chuot_hanh_ong/w00214t.json,features/bay_chuot_hanh_ong/w00214t.npz,0.5175,4.3377,60
bẫy chuột (dụng cụ),bay_chuot_dung_cu,Dataset/Videos/W00215.mp4,motions/bay_chuot_dung_cu/w00215.json,features/bay_chuot_dung_cu/w00215.npz,0.5271,4.8382,60
bẻ ngô,be_ngo,Dataset/Videos/W00216B.mp4,motions/be_ngo/w00216b.json,features/be_ngo/w00216b.npz,0.635,4.4044,60
bẻ ngô,be_ngo,Dataset/Videos/W00216N.mp4,motions/be_ngo/w00216n.json,features/be_ngo/w00216n.npz,0.6202,4.1708,60
bẻ ngô,be_ngo,Dataset/Videos/W00216T.mp4,motions/be_ngo/w00216t.json,features/be_ngo/w00216t.npz,0.6072,4.1708,60
bé gái,be_gai,Dataset/Videos/W00217.mp4,motions/be_gai/w00217.json,features/be_gai/w00217.npz,0.5199,5.1051,60
bé hơn,be_hon,Dataset/Videos/W00218.mp4,motions/be_hon/w00218.json,features/be_hon/w00218.npz,0.6652,4.4378,60
bé loắt choắt,be_loat_choat,Dataset/Videos/W00219.mp4,motions/be_loat_choat/w00219.json,features/be_loat_choat/w00219.npz,0.5311,4.0707,60
bé trai,be_trai,Dataset/Videos/W00220B.mp4,motions/be_trai/w00220b.json,features/be_trai/w00220b.npz,0.5281,4.5045,60
bé trai,be_trai,Dataset/Videos/W00220N.mp4,motions/be_trai/w00220n.json,features/be_trai/w00220n.npz,0.5194,3.9039,60
bé trai,be_trai,Dataset/Videos/W00220T.mp4,motions/be_trai/w00220t.json,features/be_trai/w00220t.npz,0.5185,4.5045,60
béo,beo,Dataset/Videos/W00225.mp4,motions/beo/w00225.json,features/beo/w00225.npz,0.6224,4.7381,60
bê tông,be_tong,Dataset/Videos/W00228.mp4,motions/be_tong/w00228.json,features/be_tong/w00228.npz,0.5505,5.4054,60
bể bơi,be_boi,Dataset/Videos/W00230.mp4,motions/be_boi/w00230.json,features/be_boi/w00230.npz,0.6725,4.4044,60
bể cá,be_ca,Dataset/Videos/W00231.mp4,motions/be_ca/w00231.json,features/be_ca/w00231.npz,0.6133,9.3093,60
bế em,be_em,Dataset/Videos/W00232.mp4,motions/be_em/w00232.json,features/be_em/w00232.npz,0.5354,4.9716,60
bệ hạ,be_ha,Dataset/Videos/W00234B.mp4,motions/be_ha/w00234b.json,features/be_ha/w00234b.npz,0.4851,4.9716,60
bệ hạ,be_ha,Dataset/Videos/W00234T.mp4,motions/be_ha/w00234t.json,features/be_ha/w00234t.npz,0.4851,4.9716,60
bệ xí,be_xi,Dataset/Videos/W00235.mp4,motions/be_xi/w00235.json,features/be_xi/w00235.npz,0.6026,5.5389,60
bên cạnh,ben_canh,Dataset/Videos/W00236.mp4,motions/ben_canh/w00236.json,features/ben_canh/w00236.npz,0.5718,5.6723,60
bên cạnh,ben_canh,Dataset/Videos/W00236N.mp4,motions/ben_canh/w00236n.json,features/ben_canh/w00236n.npz,0.5165,5.4054,60
bên dưới,ben_duoi,Dataset/Videos/W00237.mp4,motions/ben_duoi/w00237.json,features/ben_duoi/w00237.npz,0.5868,5.0384,60
bên phải,ben_phai,Dataset/Videos/W00238.mp4,motions/ben_phai/w00238.json,features/ben_phai/w00238.npz,0.4662,4.5712,60
bên trái,ben_trai,Dataset/Videos/W00239.mp4,motions/ben_trai/w00239.json,features/ben_trai/w00239.npz,0.4804,5.5722,60
bên trên,ben_tren,Dataset/Videos/W00240.mp4,motions/ben_tren/w00240.json,features/ben_tren/w00240.npz,0.531,5.5722,60
bên trong,ben_trong,Dataset/Videos/W00241.mp4,motions/ben_trong/w00241.json,features/ben_trong/w00241.npz,0.5524,5.5722,60
bến phà,ben_pha,Dataset/Videos/W00242.mp4,motions/ben_pha/w00242.json,features/ben_pha/w00242.npz,0.5679,5.6723,60
bến tàu,ben_tau,Dataset/Videos/W00243.mp4,motions/ben_tau/w00243.json,features/ben_tau/w00243.npz,0.5972,5.4388,60
Bến Tre,ben_tre,Dataset/Videos/W00244.mp4,motions/ben_tre/w00244.json,features/ben_tre/w00244.npz,0.5399,5.5389,60
bến xe,ben_xe,Dataset/Videos/W00245.mp4,motions/ben_xe/w00245.json,features/ben_xe/w00245.npz,0.5506,5.4054,60
bênh vực,benh_vuc,Dataset/Videos/W00246.mp4,motions/benh_vuc/w00246.json,features/benh_vuc/w00246.npz,0.6306,4.638,60
bệnh thủy đậu,benh_thuy_au,Dataset/Videos/W00247.mp4,motions/benh_thuy_au/w00247.json,features/benh_thuy_au/w00247.npz,0.8756,4.2709,60
bệnh nhân,benh_nhan,Dataset/Videos/W00248.mp4,motions/benh_nhan/w00248.json,features/benh_nhan/w00248.npz,0.5785,10.3437,60
bệnh tật,benh_tat,Dataset/Videos/W00249.mp4,motions/benh_tat/w00249.json,features/benh_tat/w00249.npz,0.58,4.004,60
bí ngô,bi_ngo,Dataset/Videos/W00252.mp4,motions/bi_ngo/w00252.json,features/bi_ngo/w00252.npz,0.5981,4.371,60
bị động,bi_ong,Dataset/Videos/W00253.mp4,motions/bi_ong/w00253.json,features/bi_ong/w00253.npz,0.5471,4.0707,60
bìa sách,bia_sach,Dataset/Videos/W00254.mp4,motions/bia_sach/w00254.json,features/bia_sach/w00254.npz,0.6084,5.372,60
bìa vở,bia_vo,Dataset/Videos/W00255B.mp4,motions/bia_vo/w00255b.json,features/bia_vo/w00255b.npz,0.6584,4.5712,60
bìa vở,bia_vo,Dataset/Videos/W00255N.mp4,motions/bia_vo/w00255n.json,features/bia_vo/w00255n.npz,0.6183,4.9716,60
bìa vở,bia_vo,Dataset/Videos/W00255T.mp4,motions/bia_vo/w00255t.json,features/bia_vo/w00255t.npz,0.8333,6.4398,60
bịa đặt,bia_at,Dataset/Videos/W00256.mp4,motions/bia_at/w00256.json,features/bia_at/w00256.npz,0.5633,5.3387,60
hóa đơn,hoa_on,Dataset/Videos/W00258.mp4,motions/hoa_on/w00258.json,features/hoa_on/w00258.npz,0.588,4.7381,60
biển đông,bien_ong,Dataset/Videos/W00260.mp4,motions/bien_ong/w00260.json,features/bien_ong/w00260.npz,0.6594,4.1708,60
biển hiệu,bien_hieu,Dataset/Videos/W00261.mp4,motions/bien_hieu/w00261.json,features/bien_hieu/w00261.npz,0.5242,5.1051,60
biến đổi,bien_oi,Dataset/Videos/W00262N.mp4,motions/bien_oi/w00262n.json,features/bien_oi/w00262n.npz,0.5806,5.1718,60
biện pháp,bien_phap,Dataset/Videos/W00263.mp4,motions/bien_phap/w00263.json,features/bien_phap/w00263.npz,0.5165,5.4054,60
biểu đồ,bieu_o,Dataset/Videos/W00265.mp4,motions/bieu_o/w00265.json,features/bieu_o/w00265.npz,0.5426,5.4054,60
biểu đồ cột,bieu_o_cot,Dataset/Videos/W00266.mp4,motions/bieu_o_cot/w00266.json,features/bieu_o_cot/w00266.npz,0.5828,4.7047,60
biểu đồ hình quạt,bieu_o_hinh_quat,Dataset/Videos/W00267.mp4,motions/bieu_o_hinh_quat/w00267.json,features/bieu_o_hinh_quat/w00267.npz,0.4998,4.7047,60
biểu thị,bieu_thi,Dataset/Videos/W00270.mp4,motions/bieu_thi/w00270.json,features/bieu_thi/w00270.npz,0.4975,4.7047,60
biểu thức,bieu_thuc,Dataset/Videos/W00271.mp4,motions/bieu_thuc/w00271.json,features/bieu_thuc/w00271.npz,0.5248,3.9706,60
bím tóc đuôi sam,bim_toc_uoi_sam,Dataset/Videos/W00273.mp4,motions/bim_toc_uoi_sam/w00273.json,features/bim_toc_uoi_sam/w00273.npz,0.6452,4.7381,60
bình an,binh_an,Dataset/Videos/W00274B.mp4,motions/binh_an/w00274b.json,features/binh_an/w00274b.npz,0.6167,5.2052,60
bình an,binh_an,Dataset/Videos/W00274N.mp4,motions/binh_an/w00274n.json,features/binh_an/w00274n.npz,0.6681,4.7047,60
bình an,binh_an,Dataset/Videos/W00274T.mp4,motions/binh_an/w00274t.json,features/binh_an/w00274t.npz,0.6063,5.2052,60
Bình Dương,binh_duong,Dataset/Videos/W00276.mp4,motions/binh_duong/w00276.json,features/binh_duong/w00276.npz,0.5419,5.5389,60
Bình Định,binh_inh,Dataset/Videos/W00277.mp4,motions/binh_inh/w00277.json,features/binh_inh/w00277.npz,0.5231,5.1385,60
bình minh,binh_minh,Dataset/Videos/W00279.mp4,motions/binh_minh/w00279.json,features/binh_minh/w00279.npz,0.5646,5.3053,60
bình phương,binh_phuong,Dataset/Videos/W00282.mp4,motions/binh_phuong/w00282.json,features/binh_phuong/w00282.npz,0.5872,4.5712,60
Bình Phước,binh_phuoc,Dataset/Videos/W00283.mp4,motions/binh_phuoc/w00283.json,features/binh_phuoc/w00283.npz,0.5372,5.2719,60
Bình Thuận,binh_thuan,Dataset/Videos/W00285.mp4,motions/binh_thuan/w00285.json,features/binh_thuan/w00285.npz,0.622,4.9383,60
bình thường,binh_thuong,Dataset/Videos/W00286B.mp4,motions/binh_thuong/w00286b.json,features/binh_thuong/w00286b.npz,0.4969,3.5369,60
bình thường,binh_thuong,Dataset/Videos/W00286N.mp4,motions/binh_thuong/w00286n.json,features/binh_thuong/w00286n.npz,0.4629,3.9373,60
bình thường,binh_thuong,Dataset/Videos/W00286T.mp4,motions/binh_thuong/w00286t.json,features/binh_thuong/w00286t.npz,0.4629,3.9373,60
bít tất,bit_tat,Dataset/Videos/W00287.mp4,motions/bit_tat/w00287.json,features/bit_tat/w00287.npz,0.5347,4.638,60
bò,bo,Dataset/Videos/W00288.mp4,motions/bo/w00288.json,features/bo/w00288.npz,0.6145,4.3043,60
bò sát,bo_sat,Dataset/Videos/W00289.mp4,motions/bo_sat/w00289.json,features/bo_sat/w00289.npz,0.5862,5.372,60
bò tót,bo_tot,Dataset/Videos/W00290.mp4,motions/bo_tot/w00290.json,features/bo_tot/w00290.npz,0.5354,4.7381,60
bỏ hoang,bo_hoang,Dataset/Videos/W00292.mp4,motions/bo_hoang/w00292.json,features/bo_hoang/w00292.npz,0.5248,9.2426,60
bỏ phiếu,bo_phieu,Dataset/Videos/W00293.mp4,motions/bo_phieu/w00293.json,features/bo_phieu/w00293.npz,0.4843,5.005,60
bỏ qua,bo_qua,Dataset/Videos/W00294.mp4,motions/bo_qua/w00294.json,features/bo_qua/w00294.npz,0.429,4.8048,60
bỏ rơi,bo_roi,Dataset/Videos/W00295.mp4,motions/bo_roi/w00295.json,features/bo_roi/w00295.npz,0.5253,5.9393,60
bó đũa,bo_ua,Dataset/Videos/W00297.mp4,motions/bo_ua/w00297.json,features/bo_ua/w00297.npz,0.5294,5.1385,60
bó hoa,bo_hoa,Dataset/Videos/W00298.mp4,motions/bo_hoa/w00298.json,features/bo_hoa/w00298.npz,0.5248,4.8382,60
bóc lột,boc_lot,Dataset/Videos/W00299.mp4,motions/boc_lot/w00299.json,features/boc_lot/w00299.npz,0.4725,4.6046,60
bóc vỏ,boc_vo,Dataset/Videos/W00300.mp4,motions/boc_vo/w00300.json,features/boc_vo/w00300.npz,0.5,4.7714,60
bọc sách,boc_sach,Dataset/Videos/W00301.mp4,motions/boc_sach/w00301.json,features/boc_sach/w00301.npz,0.5369,5.1051,60
bom đạn,bom_an,Dataset/Videos/W00302.mp4,motions/bom_an/w00302.json,features/bom_an/w00302.npz,0.4975,5.0717,60
bom nguyên tử,bom_nguyen_tu,Dataset/Videos/W00303.mp4,motions/bom_nguyen_tu/w00303.json,features/bom_nguyen_tu/w00303.npz,0.5475,5.2719,60
bón phân,bon_phan,Dataset/Videos/W00304B.mp4,motions/bon_phan/w00304b.json,features/bon_phan/w00304b.npz,0.9429,3.0364,60
bón phân,bon_phan,Dataset/Videos/W00304N.mp4,motions/bon_phan/w00304n.json,features/bon_phan/w00304n.npz,0.5328,4.8048,60
bón phân,bon_phan,Dataset/Videos/W00304T.mp4,motions/bon_phan/w00304t.json,features/bon_phan/w00304t.npz,0.5328,4.8048,60
bỏng,bong,Dataset/Videos/W00305.mp4,motions/bong/w00305.json,features/bong/w00305.npz,0.5398,4.1708,60
bỏng ngô,bong_ngo,Dataset/Videos/W00306.mp4,motions/bong_ngo/w00306.json,features/bong_ngo/w00306.npz,0.5535,5.005,60
bóng bay,bong_bay,Dataset/Videos/W00308.mp4,motions/bong_bay/w00308.json,features/bong_bay/w00308.npz,0.5033,5.3053,60
boong tàu,boong_tau,Dataset/Videos/W00312.mp4,motions/boong_tau/w00312.json,features/boong_tau/w00312.npz,0.583,5.3053,60
bọt biển,bot_bien,Dataset/Videos/W00313.mp4,motions/bot_bien/w00313.json,features/bot_bien/w00313.npz,0.6354,3.8372,60
bọt xà phòng,bot_xa_phong,Dataset/Videos/W00314.mp4,motions/bot_xa_phong/w00314.json,features/bot_xa_phong/w00314.npz,0.5488,5.0717,60
bồ kết,bo_ket,Dataset/Videos/W00315.mp4,motions/bo_ket/w00315.json,features/bo_ket/w00315.npz,0.6234,4.8382,60
bổ ích,bo_ich,Dataset/Videos/W00316.mp4,motions/bo_ich/w00316.json,features/bo_ich/w00316.npz,0.4458,5.2052,60
bổ ngữ,bo_ngu,Dataset/Videos/W00317.mp4,motions/bo_ngu/w00317.json,features/bo_ngu/w00317.npz,0.4917,3.7371,60
bổ trợ,bo_tro,Dataset/Videos/W00318.mp4,motions/bo_tro/w00318.json,features/bo_tro/w00318.npz,0.5748,5.2052,60
bố trí,bo_tri,Dataset/Videos/W00320.mp4,motions/bo_tri/w00320.json,features/bo_tri/w00320.npz,0.4775,5.1051,60
bộ truyện,bo_truyen,Dataset/Videos/W00321.mp4,motions/bo_truyen/w00321.json,features/bo_truyen/w00321.npz,0.5741,3.8705,60
bốc vác,boc_vac,Dataset/Videos/W00322.mp4,motions/boc_vac/w00322.json,features/boc_vac/w00322.npz,0.5112,4.1708,60
bố,bo,Dataset/Videos/W00325.mp4,motions/bo/w00325.json,features/bo/w00325.npz,0.4639,4.0457,60
bố dượng,bo_duong,Dataset/Videos/W00326B.mp4,motions/bo_duong/w00326b.json,features/bo_duong/w00326b.npz,0.8056,3.7371,60
bố dượng,bo_duong,Dataset/Videos/W00326N.mp4,motions/bo_duong/w00326n.json,features/bo_duong/w00326n.npz,0.6658,2.369,60
bố dượng,bo_duong,Dataset/Videos/W00326T.mp4,motions/bo_duong/w00326t.json,features/bo_duong/w00326t.npz,0.643,2.369,60
bố mẹ,bo_me,Dataset/Videos/W00327.mp4,motions/bo_me/w00327.json,features/bo_me/w00327.npz,0.4519,4.9216,60
bộ đội,bo_oi,Dataset/Videos/W00328B.mp4,motions/bo_oi/w00328b.json,features/bo_oi/w00328b.npz,0.4822,4.8382,60
bộ đội,bo_oi,Dataset/Videos/W00328N.mp4,motions/bo_oi/w00328n.json,features/bo_oi/w00328n.npz,0.6341,4.5045,60
bộ đội,bo_oi,Dataset/Videos/W00328T.mp4,motions/bo_oi/w00328t.json,features/bo_oi/w00328t.npz,0.6354,3.8372,60
bộ sách,bo_sach,Dataset/Videos/W00329.mp4,motions/bo_sach/w00329.json,features/bo_sach/w00329.npz,0.5164,5.2135,60
bốc hơi,boc_hoi,Dataset/Videos/W00330.mp4,motions/boc_hoi/w00330.json,features/boc_hoi/w00330.npz,0.5752,4.7547,60
bốc thăm,boc_tham,Dataset/Videos/W00331.mp4,motions/boc_tham/w00331.json,features/boc_tham/w00331.npz,0.5391,4.5879,60
bồi bàn,boi_ban,Dataset/Videos/W00332.mp4,motions/boi_ban/w00332.json,features/boi_ban/w00332.npz,0.5268,5.2135,60
bồi thường,boi_thuong,Dataset/Videos/W00333.mp4,motions/boi_thuong/w00333.json,features/boi_thuong/w00333.npz,0.4878,5.2135,60
bồn hoa,bon_hoa,Dataset/Videos/W00334.mp4,motions/bon_hoa/w00334.json,features/bon_hoa/w00334.npz,0.5874,4.7047,60
bồn rửa bát,bon_rua_bat,Dataset/Videos/W00335.mp4,motions/bon_rua_bat/w00335.json,features/bon_rua_bat/w00335.npz,0.58,5.4221,60
bông hoa,bong_hoa,Dataset/Videos/W00336B.mp4,motions/bong_hoa/w00336b.json,features/bong_hoa/w00336b.npz,0.5809,5.0717,60
bông hoa,bong_hoa,Dataset/Videos/W00336N.mp4,motions/bong_hoa/w00336n.json,features/bong_hoa/w00336n.npz,0.5125,3.8038,60
bông hoa,bong_hoa,Dataset/Videos/W00336T.mp4,motions/bong_hoa/w00336t.json,features/bong_hoa/w00336t.npz,0.5125,3.8038,60
bốt cảnh sát,bot_canh_sat,Dataset/Videos/W00337B.mp4,motions/bot_canh_sat/w00337b.json,features/bot_canh_sat/w00337b.npz,0.765,4.9383,60
bốt cảnh sát,bot_canh_sat,Dataset/Videos/W00337N.mp4,motions/bot_canh_sat/w00337n.json,features/bot_canh_sat/w00337n.npz,0.5268,6.4398,60
bốt cảnh sát,bot_canh_sat,Dataset/Videos/W00337T.mp4,motions/bot_canh_sat/w00337t.json,features/bot_canh_sat/w00337t.npz,0.5268,6.4398,60
bốt điện,bot_ien,Dataset/Videos/W00338B.mp4,motions/bot_ien/w00338b.json,features/bot_ien/w00338b.npz,0.7654,4.4378,60
bốt điện,bot_ien,Dataset/Videos/W00338N.mp4,motions/bot_ien/w00338n.json,features/bot_ien/w00338n.npz,0.5687,5.3053,60
bốt điện,bot_ien,Dataset/Videos/W00338T.mp4,motions/bot_ien/w00338t.json,features/bot_ien/w00338t.npz,0.5708,5.3053,60
bột giặt,bot_giat,Dataset/Videos/W00340.mp4,motions/bot_giat/w00340.json,features/bot_giat/w00340.npz,0.5765,4.4044,60
bột màu,bot_mau,Dataset/Videos/W00341B.mp4,motions/bot_mau/w00341b.json,features/bot_mau/w00341b.npz,0.823,4.1041,60
bột màu,bot_mau,Dataset/Videos/W00341N.mp4,motions/bot_mau/w00341n.json,features/bot_mau/w00341n.npz,0.595,4.3377,60
bột màu,bot_mau,Dataset/Videos/W00341T.mp4,motions/bot_mau/w00341t.json,features/bot_mau/w00341t.npz,0.595,4.3377,60
bột ngọt,bot_ngot,Dataset/Videos/W00342N.mp4,motions/bot_ngot/w00342n.json,features/bot_ngot/w00342n.npz,0.4965,4.0707,60
bột ngọt,bot_ngot,Dataset/Videos/W00342T.mp4,motions/bot_ngot/w00342t.json,features/bot_ngot/w00342t.npz,0.4912,4.0707,60
bờ biển,bo_bien,Dataset/Videos/W00344.mp4,motions/bo_bien/w00344.json,features/bo_bien/w00344.npz,0.5554,4.8048,60
bờ rào,bo_rao,Dataset/Videos/W00345.mp4,motions/bo_rao/w00345.json,features/bo_rao/w00345.npz,0.5746,4.1041,60
bờ ruộng,bo_ruong,Dataset/Videos/W00346.mp4,motions/bo_ruong/w00346.json,features/bo_ruong/w00346.npz,0.5267,5.3387,60
bơi,boi,Dataset/Videos/W00347.mp4,motions/boi/w00347.json,features/boi/w00347.npz,0.4754,8.2165,60
bơi lội,boi_loi,Dataset/Videos/W00348.mp4,motions/boi_loi/w00348.json,features/boi_loi/w00348.npz,0.5081,7.716,60
bơm (cái bơm),bom_cai_bom,Dataset/Videos/W00349.mp4,motions/bom_cai_bom/w00349.json,features/bom_cai_bom/w00349.npz,0.5531,4.2709,60
bơm nước,bom_nuoc,Dataset/Videos/W00350.mp4,motions/bom_nuoc/w00350.json,features/bom_nuoc/w00350.npz,0.645,3.9706,60
bơm xe,bom_xe,Dataset/Videos/W00351.mp4,motions/bom_xe/w00351.json,features/bom_xe/w00351.npz,0.5638,3.8038,60
bờm tóc,bom_toc,Dataset/Videos/W00352.mp4,motions/bom_toc/w00352.json,features/bom_toc/w00352.npz,0.7528,2.9613,60
bớt,bot,Dataset/Videos/W00353.mp4,motions/bot/w00353.json,features/bot/w00353.npz,0.5233,4.004,60
bớt đi,bot_i,Dataset/Videos/W00354.mp4,motions/bot_i/w00354.json,features/bot_i/w00354.npz,0.5656,3.37,60
Bra-xin (nước Bra-xin),bra_xin_nuoc_bra_xin,Dataset/Videos/W00355B.mp4,motions/bra_xin_nuoc_bra_xin/w00355b.json,features/bra_xin_nuoc_bra_xin/w00355b.npz,0.4982,4.1708,60
Bra-xin (nước Bra-xin),bra_xin_nuoc_bra_xin,Dataset/Videos/W00355N.mp4,motions/bra_xin_nuoc_bra_xin/w00355n.json,features/bra_xin_nuoc_bra_xin/w00355n.npz,0.4936,4.3043,60
Bra-xin (nước Bra-xin),bra_xin_nuoc_bra_xin,Dataset/Videos/W00355T.mp4,motions/bra_xin_nuoc_bra_xin/w00355t.json,features/bra_xin_nuoc_bra_xin/w00355t.npz,0.4936,4.3043,60
Bru-nây (nước Bru-nây),bru_nay_nuoc_bru_nay,Dataset/Videos/W00356B.mp4,motions/bru_nay_nuoc_bru_nay/w00356b.json,features/bru_nay_nuoc_bru_nay/w00356b.npz,0.7833,4.3043,60
Bru-nây (nước Bru-nây),bru_nay_nuoc_bru_nay,Dataset/Videos/W00356N.mp4,motions/bru_nay_nuoc_bru_nay/w00356n.json,features/bru_nay_nuoc_bru_nay/w00356n.npz,0.5688,8.5502,60
Bru-nây (nước Bru-nây),bru_nay_nuoc_bru_nay,Dataset/Videos/W00356T.mp4,motions/bru_nay_nuoc_bru_nay/w00356t.json,features/bru_nay_nuoc_bru_nay/w00356t.npz,0.5672,8.5502,60
cỏ,co,Dataset/Videos/W00357B.mp4,motions/co/w00357b.json,features/co/w00357b.npz,0.9466,2.7945,60
cỏ,co,Dataset/Videos/W00357N.mp4,motions/co/w00357n.json,features/co/w00357n.npz,0.6559,3.5452,60
cỏ,co,Dataset/Videos/W00357T.mp4,motions/co/w00357t.json,features/co/w00357t.npz,0.6635,3.5452,60
bụi đời,bui_oi,Dataset/Videos/W00358.mp4,motions/bui_oi/w00358.json,features/bui_oi/w00358.npz,0.4646,5.2052,60
bụi phấn,bui_phan,Dataset/Videos/W00359B.mp4,motions/bui_phan/w00359b.json,features/bui_phan/w00359b.npz,0.7321,3.9706,60
bụi phấn,bui_phan,Dataset/Videos/W00359N.mp4,motions/bui_phan/w00359n.json,features/bui_phan/w00359n.npz,0.7583,4.0374,60
bụi phấn,bui_phan,Dataset/Videos/W00359T.mp4,motions/bui_phan/w00359t.json,features/bui_phan/w00359t.npz,0.7267,3.9706,60
Bun-ga-ri (nước Bun-ga-ri),bun_ga_ri_nuoc_bun_ga_ri,Dataset/Videos/W00360.mp4,motions/bun_ga_ri_nuoc_bun_ga_ri/w00360.json,features/bun_ga_ri_nuoc_bun_ga_ri/w00360.npz,0.553,4.8048,60
bùn,bun,Dataset/Videos/W00361.mp4,motions/bun/w00361.json,features/bun/w00361.npz,0.5816,5.3387,60
bụng,bung,Dataset/Videos/W00362.mp4,motions/bung/w00362.json,features/bung/w00362.npz,0.4559,4.5045,60
buộc dây,buoc_day,Dataset/Videos/W00363.mp4,motions/buoc_day/w00363.json,features/buoc_day/w00363.npz,0.6548,5.4054,60
buộc tóc,buoc_toc,Dataset/Videos/W00364.mp4,motions/buoc_toc/w00364.json,features/buoc_toc/w00364.npz,0.7819,7.4074,60
buổi chiều,buoi_chieu,Dataset/Videos/W00366.mp4,motions/buoi_chieu/w00366.json,features/buoi_chieu/w00366.npz,0.5791,4.638,60
buổi đêm,buoi_em,Dataset/Videos/W00367B.mp4,motions/buoi_em/w00367b.json,features/buoi_em/w00367b.npz,0.8291,3.8705,60
buổi đêm,buoi_em,Dataset/Videos/W00367N.mp4,motions/buoi_em/w00367n.json,features/buoi_em/w00367n.npz,0.6826,2.8695,60
buổi đêm,buoi_em,Dataset/Videos/W00367T.mp4,motions/buoi_em/w00367t.json,features/buoi_em/w00367t.npz,0.6939,2.8695,60
buổi sáng,buoi_sang,Dataset/Videos/W00368B.mp4,motions/buoi_sang/w00368b.json,features/buoi_sang/w00368b.npz,0.65,4.3377,60
buổi sáng,buoi_sang,Dataset/Videos/W00368N.mp4,motions/buoi_sang/w00368n.json,features/buoi_sang/w00368n.npz,0.5943,5.1051,60
buổi sáng,buoi_sang,Dataset/Videos/W00368T.mp4,motions/buoi_sang/w00368t.json,features/buoi_sang/w00368t.npz,0.5964,5.1051,60
buổi tối,buoi_toi,Dataset/Videos/W00369B.mp4,motions/buoi_toi/w00369b.json,features/buoi_toi/w00369b.npz,0.5729,4.0374,60
buổi tối,buoi_toi,Dataset/Videos/W00369N.mp4,motions/buoi_toi/w00369n.json,features/buoi_toi/w00369n.npz,0.5537,4.7381,60
buổi tối,buoi_toi,Dataset/Videos/W00369T.mp4,motions/buoi_toi/w00369t.json,features/buoi_toi/w00369t.npz,0.5537,4.7381,60
buổi trưa,buoi_trua,Dataset/Videos/W00370B.mp4,motions/buoi_trua/w00370b.json,features/buoi_trua/w00370b.npz,0.7143,4.1375,60
buổi trưa,buoi_trua,Dataset/Videos/W00370N.mp4,motions/buoi_trua/w00370n.json,features/buoi_trua/w00370n.npz,0.5954,5.0384,60
buổi trưa,buoi_trua,Dataset/Videos/W00370T.mp4,motions/buoi_trua/w00370t.json,features/buoi_trua/w00370t.npz,0.7,4.3377,60
buôn làng,buon_lang,Dataset/Videos/W00371.mp4,motions/buon_lang/w00371.json,features/buon_lang/w00371.npz,0.5905,5.005,60
buồn nôn,buon_non,Dataset/Videos/W00372.mp4,motions/buon_non/w00372.json,features/buon_non/w00372.npz,0.4815,5.9393,60
buông màn,buong_man,Dataset/Videos/W00374B.mp4,motions/buong_man/w00374b.json,features/buong_man/w00374b.npz,0.7374,4.5045,60
buông màn,buong_man,Dataset/Videos/W00374N.mp4,motions/buong_man/w00374n.json,features/buong_man/w00374n.npz,0.6822,4.4044,60
buông màn,buong_man,Dataset/Videos/W00374T.mp4,motions/buong_man/w00374t.json,features/buong_man/w00374t.npz,0.8567,5.0717,60
buồng trứng,buong_trung,Dataset/Videos/W00377.mp4,motions/buong_trung/w00377.json,features/buong_trung/w00377.npz,0.6703,4.6046,60
búp bê,bup_be,Dataset/Videos/W00378.mp4,motions/bup_be/w00378.json,features/bup_be/w00378.npz,0.9668,3.2699,60
bút,but,Dataset/Videos/W00380.mp4,motions/but/w00380.json,features/but/w00380.npz,0.4773,4.7714,60
bút bi,but_bi,Dataset/Videos/W00381.mp4,motions/but_bi/w00381.json,features/but_bi/w00381.npz,0.5734,9.6096,60
bút dạ,but_da,Dataset/Videos/W00382.mp4,motions/but_da/w00382.json,features/but_da/w00382.npz,0.6604,5.2052,60
bút màu,but_mau,Dataset/Videos/W00383B.mp4,motions/but_mau/w00383b.json,features/but_mau/w00383b.npz,0.5556,4.9049,60
bút màu,but_mau,Dataset/Videos/W00383N.mp4,motions/but_mau/w00383n.json,features/but_mau/w00383n.npz,0.4832,4.8048,60
bút màu,but_mau,Dataset/Videos/W00383T.mp4,motions/but_mau/w00383t.json,features/but_mau/w00383t.npz,0.4704,5.4054,60
bút máy,but_may,Dataset/Videos/W00384.mp4,motions/but_may/w00384.json,features/but_may/w00384.npz,0.4619,5.1385,60
bữa cơm,bua_com,Dataset/Videos/W00385.mp4,motions/bua_com/w00385.json,features/bua_com/w00385.npz,0.5696,4.9383,60
bức tranh,buc_tranh,Dataset/Videos/W00386B.mp4,motions/buc_tranh/w00386b.json,features/buc_tranh/w00386b.npz,0.7791,5.9393,60
bức tranh,buc_tranh,Dataset/Videos/W00386N.mp4,motions/buc_tranh/w00386n.json,features/buc_tranh/w00386n.npz,0.6122,5.005,60
bức tranh,buc_tranh,Dataset/Videos/W00386T.mp4,motions/buc_tranh/w00386t.json,features/buc_tranh/w00386t.npz,0.759,5.9393,60
bức tường,buc_tuong,Dataset/Videos/W00387.mp4,motions/buc_tuong/w00387.json,features/buc_tuong/w00387.npz,0.5745,5.5055,60
bước,buoc,Dataset/Videos/W00388.mp4,motions/buoc/w00388.json,features/buoc/w00388.npz,0.537,4.8715,60
bước chân,buoc_chan,Dataset/Videos/W00389.mp4,motions/buoc_chan/w00389.json,features/buoc_chan/w00389.npz,0.5269,4.9049,60
bướng bỉnh,buong_binh,Dataset/Videos/W00390N.mp4,motions/buong_binh/w00390n.json,features/buong_binh/w00390n.npz,0.5631,5.1385,60
bướng bỉnh,buong_binh,Dataset/Videos/W00390T.mp4,motions/buong_binh/w00390t.json,features/buong_binh/w00390t.npz,0.5631,5.1385,60
bưu tá,buu_ta,Dataset/Videos/W00393.mp4,motions/buu_ta/w00393.json,features/buu_ta/w00393.npz,0.5589,5.1385,60
ca,ca,Dataset/Videos/W00395.mp4,motions/ca/w00395.json,features/ca/w00395.npz,0.6326,4.6046,60
ca nô,ca_no,Dataset/Videos/W00396.mp4,motions/ca_no/w00396.json,features/ca_no/w00396.npz,0.6654,4.5379,60
Cà Mau,ca_mau,Dataset/Videos/W00397.mp4,motions/ca_mau/w00397.json,features/ca_mau/w00397.npz,0.573,5.1051,60
cá kho,ca_kho,Dataset/Videos/W00398B.mp4,motions/ca_kho/w00398b.json,features/ca_kho/w00398b.npz,0.5034,4.1708,60
cá kho,ca_kho,Dataset/Videos/W00398N.mp4,motions/ca_kho/w00398n.json,features/ca_kho/w00398n.npz,0.5703,3.7371,60
cá kho,ca_kho,Dataset/Videos/W00398T.mp4,motions/ca_kho/w00398t.json,features/ca_kho/w00398t.npz,0.8449,4.4044,60
các bạn,cac_ban,Dataset/Videos/W00400.mp4,motions/cac_ban/w00400.json,features/cac_ban/w00400.npz,0.4851,5.1385,60
cãi nhau,cai_nhau,Dataset/Videos/W00401.mp4,motions/cai_nhau/w00401.json,features/cai_nhau/w00401.npz,0.8657,6.9653,60
cái bè,cai_be,Dataset/Videos/W00402.mp4,motions/cai_be/w00402.json,features/cai_be/w00402.npz,0.4583,5.3053,60
cái gương,cai_guong,Dataset/Videos/W00404B.mp4,motions/cai_guong/w00404b.json,features/cai_guong/w00404b.npz,0.48,4.8382,60
cái gương,cai_guong,Dataset/Videos/W00404N.mp4,motions/cai_guong/w00404n.json,features/cai_guong/w00404n.npz,0.5914,8.7587,60
cái gương,cai_guong,Dataset/Videos/W00404T.mp4,motions/cai_guong/w00404t.json,features/cai_guong/w00404t.npz,0.5899,8.7587,60
cái nhíp,cai_nhip,Dataset/Videos/W00405.mp4,motions/cai_nhip/w00405.json,features/cai_nhip/w00405.npz,0.5246,8.3834,60
cái túi,cai_tui,Dataset/Videos/W00406.mp4,motions/cai_tui/w00406.json,features/cai_tui/w00406.npz,0.8624,4.5712,60
Cam-pu-chia (nước Cam-pu-chia),cam_pu_chia_nuoc_cam_pu_chia,Dataset/Videos/W00407B.mp4,motions/cam_pu_chia_nuoc_cam_pu_chia/w00407b.json,features/cam_pu_chia_nuoc_cam_pu_chia/w00407b.npz,0.5361,3.9039,60
Cam-pu-chia (nước Cam-pu-chia),cam_pu_chia_nuoc_cam_pu_chia,Dataset/Videos/W00407N.mp4,motions/cam_pu_chia_nuoc_cam_pu_chia/w00407n.json,features/cam_pu_chia_nuoc_cam_pu_chia/w00407n.npz,0.4597,5.1385,60
Cam-pu-chia (nước Cam-pu-chia),cam_pu_chia_nuoc_cam_pu_chia,Dataset/Videos/W00407T.mp4,motions/cam_pu_chia_nuoc_cam_pu_chia/w00407t.json,features/cam_pu_chia_nuoc_cam_pu_chia/w00407t.npz,0.5361,3.9039,60
cảnh vật,canh_vat,Dataset/Videos/W00409.mp4,motions/canh_vat/w00409.json,features/canh_vat/w00409.npz,0.6561,5.1718,60
cánh tay,canh_tay,Dataset/Videos/W00410.mp4,motions/canh_tay/w00410.json,features/canh_tay/w00410.npz,0.5391,5.1051,60
cạnh,canh,Dataset/Videos/W00411.mp4,motions/canh/w00411.json,features/canh/w00411.npz,0.6009,4.5379,60
cạnh bên (toán),canh_ben_toan,Dataset/Videos/W00412.mp4,motions/canh_ben_toan/w00412.json,features/canh_ben_toan/w00412.npz,0.5938,4.9383,60
cạnh đáy,canh_ay,Dataset/Videos/W00413.mp4,motions/canh_ay/w00413.json,features/canh_ay/w00413.npz,0.5899,4.9716,60
cạnh đối diện,canh_oi_dien,Dataset/Videos/W00414.mp4,motions/canh_oi_dien/w00414.json,features/canh_oi_dien/w00414.npz,0.628,5.0717,60
cao (người),cao_nguoi,Dataset/Videos/W00415.mp4,motions/cao_nguoi/w00415.json,features/cao_nguoi/w00415.npz,0.5103,4.9383,60
cao (vật),cao_vat,Dataset/Videos/W004151.mp4,motions/cao_vat/w004151.json,features/cao_vat/w004151.npz,0.5336,4.371,60
cao (nhà),cao_nha,Dataset/Videos/W004152.mp4,motions/cao_nha/w004152.json,features/cao_nha/w004152.npz,0.7694,5.1718,60
cao (núi),cao_nui,Dataset/Videos/W004153.mp4,motions/cao_nui/w004153.json,features/cao_nui/w004153.npz,0.8613,5.005,60
Cao Bằng,cao_bang,Dataset/Videos/W00417.mp4,motions/cao_bang/w00417.json,features/cao_bang/w00417.npz,0.6569,4.8048,60
cao độ,cao_o,Dataset/Videos/W00418.mp4,motions/cao_o/w00418.json,features/cao_o/w00418.npz,0.647,5.0384,60
cao nguyên,cao_nguyen,Dataset/Videos/W00419.mp4,motions/cao_nguyen/w00419.json,features/cao_nguyen/w00419.npz,0.6175,4.9049,60
cao quý,cao_quy,Dataset/Videos/W00420.mp4,motions/cao_quy/w00420.json,features/cao_quy/w00420.npz,0.4883,4.9383,60
cao tầng,cao_tang,Dataset/Videos/W00421.mp4,motions/cao_tang/w00421.json,features/cao_tang/w00421.npz,0.5814,5.3053,60
cao thấp,cao_thap,Dataset/Videos/W00422.mp4,motions/cao_thap/w00422.json,features/cao_thap/w00422.npz,0.5288,10.3103,60
cao tốc,cao_toc,Dataset/Videos/W00423.mp4,motions/cao_toc/w00423.json,features/cao_toc/w00423.npz,0.4923,4.3377,60
cát,cat,Dataset/Videos/W00424.mp4,motions/cat/w00424.json,features/cat/w00424.npz,0.601,4.2709,60
cau có,cau_co,Dataset/Videos/W00425.mp4,motions/cau_co/w00425.json,features/cau_co/w00425.npz,0.7824,3.9373,60
cày,cay,Dataset/Videos/W00426.mp4,motions/cay/w00426.json,features/cay/w00426.npz,0.5546,4.5045,60
cày ruộng,cay_ruong,Dataset/Videos/W00427.mp4,motions/cay_ruong/w00427.json,features/cay_ruong/w00427.npz,0.5776,8.5752,60
cặp sách,cap_sach,Dataset/Videos/W00428.mp4,motions/cap_sach/w00428.json,features/cap_sach/w00428.npz,0.5123,5.2052,60
cặp tóc,cap_toc,Dataset/Videos/W00429.mp4,motions/cap_toc/w00429.json,features/cap_toc/w00429.npz,0.6543,4.7047,60
cắt nhau,cat_nhau,Dataset/Videos/W00430.mp4,motions/cat_nhau/w00430.json,features/cat_nhau/w00430.npz,0.5098,5.4221,60
cần khởi động,can_khoi_ong,Dataset/Videos/W00431.mp4,motions/can_khoi_ong/w00431.json,features/can_khoi_ong/w00431.npz,0.6152,4.1708,60
cấp cứu,cap_cuu,Dataset/Videos/W00432.mp4,motions/cap_cuu/w00432.json,features/cap_cuu/w00432.npz,0.5694,3.9039,60
cấp dưỡng,cap_duong,Dataset/Videos/W00433.mp4,motions/cap_duong/w00433.json,features/cap_duong/w00433.npz,0.5504,4.4378,60
cất giấu,cat_giau,Dataset/Videos/W00434.mp4,motions/cat_giau/w00434.json,features/cat_giau/w00434.npz,0.7263,4.4378,60
cất giữ,cat_giu,Dataset/Videos/W00435.mp4,motions/cat_giu/w00435.json,features/cat_giu/w00435.npz,0.8375,4.5879,60
cất tiếng khóc,cat_tieng_khoc,Dataset/Videos/W00436.mp4,motions/cat_tieng_khoc/w00436.json,features/cat_tieng_khoc/w00436.npz,0.7307,4.3794,60
cất tiếng nói,cat_tieng_noi,Dataset/Videos/W00437.mp4,motions/cat_tieng_noi/w00437.json,features/cat_tieng_noi/w00437.npz,0.7902,5.2719,60
câu cá,cau_ca,Dataset/Videos/W00438.mp4,motions/cau_ca/w00438.json,features/cau_ca/w00438.npz,0.5066,4.7714,60
câu chuyện,cau_chuyen,Dataset/Videos/W00439.mp4,motions/cau_chuyen/w00439.json,features/cau_chuyen/w00439.npz,0.6317,3.003,60
câu đố,cau_o,Dataset/Videos/W00440.mp4,motions/cau_o/w00440.json,features/cau_o/w00440.npz,0.4541,4.296,60
câu đối,cau_oi,Dataset/Videos/W00441.mp4,motions/cau_oi/w00441.json,features/cau_oi/w00441.npz,0.7313,3.1281,60
câu đơn,cau_on,Dataset/Videos/W00442.mp4,motions/cau_on/w00442.json,features/cau_on/w00442.npz,0.4831,4.2376,60
câu ghép,cau_ghep,Dataset/Videos/W00443.mp4,motions/cau_ghep/w00443.json,features/cau_ghep/w00443.npz,0.5298,4.7047,60
câu thơ,cau_tho,Dataset/Videos/W00444B.mp4,motions/cau_tho/w00444b.json,features/cau_tho/w00444b.npz,0.9818,4.1708,60
câu thơ,cau_tho,Dataset/Videos/W00444N.mp4,motions/cau_tho/w00444n.json,features/cau_tho/w00444n.npz,0.8092,3.0697,60
câu thơ,cau_tho,Dataset/Videos/W00444T.mp4,motions/cau_tho/w00444t.json,features/cau_tho/w00444t.npz,0.8269,3.0697,60
câu văn,cau_van,Dataset/Videos/W00445.mp4,motions/cau_van/w00445.json,features/cau_van/w00445.npz,0.6677,3.712,60
cầu (cây cầu),cau_cay_cau,Dataset/Videos/W00446.mp4,motions/cau_cay_cau/w00446.json,features/cau_cay_cau/w00446.npz,0.5658,8.7421,60
cầu cứu,cau_cuu,Dataset/Videos/W00447.mp4,motions/cau_cuu/w00447.json,features/cau_cuu/w00447.npz,0.4852,4.4044,60
cầu giao,cau_giao,Dataset/Videos/W00448.mp4,motions/cau_giao/w00448.json,features/cau_giao/w00448.npz,0.5623,4.3377,60
cầu kì,cau_ki,Dataset/Videos/W00449.mp4,motions/cau_ki/w00449.json,features/cau_ki/w00449.npz,0.5261,4.7381,60
cầu nguyện,cau_nguyen,Dataset/Videos/W00450.mp4,motions/cau_nguyen/w00450.json,features/cau_nguyen/w00450.npz,0.467,10.377,60
cầu thủ,cau_thu,Dataset/Videos/W00451.mp4,motions/cau_thu/w00451.json,features/cau_thu/w00451.npz,0.5605,5.3053,60
cầu tre,cau_tre,Dataset/Videos/W00452.mp4,motions/cau_tre/w00452.json,features/cau_tre/w00452.npz,0.61,10.5105,60
cáp treo,cap_treo,Dataset/Videos/W00453.mp4,motions/cap_treo/w00453.json,features/cap_treo/w00453.npz,0.6893,4.5379,60
cầu trượt,cau_truot,Dataset/Videos/W00454.mp4,motions/cau_truot/w00454.json,features/cau_truot/w00454.npz,0.6569,8.4084,60
cầu vượt,cau_vuot,Dataset/Videos/W00455.mp4,motions/cau_vuot/w00455.json,features/cau_vuot/w00455.npz,0.7738,3.4034,60
cây ăn quả,cay_an_qua,Dataset/Videos/W00456B.mp4,motions/cay_an_qua/w00456b.json,features/cay_an_qua/w00456b.npz,0.9684,3.4368,60
cây ăn quả,cay_an_qua,Dataset/Videos/W00456N.mp4,motions/cay_an_qua/w00456n.json,features/cay_an_qua/w00456n.npz,0.8906,3.37,60
cây ăn quả,cay_an_qua,Dataset/Videos/W00456T.mp4,motions/cay_an_qua/w00456t.json,features/cay_an_qua/w00456t.npz,0.8938,3.37,60
cây bàng,cay_bang,Dataset/Videos/W00457B.mp4,motions/cay_bang/w00457b.json,features/cay_bang/w00457b.npz,0.7404,3.4701,60
cây bàng,cay_bang,Dataset/Videos/W00457T.mp4,motions/cay_bang/w00457t.json,features/cay_bang/w00457t.npz,0.803,5.3387,60
cây cổ thụ,cay_co_thu,Dataset/Videos/W00459B.mp4,motions/cay_co_thu/w00459b.json,features/cay_co_thu/w00459b.npz,0.9167,4.0374,60
cây cổ thụ,cay_co_thu,Dataset/Videos/W00459N.mp4,motions/cay_co_thu/w00459n.json,features/cay_co_thu/w00459n.npz,0.7286,3.0364,60
cây cổ thụ,cay_co_thu,Dataset/Videos/W00459T.mp4,motions/cay_co_thu/w00459t.json,features/cay_co_thu/w00459t.npz,0.7393,3.0364,60
cây cối,cay_coi,Dataset/Videos/W00460.mp4,motions/cay_coi/w00460.json,features/cay_coi/w00460.npz,0.5977,4.7714,60
cây đa,cay_a,Dataset/Videos/W00462.mp4,motions/cay_a/w00462.json,features/cay_a/w00462.npz,0.7823,3.5369,60
cây gỗ,cay_go,Dataset/Videos/W00464.mp4,motions/cay_go/w00464.json,features/cay_go/w00464.npz,0.6944,4.4711,60
cây khế,cay_khe,Dataset/Videos/W00465.mp4,motions/cay_khe/w00465.json,features/cay_khe/w00465.npz,0.8225,3.9706,60
cây ngô,cay_ngo,Dataset/Videos/W00469B.mp4,motions/cay_ngo/w00469b.json,features/cay_ngo/w00469b.npz,0.9799,3.7704,60
cây ngô,cay_ngo,Dataset/Videos/W00469N.mp4,motions/cay_ngo/w00469n.json,features/cay_ngo/w00469n.npz,0.662,4.1708,60
cây ngô,cay_ngo,Dataset/Videos/W00469T.mp4,motions/cay_ngo/w00469t.json,features/cay_ngo/w00469t.npz,0.714,4.1708,60
cây phượng,cay_phuong,Dataset/Videos/W00470B.mp4,motions/cay_phuong/w00470b.json,features/cay_phuong/w00470b.npz,0.6853,4.2042,60
cây phượng,cay_phuong,Dataset/Videos/W00470N.mp4,motions/cay_phuong/w00470n.json,features/cay_phuong/w00470n.npz,0.6344,4.004,60
cây phượng,cay_phuong,Dataset/Videos/W00470T.mp4,motions/cay_phuong/w00470t.json,features/cay_phuong/w00470t.npz,0.6344,4.004,60
cây sả,cay_sa,Dataset/Videos/W00471.mp4,motions/cay_sa/w00471.json,features/cay_sa/w00471.npz,0.7905,4.0374,60
cây số,cay_so,Dataset/Videos/W00473.mp4,motions/cay_so/w00473.json,features/cay_so/w00473.npz,0.744,7.0737,60
cây thân gỗ,cay_than_go,Dataset/Videos/W00474B.mp4,motions/cay_than_go/w00474b.json,features/cay_than_go/w00474b.npz,0.8626,4.1041,60
cây thân gỗ,cay_than_go,Dataset/Videos/W00474N.mp4,motions/cay_than_go/w00474n.json,features/cay_than_go/w00474n.npz,0.7492,3.0697,60
cây thân gỗ,cay_than_go,Dataset/Videos/W00474T.mp4,motions/cay_than_go/w00474t.json,features/cay_than_go/w00474t.npz,0.7457,3.0697,60
cây tre,cay_tre,Dataset/Videos/W00476.mp4,motions/cay_tre/w00476.json,features/cay_tre/w00476.npz,0.8384,5.9726,60
cây trồng,cay_trong,Dataset/Videos/W00477.mp4,motions/cay_trong/w00477.json,features/cay_trong/w00477.npz,0.6,4.7714,60
cây xanh,cay_xanh,Dataset/Videos/W00478.mp4,motions/cay_xanh/w00478.json,features/cay_xanh/w00478.npz,0.8213,2.6693,60
cấy,cay,Dataset/Videos/W00479.mp4,motions/cay/w00479.json,features/cay/w00479.npz,0.7307,3.5035,60
cấy lúa,cay_lua,Dataset/Videos/W00480.mp4,motions/cay_lua/w00480.json,features/cay_lua/w00480.npz,0.7199,4.1041,60
cha,cha,Dataset/Videos/W00481.mp4,motions/cha/w00481.json,features/cha/w00481.npz,0.4806,3.7371,60
cha mẹ,cha_me,Dataset/Videos/W00482.mp4,motions/cha_me/w00482.json,features/cha_me/w00482.npz,0.5224,3.8372,60
chả cá,cha_ca,Dataset/Videos/W00484B.mp4,motions/cha_ca/w00484b.json,features/cha_ca/w00484b.npz,0.6557,5.1051,60
chả cá,cha_ca,Dataset/Videos/W00484N.mp4,motions/cha_ca/w00484n.json,features/cha_ca/w00484n.npz,0.6243,4.7047,60
chả cá,cha_ca,Dataset/Videos/W00484T.mp4,motions/cha_ca/w00484t.json,features/cha_ca/w00484t.npz,0.6472,5.1051,60
chai,chai,Dataset/Videos/W00485.mp4,motions/chai/w00485.json,features/chai/w00485.npz,0.8601,2.636,60
chai nước,chai_nuoc,Dataset/Videos/W00486.mp4,motions/chai_nuoc/w00486.json,features/chai_nuoc/w00486.npz,0.7432,3.3367,60
chàng trai,chang_trai,Dataset/Videos/W00488.mp4,motions/chang_trai/w00488.json,features/chang_trai/w00488.npz,0.5321,3.0364,60
chào,chao,Dataset/Videos/W00489.mp4,motions/chao/w00489.json,features/chao/w00489.npz,0.5097,3.8705,60
chào cờ,chao_co,Dataset/Videos/W00490.mp4,motions/chao_co/w00490.json,features/chao_co/w00490.npz,0.569,3.0697,60
chào mừng,chao_mung,Dataset/Videos/W00492.mp4,motions/chao_mung/w00492.json,features/chao_mung/w00492.npz,0.667,2.7027,60
chảo,chao,Dataset/Videos/W00493B.mp4,motions/chao/w00493b.json,features/chao/w00493b.npz,0.7674,9.9766,60
chảo,chao,Dataset/Videos/W00493N.mp4,motions/chao/w00493n.json,features/chao/w00493n.npz,0.5973,8.5085,60
chảo,chao,Dataset/Videos/W00493T.mp4,motions/chao/w00493t.json,features/chao/w00493t.npz,0.5947,8.5085,60
chát,chat,Dataset/Videos/W00494.mp4,motions/chat/w00494.json,features/chat/w00494.npz,0.5681,2.5359,60
cháu gái,chau_gai,Dataset/Videos/W00495B.mp4,motions/chau_gai/w00495b.json,features/chau_gai/w00495b.npz,0.9845,3.5035,60
cháu gái,chau_gai,Dataset/Videos/W00495N.mp4,motions/chau_gai/w00495n.json,features/chau_gai/w00495n.npz,0.7285,2.636,60
cháu gái,chau_gai,Dataset/Videos/W00495T.mp4,motions/chau_gai/w00495t.json,features/chau_gai/w00495t.npz,0.7244,2.636,60
cháu ngoại,chau_ngoai,Dataset/Videos/W00496B.mp4,motions/chau_ngoai/w00496b.json,features/chau_ngoai/w00496b.npz,0.9948,6.3063,60
cháu ngoại,chau_ngoai,Dataset/Videos/W00496N.mp4,motions/chau_ngoai/w00496n.json,features/chau_ngoai/w00496n.npz,0.6034,3.637,60
cháu ngoại,chau_ngoai,Dataset/Videos/W00496T.mp4,motions/chau_ngoai/w00496t.json,features/chau_ngoai/w00496t.npz,0.6153,3.2699,60
cháu nội,chau_noi,Dataset/Videos/W00497B.mp4,motions/chau_noi/w00497b.json,features/chau_noi/w00497b.npz,0.9942,3.7704,60
cháu nội,chau_noi,Dataset/Videos/W00497N.mp4,motions/chau_noi/w00497n.json,features/chau_noi/w00497n.npz,0.6248,3.6703,60
cháu nội,chau_noi,Dataset/Videos/W00497T.mp4,motions/chau_noi/w00497t.json,features/chau_noi/w00497t.npz,0.624,3.4034,60
cháu trai,chau_trai,Dataset/Videos/W00498B.mp4,motions/chau_trai/w00498b.json,features/chau_trai/w00498b.npz,0.9933,3.2366,60
cháu trai,chau_trai,Dataset/Videos/W00498N.mp4,motions/chau_trai/w00498n.json,features/chau_trai/w00498n.npz,0.7024,2.7694,60
chày,chay,Dataset/Videos/W00499.mp4,motions/chay/w00499.json,features/chay/w00499.npz,0.6949,3.2699,60
cháy rừng,chay_rung,Dataset/Videos/W00500.mp4,motions/chay_rung/w00500.json,features/chay_rung/w00500.npz,0.7378,2.9363,60
chạy,chay,Dataset/Videos/W00501.mp4,motions/chay/w00501.json,features/chay/w00501.npz,0.7031,2.7027,60
chạy bàn,chay_ban,Dataset/Videos/W00502.mp4,motions/chay_ban/w00502.json,features/chay_ban/w00502.npz,0.5773,4.7714,60
chạy chậm,chay_cham,Dataset/Videos/W00503.mp4,motions/chay_cham/w00503.json,features/chay_cham/w00503.npz,0.5422,3.1031,60
chạy nhanh,chay_nhanh,Dataset/Videos/W00504.mp4,motions/chay_nhanh/w00504.json,features/chay_nhanh/w00504.npz,0.6046,2.002,60
chú ( người),chu_nguoi,Dataset/Videos/W00506.mp4,motions/chu_nguoi/w00506.json,features/chu_nguoi/w00506.npz,0.5328,3.3367,60
chăm học,cham_hoc,Dataset/Videos/W00507.mp4,motions/cham_hoc/w00507.json,features/cham_hoc/w00507.npz,0.6909,3.4034,60
chăm sóc sức khỏe,cham_soc_suc_khoe,Dataset/Videos/W00508B.mp4,motions/cham_soc_suc_khoe/w00508b.json,features/cham_soc_suc_khoe/w00508b.npz,0.6135,4.7714,60
chăm sóc sức khỏe,cham_soc_suc_khoe,Dataset/Videos/W00508N.mp4,motions/cham_soc_suc_khoe/w00508n.json,features/cham_soc_suc_khoe/w00508n.npz,0.5557,4.371,60
chăm sóc sức khỏe,cham_soc_suc_khoe,Dataset/Videos/W00508T.mp4,motions/cham_soc_suc_khoe/w00508t.json,features/cham_soc_suc_khoe/w00508t.npz,0.804,6.3063,60
chăn (cái chăn),chan_cai_chan,Dataset/Videos/W00509B.mp4,motions/chan_cai_chan/w00509b.json,features/chan_cai_chan/w00509b.npz,0.9103,3.8705,60
chăn (cái chăn),chan_cai_chan,Dataset/Videos/W00509N.mp4,motions/chan_cai_chan/w00509n.json,features/chan_cai_chan/w00509n.npz,0.7833,3.9039,60
chăn (cái chăn),chan_cai_chan,Dataset/Videos/W00509T.mp4,motions/chan_cai_chan/w00509t.json,features/chan_cai_chan/w00509t.npz,0.8417,3.9039,60
chăn nuôi,chan_nuoi,Dataset/Videos/W00510B.mp4,motions/chan_nuoi/w00510b.json,features/chan_nuoi/w00510b.npz,0.9807,3.37,60
chăn nuôi,chan_nuoi,Dataset/Videos/W00510N.mp4,motions/chan_nuoi/w00510n.json,features/chan_nuoi/w00510n.npz,0.8128,4.1708,60
chăn nuôi,chan_nuoi,Dataset/Videos/W00510T.mp4,motions/chan_nuoi/w00510t.json,features/chan_nuoi/w00510t.npz,0.7301,3.9373,60
chặn,chan,Dataset/Videos/W00512.mp4,motions/chan/w00512.json,features/chan/w00512.npz,0.5619,4.5045,60
chặt,chat,Dataset/Videos/W00513B.mp4,motions/chat/w00513b.json,features/chat/w00513b.npz,0.675,3.637,60
chặt,chat,Dataset/Videos/W00513N.mp4,motions/chat/w00513n.json,features/chat/w00513n.npz,0.6359,3.0697,60
chặt,chat,Dataset/Videos/W00513T.mp4,motions/chat/w00513t.json,features/chat/w00513t.npz,0.6323,3.0697,60
chặt chẽ,chat_che,Dataset/Videos/W00514.mp4,motions/chat_che/w00514.json,features/chat_che/w00514.npz,0.6681,3.1365,60
châm chọc,cham_choc,Dataset/Videos/W00515.mp4,motions/cham_choc/w00515.json,features/cham_choc/w00515.npz,0.5223,4.3377,60
châm cứu,cham_cuu,Dataset/Videos/W00516B.mp4,motions/cham_cuu/w00516b.json,features/cham_cuu/w00516b.npz,0.9795,3.7037,60
châm cứu,cham_cuu,Dataset/Videos/W00516N.mp4,motions/cham_cuu/w00516n.json,features/cham_cuu/w00516n.npz,0.8202,3.1365,60
châm cứu,cham_cuu,Dataset/Videos/W00516T.mp4,motions/cham_cuu/w00516t.json,features/cham_cuu/w00516t.npz,0.731,4.8382,60
chấm dứt,cham_dut,Dataset/Videos/W00519.mp4,motions/cham_dut/w00519.json,features/cham_dut/w00519.npz,0.6351,3.5369,60
chấm điểm,cham_iem,Dataset/Videos/W00520.mp4,motions/cham_iem/w00520.json,features/cham_iem/w00520.npz,0.7278,2.6693,60
chân dung,chan_dung,Dataset/Videos/W00522.mp4,motions/chan_dung/w00522.json,features/chan_dung/w00522.npz,0.7235,2.2356,60
chân đất,chan_at,Dataset/Videos/W00523.mp4,motions/chan_at/w00523.json,features/chan_at/w00523.npz,0.681,3.637,60
chân tay,chan_tay,Dataset/Videos/W00525.mp4,motions/chan_tay/w00525.json,features/chan_tay/w00525.npz,0.5881,3.8705,60
chất dẻo,chat_deo,Dataset/Videos/W00529.mp4,motions/chat_deo/w00529.json,features/chat_deo/w00529.npz,0.8272,2.636,60
chất đốt,chat_ot,Dataset/Videos/W00530.mp4,motions/chat_ot/w00530.json,features/chat_ot/w00530.npz,0.6688,3.5035,60
chất độc,chat_oc,Dataset/Videos/W00531.mp4,motions/chat_oc/w00531.json,features/chat_oc/w00531.npz,0.7958,2.6026,60
chất độc màu da cam,chat_oc_mau_da_cam,Dataset/Videos/W00533.mp4,motions/chat_oc_mau_da_cam/w00533.json,features/chat_oc_mau_da_cam/w00533.npz,0.8416,2.6693,60
chất hữu cơ,chat_huu_co,Dataset/Videos/W00534.mp4,motions/chat_huu_co/w00534.json,features/chat_huu_co/w00534.npz,0.6703,4.638,60
chất lỏng,chat_long,Dataset/Videos/W00536.mp4,motions/chat_long/w00536.json,features/chat_long/w00536.npz,0.7035,3.8038,60
chất lượng,chat_luong,Dataset/Videos/W00537.mp4,motions/chat_luong/w00537.json,features/chat_luong/w00537.npz,0.8475,2.7027,60
chất rắn,chat_ran,Dataset/Videos/W00538.mp4,motions/chat_ran/w00538.json,features/chat_ran/w00538.npz,0.7718,3.1365,60
chất thải,chat_thai,Dataset/Videos/W00539.mp4,motions/chat_thai/w00539.json,features/chat_thai/w00539.npz,0.7241,3.5369,60
chật chội,chat_choi,Dataset/Videos/W00540.mp4,motions/chat_choi/w00540.json,features/chat_choi/w00540.npz,0.8163,3.0697,60
Châu Á Thái Bình Dương,chau_a_thai_binh_duong,Dataset/Videos/W00542.mp4,motions/chau_a_thai_binh_duong/w00542.json,features/chau_a_thai_binh_duong/w00542.npz,0.8128,3.0697,60
Châu Đại Dương,chau_ai_duong,Dataset/Videos/W00544.mp4,motions/chau_ai_duong/w00544.json,features/chau_ai_duong/w00544.npz,0.6324,4.0707,60
chậu,chau,Dataset/Videos/W00545.mp4,motions/chau/w00545.json,features/chau/w00545.npz,0.8214,3.0364,60
che chở,che_cho,Dataset/Videos/W00546.mp4,motions/che_cho/w00546.json,features/che_cho/w00546.npz,0.7292,2.6026,60
che phủ,che_phu,Dataset/Videos/W00547.mp4,motions/che_phu/w00547.json,features/che_phu/w00547.npz,0.5669,4.2376,60
chè đỗ đỏ,che_o_o,Dataset/Videos/W00548.mp4,motions/che_o_o/w00548.json,features/che_o_o/w00548.npz,0.7708,3.1698,60
chém,chem,Dataset/Videos/W00550.mp4,motions/chem/w00550.json,features/chem/w00550.npz,0.629,3.5369,60
chen lấn,chen_lan,Dataset/Videos/W00551.mp4,motions/chen_lan/w00551.json,features/chen_lan/w00551.npz,0.6175,3.7704,60
chèn ép,chen_ep,Dataset/Videos/W00552.mp4,motions/chen_ep/w00552.json,features/chen_ep/w00552.npz,0.538,4.0374,60
chén,chen,Dataset/Videos/W00553.mp4,motions/chen/w00553.json,features/chen/w00553.npz,0.6417,4.2376,60
chèo thuyền,cheo_thuyen,Dataset/Videos/W00554.mp4,motions/cheo_thuyen/w00554.json,features/cheo_thuyen/w00554.npz,0.6455,5.1385,60
chép bài,chep_bai,Dataset/Videos/W00555.mp4,motions/chep_bai/w00555.json,features/chep_bai/w00555.npz,0.7256,3.003,60
tạo thành,tao_thanh,Dataset/Videos/W00559.mp4,motions/tao_thanh/w00559.json,features/tao_thanh/w00559.npz,0.675,2.9196,60
chi hội,chi_hoi,Dataset/Videos/W00561.mp4,motions/chi_hoi/w00561.json,features/chi_hoi/w00561.npz,0.7879,3.1698,60
khó tiêu,kho_tieu,Dataset/Videos/W00562.mp4,motions/kho_tieu/w00562.json,features/kho_tieu/w00562.npz,0.7735,4.1291,60
chi tiết,chi_tiet,Dataset/Videos/W00563.mp4,motions/chi_tiet/w00563.json,features/chi_tiet/w00563.npz,0.8199,2.7694,60
chỉ,chi,Dataset/Videos/W00564.mp4,motions/chi/w00564.json,features/chi/w00564.npz,0.5587,3.1698,60
chỉ dẫn,chi_dan,Dataset/Videos/W00565.mp4,motions/chi_dan/w00565.json,features/chi_dan/w00565.npz,0.7801,3.4034,60
chỉ huy,chi_huy,Dataset/Videos/W00567.mp4,motions/chi_huy/w00567.json,features/chi_huy/w00567.npz,0.6557,3.9373,60
chỉ khâu,chi_khau,Dataset/Videos/W00568.mp4,motions/chi_khau/w00568.json,features/chi_khau/w00568.npz,0.8126,4.5712,60
đường chỉ tay,uong_chi_tay,Dataset/Videos/W00569.mp4,motions/uong_chi_tay/w00569.json,features/uong_chi_tay/w00569.npz,0.6428,4.4044,60
chị,chi,Dataset/Videos/W00570B.mp4,motions/chi/w00570b.json,features/chi/w00570b.npz,0.9782,3.9706,60
chị,chi,Dataset/Videos/W00570N.mp4,motions/chi/w00570n.json,features/chi/w00570n.npz,0.9675,3.3367,60
chị,chi,Dataset/Videos/W00570T.mp4,motions/chi/w00570t.json,features/chi/w00570t.npz,0.9782,3.9706,60
chị chồng,chi_chong,Dataset/Videos/W00571B.mp4,motions/chi_chong/w00571b.json,features/chi_chong/w00571b.npz,0.9636,4.4711,60
chị chồng,chi_chong,Dataset/Videos/W00571N.mp4,motions/chi_chong/w00571n.json,features/chi_chong/w00571n.npz,0.9594,4.004,60
chị dâu,chi_dau,Dataset/Videos/W00572.mp4,motions/chi_dau/w00572.json,features/chi_dau/w00572.npz,0.5465,4.3043,60
Chi-lê (nước Chi-lê),chi_le_nuoc_chi_le,Dataset/Videos/W00573.mp4,motions/chi_le_nuoc_chi_le/w00573.json,features/chi_le_nuoc_chi_le/w00573.npz,0.7615,3.637,60
chia,chia,Dataset/Videos/W00575B.mp4,motions/chia/w00575b.json,features/chia/w00575b.npz,0.9881,2.7361,60
chia,chia,Dataset/Videos/W00575N.mp4,motions/chia/w00575n.json,features/chia/w00575n.npz,0.8057,3.0697,60
chia,chia,Dataset/Videos/W00575T.mp4,motions/chia/w00575t.json,features/chia/w00575t.npz,0.887,3.0697,60
chia cắt,chia_cat,Dataset/Videos/W00577.mp4,motions/chia_cat/w00577.json,features/chia_cat/w00577.npz,0.7938,3.1031,60
chia đều,chia_eu,Dataset/Videos/W00578.mp4,motions/chia_eu/w00578.json,features/chia_eu/w00578.npz,0.7443,4.0707,60
chia hết,chia_het,Dataset/Videos/W00579.mp4,motions/chia_het/w00579.json,features/chia_het/w00579.npz,0.737,3.6703,60
chia phần,chia_phan,Dataset/Videos/W00580.mp4,motions/chia_phan/w00580.json,features/chia_phan/w00580.npz,0.7233,3.37,60
chia sẻ,chia_se,Dataset/Videos/W00581.mp4,motions/chia_se/w00581.json,features/chia_se/w00581.npz,0.7444,3.4368,60
chia tay,chia_tay,Dataset/Videos/W00582.mp4,motions/chia_tay/w00582.json,features/chia_tay/w00582.npz,0.6144,4.4711,60
chìa khóa,chia_khoa,Dataset/Videos/W00583.mp4,motions/chia_khoa/w00583.json,features/chia_khoa/w00583.npz,0.5847,3.6036,60
chiếc gối,chiec_goi,Dataset/Videos/W00584B.mp4,motions/chiec_goi/w00584b.json,features/chiec_goi/w00584b.npz,0.983,3.8372,60
chiếc gối,chiec_goi,Dataset/Videos/W00584N.mp4,motions/chiec_goi/w00584n.json,features/chiec_goi/w00584n.npz,0.74,3.5035,60
chiếc gối,chiec_goi,Dataset/Videos/W00584T.mp4,motions/chiec_goi/w00584t.json,features/chiec_goi/w00584t.npz,0.6521,4.2709,60
chiếm đoạt,chiem_oat,Dataset/Videos/W00585.mp4,motions/chiem_oat/w00585.json,features/chiem_oat/w00585.npz,0.551,3.2366,60
chiến khu,chien_khu,Dataset/Videos/W00588.mp4,motions/chien_khu/w00588.json,features/chien_khu/w00588.npz,0.8358,3.2366,60
sĩ quan,si_quan,Dataset/Videos/W00590.mp4,motions/si_quan/w00590.json,features/si_quan/w00590.npz,0.5881,2.8695,60
chiến thắng,chien_thang,Dataset/Videos/W00591.mp4,motions/chien_thang/w00591.json,features/chien_thang/w00591.npz,0.6649,3.2366,60
chiêng,chieng,Dataset/Videos/W00593.mp4,motions/chieng/w00593.json,features/chieng/w00593.npz,0.7359,4.8048,60
chiều cao,chieu_cao,Dataset/Videos/W00594.mp4,motions/chieu_cao/w00594.json,features/chieu_cao/w00594.npz,0.6269,4.7381,60
chiều dài,chieu_dai,Dataset/Videos/W00595.mp4,motions/chieu_dai/w00595.json,features/chieu_dai/w00595.npz,0.7781,3.4701,60
chiều rộng,chieu_rong,Dataset/Videos/W00596.mp4,motions/chieu_rong/w00596.json,features/chieu_rong/w00596.npz,0.6549,3.7704,60
chiều tối,chieu_toi,Dataset/Videos/W00597.mp4,motions/chieu_toi/w00597.json,features/chieu_toi/w00597.npz,0.7515,3.4034,60
chiếu,chieu,Dataset/Videos/W00598.mp4,motions/chieu/w00598.json,features/chieu/w00598.npz,0.9071,3.0364,60
chiếu,chieu,Dataset/Videos/W00598B.mp4,motions/chieu/w00598b.json,features/chieu/w00598b.npz,0.9971,3.7704,60
chiếu,chieu,Dataset/Videos/W00598T.mp4,motions/chieu/w00598t.json,features/chieu/w00598t.npz,0.9971,3.7704,60
chiếu phim,chieu_phim,Dataset/Videos/W00599.mp4,motions/chieu_phim/w00599.json,features/chieu_phim/w00599.npz,0.742,3.2366,60
cá mập,ca_map,Dataset/Videos/W00601.mp4,motions/ca_map/w00601.json,features/ca_map/w00601.npz,0.7644,3.3367,60
chim bồ câu,chim_bo_cau,Dataset/Videos/W00602.mp4,motions/chim_bo_cau/w00602.json,features/chim_bo_cau/w00602.npz,0.7587,4.4044,60
chim chào mào,chim_chao_mao,Dataset/Videos/W00603.mp4,motions/chim_chao_mao/w00603.json,features/chim_chao_mao/w00603.npz,0.6871,4.4711,60
chim chích chòe,chim_chich_choe,Dataset/Videos/W00604.mp4,motions/chim_chich_choe/w00604.json,features/chim_chich_choe/w00604.npz,0.5869,3.5702,60
chim chóc,chim_choc,Dataset/Videos/W00605.mp4,motions/chim_choc/w00605.json,features/chim_choc/w00605.npz,0.5547,3.3367,60
chim đại bàng,chim_ai_bang,Dataset/Videos/W00606.mp4,motions/chim_ai_bang/w00606.json,features/chim_ai_bang/w00606.npz,0.7373,4.004,60
chim gõ kiến,chim_go_kien,Dataset/Videos/W00608.mp4,motions/chim_go_kien/w00608.json,features/chim_go_kien/w00608.npz,0.719,4.4378,60
chim phượng hoàng,chim_phuong_hoang,Dataset/Videos/W00609.mp4,motions/chim_phuong_hoang/w00609.json,features/chim_phuong_hoang/w00609.npz,0.6669,4.2042,60
chim sâu,chim_sau,Dataset/Videos/W00610.mp4,motions/chim_sau/w00610.json,features/chim_sau/w00610.npz,0.8191,3.5369,60
chim sẻ,chim_se,Dataset/Videos/W00611.mp4,motions/chim_se/w00611.json,features/chim_se/w00611.npz,0.6156,3.1031,60
chim sơn ca,chim_son_ca,Dataset/Videos/W00612.mp4,motions/chim_son_ca/w00612.json,features/chim_son_ca/w00612.npz,0.5728,2.9696,60
chim yến,chim_yen,Dataset/Videos/W00614.mp4,motions/chim_yen/w00614.json,features/chim_yen/w00614.npz,0.5943,4.5712,60
chỉnh sửa,chinh_sua,Dataset/Videos/W00615.mp4,motions/chinh_sua/w00615.json,features/chinh_sua/w00615.npz,0.5578,2.8695,60
chín,chin,Dataset/Videos/W00616.mp4,motions/chin/w00616.json,features/chin/w00616.npz,0.5639,3.9039,60
chính phủ,chinh_phu,Dataset/Videos/W00617B.mp4,motions/chinh_phu/w00617b.json,features/chinh_phu/w00617b.npz,0.9817,2.9696,60
chính phủ,chinh_phu,Dataset/Videos/W00617T.mp4,motions/chinh_phu/w00617t.json,features/chinh_phu/w00617t.npz,0.8827,3.2366,60
chính quyền,chinh_quyen,Dataset/Videos/W00618.mp4,motions/chinh_quyen/w00618.json,features/chinh_quyen/w00618.npz,0.8314,3.5369,60
chính tả,chinh_ta,Dataset/Videos/W00619.mp4,motions/chinh_ta/w00619.json,features/chinh_ta/w00619.npz,0.5732,2.7694,60
chính xác,chinh_xac,Dataset/Videos/W00620B.mp4,motions/chinh_xac/w00620b.json,features/chinh_xac/w00620b.npz,0.9618,2.8362,60
chính xác,chinh_xac,Dataset/Videos/W00620N.mp4,motions/chinh_xac/w00620n.json,features/chinh_xac/w00620n.npz,0.8622,3.0697,60
chính xác,chinh_xac,Dataset/Videos/W00620T.mp4,motions/chinh_xac/w00620t.json,features/chinh_xac/w00620t.npz,0.8234,3.0697,60
chó sói,cho_soi,Dataset/Videos/W00623.mp4,motions/cho_soi/w00623.json,features/cho_soi/w00623.npz,0.5964,3.0364,60
chó xù,cho_xu,Dataset/Videos/W00624.mp4,motions/cho_xu/w00624.json,features/cho_xu/w00624.npz,0.7242,3.9706,60
chọi gà,choi_ga,Dataset/Videos/W00625.mp4,motions/choi_ga/w00625.json,features/choi_ga/w00625.npz,0.7465,3.3367,60
chọi trâu,choi_trau,Dataset/Videos/W00626.mp4,motions/choi_trau/w00626.json,features/choi_trau/w00626.npz,0.7175,3.5702,60
chọn lọc,chon_loc,Dataset/Videos/W00628.mp4,motions/chon_loc/w00628.json,features/chon_loc/w00628.npz,0.7199,4.1041,60
chọn lựa,chon_lua,Dataset/Videos/W00629.mp4,motions/chon_lua/w00629.json,features/chon_lua/w00629.npz,0.6953,3.2032,60
chong chóng,chong_chong,Dataset/Videos/W00630.mp4,motions/chong_chong/w00630.json,features/chong_chong/w00630.npz,0.7206,3.5702,60
chồi non,choi_non,Dataset/Videos/W00632.mp4,motions/choi_non/w00632.json,features/choi_non/w00632.npz,0.7181,3.2699,60
chống đối,chong_oi,Dataset/Videos/W00633B.mp4,motions/chong_oi/w00633b.json,features/chong_oi/w00633b.npz,0.9282,2.5692,60
chống đối,chong_oi,Dataset/Videos/W00633N.mp4,motions/chong_oi/w00633n.json,features/chong_oi/w00633n.npz,0.844,2.5025,60
chống đối,chong_oi,Dataset/Videos/W00633T.mp4,motions/chong_oi/w00633t.json,features/chong_oi/w00633t.npz,0.9536,2.5692,60
chợ Bến Thành,cho_ben_thanh,Dataset/Videos/W00634.mp4,motions/cho_ben_thanh/w00634.json,features/cho_ben_thanh/w00634.npz,0.7353,3.2366,60
chợ nổi,cho_noi,Dataset/Videos/W00635.mp4,motions/cho_noi/w00635.json,features/cho_noi/w00635.npz,0.7174,3.8372,60
chợ nổi Cái Bè,cho_noi_cai_be,Dataset/Videos/W00636.mp4,motions/cho_noi_cai_be/w00636.json,features/cho_noi_cai_be/w00636.npz,0.8569,4.4711,60
chợ nổi Cái Răng,cho_noi_cai_rang,Dataset/Videos/W00637.mp4,motions/cho_noi_cai_rang/w00637.json,features/cho_noi_cai_rang/w00637.npz,0.675,4.9383,60
luân phiên,luan_phien,Dataset/Videos/W00638.mp4,motions/luan_phien/w00638.json,features/luan_phien/w00638.npz,0.6326,2.8779,60
luân phiên,luan_phien,Dataset/Videos/W00638N.mp4,motions/luan_phien/w00638n.json,features/luan_phien/w00638n.npz,0.8233,3.4368,60
chơi,choi,Dataset/Videos/W00639B.mp4,motions/choi/w00639b.json,features/choi/w00639b.npz,0.9359,2.5359,60
chơi,choi,Dataset/Videos/W00639T.mp4,motions/choi/w00639t.json,features/choi/w00639t.npz,0.9487,2.5359,60
chớp mắt,chop_mat,Dataset/Videos/W00640.mp4,motions/chop_mat/w00640.json,features/chop_mat/w00640.npz,0.7374,3.3033,60
chu vi,chu_vi,Dataset/Videos/W00641.mp4,motions/chu_vi/w00641.json,features/chu_vi/w00641.npz,0.6933,4.1375,60
chủ đề,chu_e,Dataset/Videos/W00642.mp4,motions/chu_e/w00642.json,features/chu_e/w00642.npz,0.6779,3.7704,60
chủ động,chu_ong,Dataset/Videos/W00644.mp4,motions/chu_ong/w00644.json,features/chu_ong/w00644.npz,0.7198,3.8705,60
chủ nghĩa xã hội,chu_nghia_xa_hoi,Dataset/Videos/W00645.mp4,motions/chu_nghia_xa_hoi/w00645.json,features/chu_nghia_xa_hoi/w00645.npz,0.7125,3.4701,60
chủ ngữ,chu_ngu,Dataset/Videos/W00646.mp4,motions/chu_ngu/w00646.json,features/chu_ngu/w00646.npz,0.523,4.1375,60
chủ nhiệm,chu_nhiem,Dataset/Videos/W00647.mp4,motions/chu_nhiem/w00647.json,features/chu_nhiem/w00647.npz,0.688,2.5025,60
nước tới chân mới nhảy,nuoc_toi_chan_moi_nhay,Dataset/Videos/W00648.mp4,motions/nuoc_toi_chan_moi_nhay/w00648.json,features/nuoc_toi_chan_moi_nhay/w00648.npz,0.4496,8.2749,60
chủ tịch,chu_tich,Dataset/Videos/W00649B.mp4,motions/chu_tich/w00649b.json,features/chu_tich/w00649b.npz,0.9823,3.0697,60
chủ tịch,chu_tich,Dataset/Videos/W00649N.mp4,motions/chu_tich/w00649n.json,features/chu_tich/w00649n.npz,0.8358,3.2366,60
chủ tịch,chu_tich,Dataset/Videos/W00649T.mp4,motions/chu_tich/w00649t.json,features/chu_tich/w00649t.npz,0.8961,3.2366,60
chú hề,chu_he,Dataset/Videos/W00650.mp4,motions/chu_he/w00650.json,features/chu_he/w00650.npz,0.5609,3.1365,60
chú rể,chu_re,Dataset/Videos/W00651.mp4,motions/chu_re/w00651.json,features/chu_re/w00651.npz,0.5437,3.3033,60
chú tễu,chu_teu,Dataset/Videos/W00652.mp4,motions/chu_teu/w00652.json,features/chu_teu/w00652.npz,0.4328,4.8382,60
thích nghi,thich_nghi,Dataset/Videos/W00653.mp4,motions/thich_nghi/w00653.json,features/thich_nghi/w00653.npz,0.7575,2.6276,60
chú ý,chu_y,Dataset/Videos/W00654.mp4,motions/chu_y/w00654.json,features/chu_y/w00654.npz,0.5553,2.5359,60
chùa,chua,Dataset/Videos/W00655B.mp4,motions/chua/w00655b.json,features/chua/w00655b.npz,0.9422,3.003,60
chùa,chua,Dataset/Videos/W00655N.mp4,motions/chua/w00655n.json,features/chua/w00655n.npz,0.8237,3.9373,60
chùa,chua,Dataset/Videos/W00655T.mp4,motions/chua/w00655t.json,features/chua/w00655t.npz,0.8717,5.0717,60
chùa Hương,chua_huong,Dataset/Videos/W00657.mp4,motions/chua_huong/w00657.json,features/chua_huong/w00657.npz,0.6149,4.8715,60
chùa Một Cột,chua_mot_cot,Dataset/Videos/W00658.mp4,motions/chua_mot_cot/w00658.json,features/chua_mot_cot/w00658.npz,0.6816,3.3033,60
chuẩn bị,chuan_bi,Dataset/Videos/W00662B.mp4,motions/chuan_bi/w00662b.json,features/chuan_bi/w00662b.npz,0.969,2.8028,60
chuẩn bị,chuan_bi,Dataset/Videos/W00662N.mp4,motions/chuan_bi/w00662n.json,features/chuan_bi/w00662n.npz,0.923,2.5359,60
chuẩn bị,chuan_bi,Dataset/Videos/W00662T.mp4,motions/chuan_bi/w00662t.json,features/chuan_bi/w00662t.npz,0.9187,2.5359,60
chúc mừng,chuc_mung,Dataset/Videos/W00663B.mp4,motions/chuc_mung/w00663b.json,features/chuc_mung/w00663b.npz,0.9494,2.5692,60
chúc mừng,chuc_mung,Dataset/Videos/W00663N.mp4,motions/chuc_mung/w00663n.json,features/chuc_mung/w00663n.npz,0.7137,2.8028,60
chúc mừng,chuc_mung,Dataset/Videos/W00663T.mp4,motions/chuc_mung/w00663t.json,features/chuc_mung/w00663t.npz,0.6866,2.8028,60
chúc tết,chuc_tet,Dataset/Videos/W00664B.mp4,motions/chuc_tet/w00664b.json,features/chuc_tet/w00664b.npz,0.9594,3.2032,60
chúc tết,chuc_tet,Dataset/Videos/W00664N.mp4,motions/chuc_tet/w00664n.json,features/chuc_tet/w00664n.npz,0.6629,4.4711,60
chúc tết,chuc_tet,Dataset/Videos/W00664T.mp4,motions/chuc_tet/w00664t.json,features/chuc_tet/w00664t.npz,0.6915,3.9373,60
chúc thọ,chuc_tho,Dataset/Videos/W00665B.mp4,motions/chuc_tho/w00665b.json,features/chuc_tho/w00665b.npz,0.985,3.6036,60
chúc thọ,chuc_tho,Dataset/Videos/W00665N.mp4,motions/chuc_tho/w00665n.json,features/chuc_tho/w00665n.npz,0.7277,3.7037,60
chúc thọ,chuc_tho,Dataset/Videos/W00665T.mp4,motions/chuc_tho/w00665t.json,features/chuc_tho/w00665t.npz,0.7687,3.7037,60
chục,chuc,Dataset/Videos/W00666.mp4,motions/chuc/w00666.json,features/chuc/w00666.npz,0.6637,2.8695,60
chục nghìn,chuc_nghin,Dataset/Videos/W00667.mp4,motions/chuc_nghin/w00667.json,features/chuc_nghin/w00667.npz,0.7171,2.8362,60
chục triệu,chuc_trieu,Dataset/Videos/W00668.mp4,motions/chuc_trieu/w00668.json,features/chuc_trieu/w00668.npz,0.7137,2.8028,60
chui,chui,Dataset/Videos/W00669.mp4,motions/chui/w00669.json,features/chui/w00669.npz,0.6823,2.9696,60
chúi đầu,chui_au,Dataset/Videos/W00671.mp4,motions/chui_au/w00671.json,features/chui_au/w00671.npz,0.7166,2.8695,60
chum,chum,Dataset/Videos/W00672.mp4,motions/chum/w00672.json,features/chum/w00672.npz,0.7161,2.636,60
chùm hoa,chum_hoa,Dataset/Videos/W00673.mp4,motions/chum_hoa/w00673.json,features/chum_hoa/w00673.npz,0.7367,2.636,60
chùm khế,chum_khe,Dataset/Videos/W00674.mp4,motions/chum_khe/w00674.json,features/chum_khe/w00674.npz,0.7006,2.9696,60
chùm nho,chum_nho,Dataset/Videos/W00676.mp4,motions/chum_nho/w00676.json,features/chum_nho/w00676.npz,0.6374,3.1698,60
chùm vải,chum_vai,Dataset/Videos/W00677.mp4,motions/chum_vai/w00677.json,features/chum_vai/w00677.npz,0.6571,3.0364,60
chung kết,chung_ket,Dataset/Videos/W00678.mp4,motions/chung_ket/w00678.json,features/chung_ket/w00678.npz,0.7553,2.9696,60
chuỗi hạt,chuoi_hat,Dataset/Videos/W00679.mp4,motions/chuoi_hat/w00679.json,features/chuoi_hat/w00679.npz,0.4807,5.1385,60
chuông,chuong,Dataset/Videos/W00683.mp4,motions/chuong/w00683.json,features/chuong/w00683.npz,0.548,2.9029,60
chuông nhà,chuong_nha,Dataset/Videos/W00684.mp4,motions/chuong_nha/w00684.json,features/chuong_nha/w00684.npz,0.6312,2.9696,60
chuồng,chuong,Dataset/Videos/W00685.mp4,motions/chuong/w00685.json,features/chuong/w00685.npz,0.6213,4.2376,60
chuột quang,chuot_quang,Dataset/Videos/W00686.mp4,motions/chuot_quang/w00686.json,features/chuot_quang/w00686.npz,0.5302,3.0697,60
chụp ảnh,chup_anh,Dataset/Videos/W00687.mp4,motions/chup_anh/w00687.json,features/chup_anh/w00687.npz,0.7167,2.6026,60
chụp đèn,chup_en,Dataset/Videos/W00688.mp4,motions/chup_en/w00688.json,features/chup_en/w00688.npz,0.5043,3.3033,60
chuyên biệt,chuyen_biet,Dataset/Videos/W00689.mp4,motions/chuyen_biet/w00689.json,features/chuyen_biet/w00689.npz,0.8223,2.6693,60
chuyên cần,chuyen_can,Dataset/Videos/W00690.mp4,motions/chuyen_can/w00690.json,features/chuyen_can/w00690.npz,0.6628,4.4378,60
chuyên gia,chuyen_gia,Dataset/Videos/W00691B.mp4,motions/chuyen_gia/w00691b.json,features/chuyen_gia/w00691b.npz,0.9848,3.5702,60
chuyên gia,chuyen_gia,Dataset/Videos/W00691N.mp4,motions/chuyen_gia/w00691n.json,features/chuyen_gia/w00691n.npz,0.834,3.0697,60
chuyên gia,chuyen_gia,Dataset/Videos/W00691T.mp4,motions/chuyen_gia/w00691t.json,features/chuyen_gia/w00691t.npz,0.8516,3.0697,60
chuyền bóng,chuyen_bong,Dataset/Videos/W00692.mp4,motions/chuyen_bong/w00692.json,features/chuyen_bong/w00692.npz,0.5443,2.9029,60
chim chuyền cành,chim_chuyen_canh,Dataset/Videos/W00693.mp4,motions/chim_chuyen_canh/w00693.json,features/chim_chuyen_canh/w00693.npz,0.5965,4.0374,60
chuyển đồ,chuyen_o,Dataset/Videos/W00694.mp4,motions/chuyen_o/w00694.json,features/chuyen_o/w00694.npz,0.6023,2.5359,60
chuyển đổi số đo,chuyen_oi_so_o,Dataset/Videos/W00696.mp4,motions/chuyen_oi_so_o/w00696.json,features/chuyen_oi_so_o/w00696.npz,0.6006,4.371,60
chuyển động,chuyen_ong,Dataset/Videos/W00697.mp4,motions/chuyen_ong/w00697.json,features/chuyen_ong/w00697.npz,0.5993,2.4358,60
chuyển động đều,chuyen_ong_eu,Dataset/Videos/W00698.mp4,motions/chuyen_ong_eu/w00698.json,features/chuyen_ong_eu/w00698.npz,0.6051,3.5702,60
chuyển động quay,chuyen_ong_quay,Dataset/Videos/W00699.mp4,motions/chuyen_ong_quay/w00699.json,features/chuyen_ong_quay/w00699.npz,0.4729,6.7067,60
chuyển giao,chuyen_giao,Dataset/Videos/W00700.mp4,motions/chuyen_giao/w00700.json,features/chuyen_giao/w00700.npz,0.645,3.9706,60
chuyển hướng,chuyen_huong,Dataset/Videos/W00701.mp4,motions/chuyen_huong/w00701.json,features/chuyen_huong/w00701.npz,0.4806,3.5702,60
chuyển vế,chuyen_ve,Dataset/Videos/W00702.mp4,motions/chuyen_ve/w00702.json,features/chuyen_ve/w00702.npz,0.6607,3.0364,60
chuyện trò,chuyen_tro,Dataset/Videos/W00703.mp4,motions/chuyen_tro/w00703.json,features/chuyen_tro/w00703.npz,0.6946,2.7694,60
chữ cái,chu_cai,Dataset/Videos/W00705.mp4,motions/chu_cai/w00705.json,features/chu_cai/w00705.npz,0.4872,3.003,60
chữ hoa,chu_hoa,Dataset/Videos/W00706.mp4,motions/chu_hoa/w00706.json,features/chu_hoa/w00706.npz,0.5678,3.1365,60
chữ viết,chu_viet,Dataset/Videos/W00707.mp4,motions/chu_viet/w00707.json,features/chu_viet/w00707.npz,0.5219,3.4701,60
chữa bài,chua_bai,Dataset/Videos/W00708B.mp4,motions/chua_bai/w00708b.json,features/chua_bai/w00708b.npz,0.9842,3.4368,60
chữa bài,chua_bai,Dataset/Videos/W00708N.mp4,motions/chua_bai/w00708n.json,features/chua_bai/w00708n.npz,0.5009,4.6713,60
chữa bài,chua_bai,Dataset/Videos/W00708T.mp4,motions/chua_bai/w00708t.json,features/chua_bai/w00708t.npz,0.9842,3.4368,60
chữa cháy,chua_chay,Dataset/Videos/W00709.mp4,motions/chua_chay/w00709.json,features/chua_chay/w00709.npz,0.5984,4.1041,60
chức năng,chuc_nang,Dataset/Videos/W00710.mp4,motions/chuc_nang/w00710.json,features/chuc_nang/w00710.npz,0.5967,3.7371,60
chứng kiến,chung_kien,Dataset/Videos/W00712.mp4,motions/chung_kien/w00712.json,features/chung_kien/w00712.npz,0.6839,3.637,60
chương trình,chuong_trinh,Dataset/Videos/W00713.mp4,motions/chuong_trinh/w00713.json,features/chuong_trinh/w00713.npz,0.7007,2.5359,60
chữ,chu,Dataset/Videos/W00714.mp4,motions/chu/w00714.json,features/chu/w00714.npz,0.5302,3.0697,60
chữa bệnh,chua_benh,Dataset/Videos/W00716.mp4,motions/chua_benh/w00716.json,features/chua_benh/w00716.npz,0.721,3.3033,60
chức vụ,chuc_vu,Dataset/Videos/W00717.mp4,motions/chuc_vu/w00717.json,features/chuc_vu/w00717.npz,0.4541,8.5419,60
chứng cớ,chung_co,Dataset/Videos/W00718.mp4,motions/chung_co/w00718.json,features/chung_co/w00718.npz,0.607,3.6703,60
chứng minh,chung_minh,Dataset/Videos/W00719.mp4,motions/chung_minh/w00719.json,features/chung_minh/w00719.npz,0.5605,4.0707,60
chứng nhận,chung_nhan,Dataset/Videos/W00720.mp4,motions/chung_nhan/w00720.json,features/chung_nhan/w00720.npz,0.6448,3.2366,60
co dãn,co_dan,Dataset/Videos/W00721.mp4,motions/co_dan/w00721.json,features/co_dan/w00721.npz,0.7639,3.9039,60
co giật,co_giat,Dataset/Videos/W00722.mp4,motions/co_giat/w00722.json,features/co_giat/w00722.npz,0.612,3.2699,60
cỏ may,co_may,Dataset/Videos/W00724.mp4,motions/co_may/w00724.json,features/co_may/w00724.npz,0.5858,7.1738,60
có ích,co_ich,Dataset/Videos/W00726.mp4,motions/co_ich/w00726.json,features/co_ich/w00726.npz,0.531,2.9363,60
trọng nam khinh nữ,trong_nam_khinh_nu,Dataset/Videos/W00728.mp4,motions/trong_nam_khinh_nu/w00728.json,features/trong_nam_khinh_nu/w00728.npz,0.74,3.3367,60
còi,coi,Dataset/Videos/W00729.mp4,motions/coi/w00729.json,features/coi/w00729.npz,0.5458,2.6026,60
còi xương,coi_xuong,Dataset/Videos/W00730.mp4,motions/coi_xuong/w00730.json,features/coi_xuong/w00730.npz,0.675,3.0697,60
coi thường,coi_thuong,Dataset/Videos/W00731.mp4,motions/coi_thuong/w00731.json,features/coi_thuong/w00731.npz,0.5531,3.3367,60
máy vi tính,may_vi_tinh,Dataset/Videos/W00732.mp4,motions/may_vi_tinh/w00732.json,features/may_vi_tinh/w00732.npz,0.5585,5.7724,60
con ba ba,con_ba_ba,Dataset/Videos/W00733.mp4,motions/con_ba_ba/w00733.json,features/con_ba_ba/w00733.npz,0.7668,3.0697,60
con bê,con_be,Dataset/Videos/W00734B.mp4,motions/con_be/w00734b.json,features/con_be/w00734b.npz,0.9616,3.1031,60
con bê,con_be,Dataset/Videos/W00734N.mp4,motions/con_be/w00734n.json,features/con_be/w00734n.npz,0.8257,2.3023,60
con bê,con_be,Dataset/Videos/W00734T.mp4,motions/con_be/w00734t.json,features/con_be/w00734t.npz,0.7446,3.7371,60
con bò,con_bo,Dataset/Videos/W00735B.mp4,motions/con_bo/w00735b.json,features/con_bo/w00735b.npz,0.9466,2.4358,60
con bò,con_bo,Dataset/Videos/W00735N.mp4,motions/con_bo/w00735n.json,features/con_bo/w00735n.npz,0.8682,2.4691,60
con bò,con_bo,Dataset/Videos/W00735T.mp4,motions/con_bo/w00735t.json,features/con_bo/w00735t.npz,0.8946,2.4691,60
con bướm,con_buom,Dataset/Videos/W00736.mp4,motions/con_buom/w00736.json,features/con_buom/w00736.npz,0.5215,3.6036,60
con cá,con_ca,Dataset/Videos/W00737B.mp4,motions/con_ca/w00737b.json,features/con_ca/w00737b.npz,0.9921,2.7361,60
con cá,con_ca,Dataset/Videos/W00737N.mp4,motions/con_ca/w00737n.json,features/con_ca/w00737n.npz,0.8375,2.4024,60
con cá,con_ca,Dataset/Videos/W00737T.mp4,motions/con_ca/w00737t.json,features/con_ca/w00737t.npz,0.9921,2.7361,60
con chim,con_chim,Dataset/Videos/W00738.mp4,motions/con_chim/w00738.json,features/con_chim/w00738.npz,0.65,6.0727,60
con chó,con_cho,Dataset/Videos/W00739B.mp4,motions/con_cho/w00739b.json,features/con_cho/w00739b.npz,0.9774,2.4024,60
con chó,con_cho,Dataset/Videos/W00739N.mp4,motions/con_cho/w00739n.json,features/con_cho/w00739n.npz,0.8673,2.369,60
con chó,con_cho,Dataset/Videos/W00739T.mp4,motions/con_cho/w00739t.json,features/con_cho/w00739t.npz,0.8856,2.369,60
con chồn,con_chon,Dataset/Videos/W00740.mp4,motions/con_chon/w00740.json,features/con_chon/w00740.npz,0.7506,2.8695,60
con chuồn chuồn,con_chuon_chuon,Dataset/Videos/W00741.mp4,motions/con_chuon_chuon/w00741.json,features/con_chuon_chuon/w00741.npz,0.7711,2.369,60
con chuột,con_chuot,Dataset/Videos/W00742B.mp4,motions/con_chuot/w00742b.json,features/con_chuot/w00742b.npz,0.9868,2.4691,60
con chuột,con_chuot,Dataset/Videos/W00742N.mp4,motions/con_chuot/w00742n.json,features/con_chuot/w00742n.npz,0.7121,3.5035,60
con chuột,con_chuot,Dataset/Videos/W00742T.mp4,motions/con_chuot/w00742t.json,features/con_chuot/w00742t.npz,0.6688,3.5035,60
con chuột nhắt,con_chuot_nhat,Dataset/Videos/W00743.mp4,motions/con_chuot_nhat/w00743.json,features/con_chuot_nhat/w00743.npz,0.5472,2.9696,60
con cò,con_co,Dataset/Videos/W00745.mp4,motions/con_co/w00745.json,features/con_co/w00745.npz,0.5744,6.5732,60
con cóc,con_coc,Dataset/Videos/W00746.mp4,motions/con_coc/w00746.json,features/con_coc/w00746.npz,0.5678,3.1365,60
con cọp,con_cop,Dataset/Videos/W00747B.mp4,motions/con_cop/w00747b.json,features/con_cop/w00747b.npz,0.9902,3.3033,60
con cọp,con_cop,Dataset/Videos/W00747N.mp4,motions/con_cop/w00747n.json,features/con_cop/w00747n.npz,0.6845,3.4368,60
con cọp,con_cop,Dataset/Videos/W00747T.mp4,motions/con_cop/w00747t.json,features/con_cop/w00747t.npz,0.7318,3.4368,60
con công,con_cong,Dataset/Videos/W00748.mp4,motions/con_cong/w00748.json,features/con_cong/w00748.npz,0.7579,3.2699,60
con cua,con_cua,Dataset/Videos/W00749.mp4,motions/con_cua/w00749.json,features/con_cua/w00749.npz,0.802,2.9029,60
con cú mèo,con_cu_meo,Dataset/Videos/W00750.mp4,motions/con_cu_meo/w00750.json,features/con_cu_meo/w00750.npz,0.6963,3.5702,60
con cừu,con_cuu,Dataset/Videos/W00751.mp4,motions/con_cuu/w00751.json,features/con_cuu/w00751.npz,0.6545,4.2376,60
con dâu,con_dau,Dataset/Videos/W00752.mp4,motions/con_dau/w00752.json,features/con_dau/w00752.npz,0.5342,3.003,60
con dê,con_de,Dataset/Videos/W00753.mp4,motions/con_de/w00753.json,features/con_de/w00753.npz,0.7611,2.7694,60
con dế,con_de,Dataset/Videos/W00754.mp4,motions/con_de/w00754.json,features/con_de/w00754.npz,0.8231,2.636,60
con đẻ,con_e,Dataset/Videos/W00755.mp4,motions/con_e/w00755.json,features/con_e/w00755.npz,0.5362,3.4368,60
con đom đóm,con_om_om,Dataset/Videos/W00756.mp4,motions/con_om_om/w00756.json,features/con_om_om/w00756.npz,0.6179,4.371,60
con đường,con_uong,Dataset/Videos/W00757.mp4,motions/con_uong/w00757.json,features/con_uong/w00757.npz,0.7596,3.2032,60
con ếch,con_ech,Dataset/Videos/W00758B.mp4,motions/con_ech/w00758b.json,features/con_ech/w00758b.npz,0.9831,2.5692,60
con ếch,con_ech,Dataset/Videos/W00758N.mp4,motions/con_ech/w00758n.json,features/con_ech/w00758n.npz,0.8597,2.9363,60
con ếch,con_ech,Dataset/Videos/W00758T.mp4,motions/con_ech/w00758t.json,features/con_ech/w00758t.npz,0.5579,3.7037,60
con gà,con_ga,Dataset/Videos/W00759.mp4,motions/con_ga/w00759.json,features/con_ga/w00759.npz,0.7195,3.1698,60
con gái,con_gai,Dataset/Videos/W00760.mp4,motions/con_gai/w00760.json,features/con_gai/w00760.npz,0.5443,2.9029,60
con gấu,con_gau,Dataset/Videos/W00761.mp4,motions/con_gau/w00761.json,features/con_gau/w00761.npz,0.7717,2.8028,60
con ghẹ,con_ghe,Dataset/Videos/W00762.mp4,motions/con_ghe/w00762.json,features/con_ghe/w00762.npz,0.7172,3.3367,60
con gián,con_gian,Dataset/Videos/W00763.mp4,motions/con_gian/w00763.json,features/con_gian/w00763.npz,0.8058,2.5692,60
con hoẵng,con_hoang,Dataset/Videos/W00764.mp4,motions/con_hoang/w00764.json,features/con_hoang/w00764.npz,0.7161,3.1698,60
con hươu,con_huou,Dataset/Videos/W00766.mp4,motions/con_huou/w00766.json,features/con_huou/w00766.npz,0.7386,3.0697,60
con khỉ,con_khi,Dataset/Videos/W00767.mp4,motions/con_khi/w00767.json,features/con_khi/w00767.npz,0.713,6.8402,60
con kiến,con_kien,Dataset/Videos/W00768B.mp4,motions/con_kien/w00768b.json,features/con_kien/w00768b.npz,0.9926,2.9363,60
con kiến,con_kien,Dataset/Videos/W00768N.mp4,motions/con_kien/w00768n.json,features/con_kien/w00768n.npz,0.6017,3.4034,60
con kiến,con_kien,Dataset/Videos/W00768T.mp4,motions/con_kien/w00768t.json,features/con_kien/w00768t.npz,0.9926,2.9363,60
con lợn (con heo),con_lon_con_heo,Dataset/Videos/W00770B.mp4,motions/con_lon_con_heo/w00770b.json,features/con_lon_con_heo/w00770b.npz,0.9904,2.2689,60
con lợn (con heo),con_lon_con_heo,Dataset/Videos/W00770N.mp4,motions/con_lon_con_heo/w00770n.json,features/con_lon_con_heo/w00770n.npz,0.6255,3.5035,60
con lợn (con heo),con_lon_con_heo,Dataset/Videos/W00770T.mp4,motions/con_lon_con_heo/w00770t.json,features/con_lon_con_heo/w00770t.npz,0.5235,3.4368,60
con lươn,con_luon,Dataset/Videos/W00771.mp4,motions/con_luon/w00771.json,features/con_luon/w00771.npz,0.5845,2.636,60
con mèo,con_meo,Dataset/Videos/W00772B.mp4,motions/con_meo/w00772b.json,features/con_meo/w00772b.npz,0.9642,3.3367,60
con mèo,con_meo,Dataset/Videos/W00772N.mp4,motions/con_meo/w00772n.json,features/con_meo/w00772n.npz,0.7871,2.9029,60
con mèo,con_meo,Dataset/Videos/W00772T.mp4,motions/con_meo/w00772t.json,features/con_meo/w00772t.npz,0.7945,2.9029,60
con muỗi,con_muoi,Dataset/Videos/W00773B.mp4,motions/con_muoi/w00773b.json,features/con_muoi/w00773b.npz,0.9252,3.3367,60
con muỗi,con_muoi,Dataset/Videos/W00773N.mp4,motions/con_muoi/w00773n.json,features/con_muoi/w00773n.npz,0.7121,3.5035,60
con muỗi,con_muoi,Dataset/Videos/W00773T.mp4,motions/con_muoi/w00773t.json,features/con_muoi/w00773t.npz,0.9318,3.3367,60
con mực,con_muc,Dataset/Videos/W00774.mp4,motions/con_muc/w00774.json,features/con_muc/w00774.npz,0.5881,2.8695,60
con nai,con_nai,Dataset/Videos/W00775.mp4,motions/con_nai/w00775.json,features/con_nai/w00775.npz,0.551,5.0717,60
con ngỗng,con_ngong,Dataset/Videos/W00776.mp4,motions/con_ngong/w00776.json,features/con_ngong/w00776.npz,0.7554,3.1031,60
con người,con_nguoi,Dataset/Videos/W00777B.mp4,motions/con_nguoi/w00777b.json,features/con_nguoi/w00777b.npz,0.9966,3.2366,60
con người,con_nguoi,Dataset/Videos/W00777N.mp4,motions/con_nguoi/w00777n.json,features/con_nguoi/w00777n.npz,0.8353,2.5025,60
con người,con_nguoi,Dataset/Videos/W00777T.mp4,motions/con_nguoi/w00777t.json,features/con_nguoi/w00777t.npz,0.9933,3.2366,60
con ngựa,con_ngua,Dataset/Videos/W00778B.mp4,motions/con_ngua/w00778b.json,features/con_ngua/w00778b.npz,0.9547,2.8695,60
con ngựa,con_ngua,Dataset/Videos/W00778N.mp4,motions/con_ngua/w00778n.json,features/con_ngua/w00778n.npz,0.7417,3.7371,60
con ngựa,con_ngua,Dataset/Videos/W00778T.mp4,motions/con_ngua/w00778t.json,features/con_ngua/w00778t.npz,0.7882,3.7371,60
con nhím,con_nhim,Dataset/Videos/W00779.mp4,motions/con_nhim/w00779.json,features/con_nhim/w00779.npz,0.6848,3.3033,60
con nuôi,con_nuoi,Dataset/Videos/W00780B.mp4,motions/con_nuoi/w00780b.json,features/con_nuoi/w00780b.npz,0.586,5.005,60
con nuôi,con_nuoi,Dataset/Videos/W00780N.mp4,motions/con_nuoi/w00780n.json,features/con_nuoi/w00780n.npz,0.5665,4.3043,60
con nuôi,con_nuoi,Dataset/Videos/W00780T.mp4,motions/con_nuoi/w00780t.json,features/con_nuoi/w00780t.npz,0.8539,4.3043,60
con ong,con_ong,Dataset/Videos/W00781N.mp4,motions/con_ong/w00781n.json,features/con_ong/w00781n.npz,0.7484,3.1031,60
con ong,con_ong,Dataset/Videos/W00781T.mp4,motions/con_ong/w00781t.json,features/con_ong/w00781t.npz,0.6051,3.1031,60
con ốc,con_oc,Dataset/Videos/W00782.mp4,motions/con_oc/w00782.json,features/con_oc/w00782.npz,0.7407,2.9696,60
con quạ,con_qua,Dataset/Videos/W00783.mp4,motions/con_qua/w00783.json,features/con_qua/w00783.npz,0.5278,3.5369,60
con rắn,con_ran,Dataset/Videos/W00784.mp4,motions/con_ran/w00784.json,features/con_ran/w00784.npz,0.7149,3.5369,60
con rối,con_roi,Dataset/Videos/W00785.mp4,motions/con_roi/w00785.json,features/con_roi/w00785.npz,0.7581,2.8695,60
con ruồi,con_ruoi,Dataset/Videos/W00786.mp4,motions/con_ruoi/w00786.json,features/con_ruoi/w00786.npz,0.7925,2.7694,60
con rùa,con_rua,Dataset/Videos/W00787N.mp4,motions/con_rua/w00787n.json,features/con_rua/w00787n.npz,0.8096,3.3033,60
con sâu,con_sau,Dataset/Videos/W00788.mp4,motions/con_sau/w00788.json,features/con_sau/w00788.npz,0.5678,3.1365,60
con sò,con_so,Dataset/Videos/W00789.mp4,motions/con_so/w00789.json,features/con_so/w00789.npz,0.7276,3.5035,60
con sóc,con_soc,Dataset/Videos/W00790.mp4,motions/con_soc/w00790.json,features/con_soc/w00790.npz,0.6903,3.5369,60
con sói,con_soi,Dataset/Videos/W00791.mp4,motions/con_soi/w00791.json,features/con_soi/w00791.npz,0.584,2.5025,60
con sông,con_song,Dataset/Videos/W00792.mp4,motions/con_song/w00792.json,features/con_song/w00792.npz,0.6819,6.2729,60
con số,con_so,Dataset/Videos/W00793.mp4,motions/con_so/w00793.json,features/con_so/w00793.npz,0.5767,2.8695,60
con sư tử,con_su_tu,Dataset/Videos/W00794N.mp4,motions/con_su_tu/w00794n.json,features/con_su_tu/w00794n.npz,0.6641,3.9706,60
con sư tử,con_su_tu,Dataset/Videos/W00794T.mp4,motions/con_su_tu/w00794t.json,features/con_su_tu/w00794t.npz,0.7259,3.8372,60
con tem,con_tem,Dataset/Videos/W00795.mp4,motions/con_tem/w00795.json,features/con_tem/w00795.npz,0.7292,3.003,60
con thỏ,con_tho,Dataset/Videos/W00796.mp4,motions/con_tho/w00796.json,features/con_tho/w00796.npz,0.76,6.5065,60
con tôm,con_tom,Dataset/Videos/W00797B.mp4,motions/con_tom/w00797b.json,features/con_tom/w00797b.npz,0.9888,2.9029,60
con tôm,con_tom,Dataset/Videos/W00797N.mp4,motions/con_tom/w00797n.json,features/con_tom/w00797n.npz,0.5928,2.7694,60
con tôm,con_tom,Dataset/Videos/W00797T.mp4,motions/con_tom/w00797t.json,features/con_tom/w00797t.npz,0.5928,2.7694,60
con trai (động vật),con_trai_ong_vat,Dataset/Videos/W00798.mp4,motions/con_trai_ong_vat/w00798.json,features/con_trai_ong_vat/w00798.npz,0.7014,3.0864,60
con trăn,con_tran,Dataset/Videos/W00799.mp4,motions/con_tran/w00799.json,features/con_tran/w00799.npz,0.758,3.1365,60
con trỏ,con_tro,Dataset/Videos/W00800.mp4,motions/con_tro/w00800.json,features/con_tro/w00800.npz,0.5551,3.4368,60
con vẹt,con_vet,Dataset/Videos/W00801.mp4,motions/con_vet/w00801.json,features/con_vet/w00801.npz,0.5562,3.4701,60
con vịt,con_vit,Dataset/Videos/W00802.mp4,motions/con_vit/w00802.json,features/con_vit/w00802.npz,0.562,3.0697,60
con voi,con_voi,Dataset/Videos/W00803B.mp4,motions/con_voi/w00803b.json,features/con_voi/w00803b.npz,0.9876,3.5035,60
con voi,con_voi,Dataset/Videos/W00803N.mp4,motions/con_voi/w00803n.json,features/con_voi/w00803n.npz,0.5769,3.8705,60
con voi,con_voi,Dataset/Videos/W00803T.mp4,motions/con_voi/w00803t.json,features/con_voi/w00803t.npz,0.9876,3.5035,60
cong,cong,Dataset/Videos/W00804.mp4,motions/cong/w00804.json,features/cong/w00804.npz,0.5503,2.8695,60
còng (cái còng),cong_cai_cong,Dataset/Videos/W00805.mp4,motions/cong_cai_cong/w00805.json,features/cong_cai_cong/w00805.npz,0.6331,3.1031,60
còng,cong,Dataset/Videos/W00806.mp4,motions/cong/w00806.json,features/cong/w00806.npz,0.7372,3.1365,60
cõng,cong,Dataset/Videos/W00807.mp4,motions/cong/w00807.json,features/cong/w00807.npz,0.6205,5.7724,60
cô dâu,co_dau,Dataset/Videos/W00809.mp4,motions/co_dau/w00809.json,features/co_dau/w00809.npz,0.6246,4.3043,60
cô đơn,co_on,Dataset/Videos/W00811.mp4,motions/co_on/w00811.json,features/co_on/w00811.npz,0.537,3.5369,60
cô giáo,co_giao,Dataset/Videos/W00812B.mp4,motions/co_giao/w00812b.json,features/co_giao/w00812b.npz,0.9842,3.4368,60
cô giáo,co_giao,Dataset/Videos/W00812N.mp4,motions/co_giao/w00812n.json,features/co_giao/w00812n.npz,0.6609,3.0697,60
cô giáo,co_giao,Dataset/Videos/W00812T.mp4,motions/co_giao/w00812t.json,features/co_giao/w00812t.npz,0.9779,3.4368,60
cổ,co,Dataset/Videos/W00814.mp4,motions/co/w00814.json,features/co/w00814.npz,0.5436,3.1365,60
cổ áo,co_ao,Dataset/Videos/W00815.mp4,motions/co_ao/w00815.json,features/co_ao/w00815.npz,0.5436,3.1365,60
cổ chân,co_chan,Dataset/Videos/W00816.mp4,motions/co_chan/w00816.json,features/co_chan/w00816.npz,0.6613,4.004,60
cổ đại,co_ai,Dataset/Videos/W00817.mp4,motions/co_ai/w00817.json,features/co_ai/w00817.npz,0.5205,8.1415,60
cổ họng,co_hong,Dataset/Videos/W00818.mp4,motions/co_hong/w00818.json,features/co_hong/w00818.npz,0.5535,3.5702,60
cổ kính,co_kinh,Dataset/Videos/W00819.mp4,motions/co_kinh/w00819.json,features/co_kinh/w00819.npz,0.5645,6.5732,60
cố gắng,co_gang,Dataset/Videos/W00820B.mp4,motions/co_gang/w00820b.json,features/co_gang/w00820b.npz,0.9966,3.1698,60
cố gắng,co_gang,Dataset/Videos/W00820N.mp4,motions/co_gang/w00820n.json,features/co_gang/w00820n.npz,0.8183,3.1031,60
cố gắng,co_gang,Dataset/Videos/W00820T.mp4,motions/co_gang/w00820t.json,features/co_gang/w00820t.npz,0.7659,3.1031,60
cổ tay,co_tay,Dataset/Videos/W00822.mp4,motions/co_tay/w00822.json,features/co_tay/w00822.npz,0.6982,3.7371,60
cổ truyền,co_truyen,Dataset/Videos/W00823.mp4,motions/co_truyen/w00823.json,features/co_truyen/w00823.npz,0.675,4.4044,60
cổ vũ,co_vu,Dataset/Videos/W00824.mp4,motions/co_vu/w00824.json,features/co_vu/w00824.npz,0.7039,3.003,60
cổng trường,cong_truong,Dataset/Videos/W00825N.mp4,motions/cong_truong/w00825n.json,features/cong_truong/w00825n.npz,0.789,3.8038,60
cổng trường,cong_truong,Dataset/Videos/W00825T.mp4,motions/cong_truong/w00825t.json,features/cong_truong/w00825t.npz,0.8061,3.8038,60
cỗ,co,Dataset/Videos/W00826.mp4,motions/co/w00826.json,features/co/w00826.npz,0.7555,3.5035,60
cố định,co_inh,Dataset/Videos/W00827.mp4,motions/co_inh/w00827.json,features/co_inh/w00827.npz,0.6671,2.7361,60
Cô-lôm-bi-a (nước Cô-lôm-bi-a),co_lom_bi_a_nuoc_co_lom_bi_a,Dataset/Videos/W00829.mp4,motions/co_lom_bi_a_nuoc_co_lom_bi_a/w00829.json,features/co_lom_bi_a_nuoc_co_lom_bi_a/w00829.npz,0.7347,3.2699,60
cổ tích,co_tich,Dataset/Videos/W00830.mp4,motions/co_tich/w00830.json,features/co_tich/w00830.npz,0.6332,7.7744,60
cố ý (như cố tình),co_y_nhu_co_tinh,Dataset/Videos/W00831.mp4,motions/co_y_nhu_co_tinh/w00831.json,features/co_y_nhu_co_tinh/w00831.npz,0.5883,2.5025,60
cốc,coc,Dataset/Videos/W00832.mp4,motions/coc/w00832.json,features/coc/w00832.npz,0.5647,3.637,60
cối giã,coi_gia,Dataset/Videos/W00833.mp4,motions/coi_gia/w00833.json,features/coi_gia/w00833.npz,0.7715,3.37,60
cối xay gió,coi_xay_gio,Dataset/Videos/W00834.mp4,motions/coi_xay_gio/w00834.json,features/coi_xay_gio/w00834.npz,0.7902,2.636,60
cối xay lúa,coi_xay_lua,Dataset/Videos/W00835.mp4,motions/coi_xay_lua/w00835.json,features/coi_xay_lua/w00835.npz,0.8291,3.2366,60
cốm,com,Dataset/Videos/W00836.mp4,motions/com/w00836.json,features/com/w00836.npz,0.5796,4.2042,60
côn trùng,con_trung,Dataset/Videos/W00837.mp4,motions/con_trung/w00837.json,features/con_trung/w00837.npz,0.5734,2.6693,60
công bằng,cong_bang,Dataset/Videos/W00838.mp4,motions/cong_bang/w00838.json,features/cong_bang/w00838.npz,0.7846,2.9696,60
công chúa,cong_chua,Dataset/Videos/W00839.mp4,motions/cong_chua/w00839.json,features/cong_chua/w00839.npz,0.7735,3.3033,60
công cộng,cong_cong,Dataset/Videos/W00840.mp4,motions/cong_cong/w00840.json,features/cong_cong/w00840.npz,0.5565,2.8362,60
công cụ,cong_cu,Dataset/Videos/W00841.mp4,motions/cong_cu/w00841.json,features/cong_cu/w00841.npz,0.6322,2.5359,60
công nhận,cong_nhan,Dataset/Videos/W00843.mp4,motions/cong_nhan/w00843.json,features/cong_nhan/w00843.npz,0.6626,3.5035,60
công sức,cong_suc,Dataset/Videos/W00844.mp4,motions/cong_suc/w00844.json,features/cong_suc/w00844.npz,0.7508,3.003,60
công tắc,cong_tac,Dataset/Videos/W00845.mp4,motions/cong_tac/w00845.json,features/cong_tac/w00845.npz,0.732,3.2366,60
công thức,cong_thuc,Dataset/Videos/W00846.mp4,motions/cong_thuc/w00846.json,features/cong_thuc/w00846.npz,0.5654,2.9696,60
công trường,cong_truong,Dataset/Videos/W00848B.mp4,motions/cong_truong/w00848b.json,features/cong_truong/w00848b.npz,0.9757,3.5702,60
công ước,cong_uoc,Dataset/Videos/W00849.mp4,motions/cong_uoc/w00849.json,features/cong_uoc/w00849.npz,0.7653,3.003,60
công viên,cong_vien,Dataset/Videos/W00850B.mp4,motions/cong_vien/w00850b.json,features/cong_vien/w00850b.npz,0.9803,3.3033,60
công viên,cong_vien,Dataset/Videos/W00850N.mp4,motions/cong_vien/w00850n.json,features/cong_vien/w00850n.npz,0.8301,2.9363,60
công viên,cong_vien,Dataset/Videos/W00850T.mp4,motions/cong_vien/w00850t.json,features/cong_vien/w00850t.npz,0.8338,2.9363,60
công việc,cong_viec,Dataset/Videos/W00851.mp4,motions/cong_viec/w00851.json,features/cong_viec/w00851.npz,0.589,4.0374,60
Paris,paris,Dataset/Videos/W00852.mp4,motions/paris/w00852.json,features/paris/w00852.npz,0.5858,3.7704,60
cổng,cong,Dataset/Videos/W00854.mp4,motions/cong/w00854.json,features/cong/w00854.npz,0.7542,2.6026,60
cống,cong,Dataset/Videos/W00856.mp4,motions/cong/w00856.json,features/cong/w00856.npz,0.6208,4.4044,60
cộng (Toán học),cong_toan_hoc,Dataset/Videos/W00857B.mp4,motions/cong_toan_hoc/w00857b.json,features/cong_toan_hoc/w00857b.npz,0.988,2.7027,60
cộng (Toán học),cong_toan_hoc,Dataset/Videos/W00857N.mp4,motions/cong_toan_hoc/w00857n.json,features/cong_toan_hoc/w00857n.npz,0.7458,2.6026,60
cộng (Toán học),cong_toan_hoc,Dataset/Videos/W00857T.mp4,motions/cong_toan_hoc/w00857t.json,features/cong_toan_hoc/w00857t.npz,0.988,2.7027,60
Cộng Hòa Séc (nước Cộng Hòa Séc),cong_hoa_sec_nuoc_cong_hoa_sec,Dataset/Videos/W00858.mp4,motions/cong_hoa_sec_nuoc_cong_hoa_sec/w00858.json,features/cong_hoa_sec_nuoc_cong_hoa_sec/w00858.npz,0.5527,3.1031,60
cốp xe,cop_xe,Dataset/Videos/W00859.mp4,motions/cop_xe/w00859.json,features/cop_xe/w00859.npz,0.7468,3.1698,60
cột,cot,Dataset/Videos/W00861.mp4,motions/cot/w00861.json,features/cot/w00861.npz,0.74,3.1698,60
cột đèn,cot_en,Dataset/Videos/W00862.mp4,motions/cot_en/w00862.json,features/cot_en/w00862.npz,0.7235,3.8038,60
cột điện,cot_ien,Dataset/Videos/W00863B.mp4,motions/cot_ien/w00863b.json,features/cot_ien/w00863b.npz,0.9847,3.5369,60
cột điện,cot_ien,Dataset/Videos/W00863N.mp4,motions/cot_ien/w00863n.json,features/cot_ien/w00863n.npz,0.9014,2.9696,60
cột điện,cot_ien,Dataset/Videos/W00863T.mp4,motions/cot_ien/w00863t.json,features/cot_ien/w00863t.npz,0.8174,2.9696,60
cột nhà,cot_nha,Dataset/Videos/W00865.mp4,motions/cot_nha/w00865.json,features/cot_nha/w00865.npz,0.7228,3.4034,60
cột sống,cot_song,Dataset/Videos/W00866.mp4,motions/cot_song/w00866.json,features/cot_song/w00866.npz,0.7381,3.4368,60
cơ bắp,co_bap,Dataset/Videos/W00867.mp4,motions/co_bap/w00867.json,features/co_bap/w00867.npz,0.7203,4.3043,60
cơ hội,co_hoi,Dataset/Videos/W00868B.mp4,motions/co_hoi/w00868b.json,features/co_hoi/w00868b.npz,0.9652,2.8028,60
cơ hội,co_hoi,Dataset/Videos/W00868N.mp4,motions/co_hoi/w00868n.json,features/co_hoi/w00868n.npz,0.8715,2.8695,60
cơ hội,co_hoi,Dataset/Videos/W00868T.mp4,motions/co_hoi/w00868t.json,features/co_hoi/w00868t.npz,0.8866,2.8695,60
cơ quan,co_quan,Dataset/Videos/W00870.mp4,motions/co_quan/w00870.json,features/co_quan/w00870.npz,0.7932,3.3033,60
cơ sở,co_so,Dataset/Videos/W00871.mp4,motions/co_so/w00871.json,features/co_so/w00871.npz,0.8101,2.9696,60
cơ thể,co_the,Dataset/Videos/W00872.mp4,motions/co_the/w00872.json,features/co_the/w00872.npz,0.7844,3.4701,60
cởi áo,coi_ao,Dataset/Videos/W00876.mp4,motions/coi_ao/w00876.json,features/coi_ao/w00876.npz,0.7669,3.3033,60
cơm hộp,com_hop,Dataset/Videos/W00877.mp4,motions/com_hop/w00877.json,features/com_hop/w00877.npz,0.7631,3.5702,60
cờ,co,Dataset/Videos/W00878.mp4,motions/co/w00878.json,features/co/w00878.npz,0.6941,3.9706,60
cờ ca rô,co_ca_ro,Dataset/Videos/W00880.mp4,motions/co_ca_ro/w00880.json,features/co_ca_ro/w00880.npz,0.7274,2.5859,60
cờ tướng,co_tuong,Dataset/Videos/W00881.mp4,motions/co_tuong/w00881.json,features/co_tuong/w00881.npz,0.7509,3.5702,60
cờ vua,co_vua,Dataset/Videos/W00882.mp4,motions/co_vua/w00882.json,features/co_vua/w00882.npz,0.7973,3.37,60
cởi mở,coi_mo,Dataset/Videos/W00883.mp4,motions/coi_mo/w00883.json,features/coi_mo/w00883.npz,0.8203,4.1041,60
cơm,com,Dataset/Videos/W00884.mp4,motions/com/w00884.json,features/com/w00884.npz,0.5667,3.1031,60
cơm bình dân,com_binh_dan,Dataset/Videos/W00885B.mp4,motions/com_binh_dan/w00885b.json,features/com_binh_dan/w00885b.npz,0.9834,3.2699,60
cơm bình dân,com_binh_dan,Dataset/Videos/W00885N.mp4,motions/com_binh_dan/w00885n.json,features/com_binh_dan/w00885n.npz,0.5544,4.1375,60
cơm bình dân,com_binh_dan,Dataset/Videos/W00885T.mp4,motions/com_binh_dan/w00885t.json,features/com_binh_dan/w00885t.npz,0.5953,3.4034,60
Cu ba (nước Cu ba),cu_ba_nuoc_cu_ba,Dataset/Videos/W00887.mp4,motions/cu_ba_nuoc_cu_ba/w00887.json,features/cu_ba_nuoc_cu_ba/w00887.npz,0.5594,3.4701,60
củ đậu,cu_au,Dataset/Videos/W00889.mp4,motions/cu_au/w00889.json,features/cu_au/w00889.npz,0.7778,3.2699,60
củ khoai lang,cu_khoai_lang,Dataset/Videos/W00890.mp4,motions/cu_khoai_lang/w00890.json,features/cu_khoai_lang/w00890.npz,0.7666,3.6703,60
củ từ,cu_tu,Dataset/Videos/W00892.mp4,motions/cu_tu/w00892.json,features/cu_tu/w00892.npz,0.8822,2.6693,60
cụ thể,cu_the,Dataset/Videos/W00893.mp4,motions/cu_the/w00893.json,features/cu_the/w00893.npz,0.8229,4.4711,60
cúc áo,cuc_ao,Dataset/Videos/W00894.mp4,motions/cuc_ao/w00894.json,features/cuc_ao/w00894.npz,0.5655,3.0697,60
cúi,cui,Dataset/Videos/W00895.mp4,motions/cui/w00895.json,features/cui/w00895.npz,0.7812,3.37,60
cuống hoa,cuong_hoa,Dataset/Videos/W00899.mp4,motions/cuong_hoa/w00899.json,features/cuong_hoa/w00899.npz,0.8005,3.37,60
cù,cu,Dataset/Videos/W00900.mp4,motions/cu/w00900.json,features/cu/w00900.npz,0.7849,2.369,60
củ cà rốt,cu_ca_rot,Dataset/Videos/W00901.mp4,motions/cu_ca_rot/w00901.json,features/cu_ca_rot/w00901.npz,0.5804,2.636,60
củ cải trắng,cu_cai_trang,Dataset/Videos/W00902.mp4,motions/cu_cai_trang/w00902.json,features/cu_cai_trang/w00902.npz,0.777,2.8695,60
củ gừng,cu_gung,Dataset/Videos/W00903.mp4,motions/cu_gung/w00903.json,features/cu_gung/w00903.npz,0.5801,2.9696,60
củ hành tây,cu_hanh_tay,Dataset/Videos/W00904.mp4,motions/cu_hanh_tay/w00904.json,features/cu_hanh_tay/w00904.npz,0.562,3.8372,60
củ khoai tây,cu_khoai_tay,Dataset/Videos/W00905.mp4,motions/cu_khoai_tay/w00905.json,features/cu_khoai_tay/w00905.npz,0.7495,3.637,60
củ nghệ,cu_nghe,Dataset/Videos/W00906.mp4,motions/cu_nghe/w00906.json,features/cu_nghe/w00906.npz,0.5747,3.1365,60
củ su hào,cu_su_hao,Dataset/Videos/W00907.mp4,motions/cu_su_hao/w00907.json,features/cu_su_hao/w00907.npz,0.6167,3.5369,60
củ tỏi,cu_toi,Dataset/Videos/W00908.mp4,motions/cu_toi/w00908.json,features/cu_toi/w00908.npz,0.7407,3.3033,60
củ sả,cu_sa,Dataset/Videos/W00909.mp4,motions/cu_sa/w00909.json,features/cu_sa/w00909.npz,0.5846,3.8372,60
cụ,cu,Dataset/Videos/W00910.mp4,motions/cu/w00910.json,features/cu/w00910.npz,0.5414,3.003,60
cụ đồ,cu_o,Dataset/Videos/W00911.mp4,motions/cu_o/w00911.json,features/cu_o/w00911.npz,0.7759,4.4044,60
cụ già,cu_gia,Dataset/Videos/W00912.mp4,motions/cu_gia/w00912.json,features/cu_gia/w00912.npz,0.5562,3.4701,60
cục tẩy,cuc_tay,Dataset/Videos/W00914.mp4,motions/cuc_tay/w00914.json,features/cuc_tay/w00914.npz,0.7653,3.003,60
cùi chỏ,cui_cho,Dataset/Videos/W00915.mp4,motions/cui_cho/w00915.json,features/cui_cho/w00915.npz,0.8032,3.637,60
củi,cui,Dataset/Videos/W00916.mp4,motions/cui/w00916.json,features/cui/w00916.npz,0.7534,3.8705,60
cụm từ,cum_tu,Dataset/Videos/W00918.mp4,motions/cum_tu/w00918.json,features/cum_tu/w00918.npz,0.7234,3.1365,60
cuộc đời,cuoc_oi,Dataset/Videos/W00922.mp4,motions/cuoc_oi/w00922.json,features/cuoc_oi/w00922.npz,0.7147,3.003,60
cuộc sống,cuoc_song,Dataset/Videos/W00923.mp4,motions/cuoc_song/w00923.json,features/cuoc_song/w00923.npz,0.5052,3.7037,60
cuốn,cuon,Dataset/Videos/W00924.mp4,motions/cuon/w00924.json,features/cuon/w00924.npz,0.7688,3.2366,60
cuộn giấy vệ sinh,cuon_giay_ve_sinh,Dataset/Videos/W00925.mp4,motions/cuon_giay_ve_sinh/w00925.json,features/cuon_giay_ve_sinh/w00925.npz,0.7824,3.8372,60
cuống lá,cuong_la,Dataset/Videos/W00926.mp4,motions/cuong_la/w00926.json,features/cuong_la/w00926.npz,0.7766,3.2032,60
cử chỉ điệu bộ,cu_chi_ieu_bo,Dataset/Videos/W00929.mp4,motions/cu_chi_ieu_bo/w00929.json,features/cu_chi_ieu_bo/w00929.npz,0.7806,2.6693,60
cử động,cu_ong,Dataset/Videos/W00930.mp4,motions/cu_ong/w00930.json,features/cu_ong/w00930.npz,0.8458,2.6026,60
cưa (cái cưa),cua_cai_cua,Dataset/Videos/W00931.mp4,motions/cua_cai_cua/w00931.json,features/cua_cai_cua/w00931.npz,0.8086,3.003,60
cưa,cua,Dataset/Videos/W00932.mp4,motions/cua/w00932.json,features/cua/w00932.npz,0.7844,3.4701,60
cửa hàng,cua_hang,Dataset/Videos/W00935B.mp4,motions/cua_hang/w00935b.json,features/cua_hang/w00935b.npz,0.991,3.6036,60
cửa hàng,cua_hang,Dataset/Videos/W00935N.mp4,motions/cua_hang/w00935n.json,features/cua_hang/w00935n.npz,0.7743,3.6036,60
cửa hàng,cua_hang,Dataset/Videos/W00935T.mp4,motions/cua_hang/w00935t.json,features/cua_hang/w00935t.npz,0.991,3.6036,60
cửa khẩu,cua_khau,Dataset/Videos/W00936.mp4,motions/cua_khau/w00936.json,features/cua_khau/w00936.npz,0.819,2.636,60
cửa kính,cua_kinh,Dataset/Videos/W00937.mp4,motions/cua_kinh/w00937.json,features/cua_kinh/w00937.npz,0.7538,3.3033,60
cửa sổ,cua_so,Dataset/Videos/W00939.mp4,motions/cua_so/w00939.json,features/cua_so/w00939.npz,0.7279,2.8695,60
cưỡi ngựa,cuoi_ngua,Dataset/Videos/W00941.mp4,motions/cuoi_ngua/w00941.json,features/cuoi_ngua/w00941.npz,0.5269,4.9049,60
yên ngựa,yen_ngua,Dataset/Videos/W00942.mp4,motions/yen_ngua/w00942.json,features/yen_ngua/w00942.npz,0.611,4.2376,60
cướp,cuop,Dataset/Videos/W00943B.mp4,motions/cuop/w00943b.json,features/cuop/w00943b.npz,0.9856,3.003,60
cướp,cuop,Dataset/Videos/W00943N.mp4,motions/cuop/w00943n.json,features/cuop/w00943n.npz,0.6028,3.3033,60
cướp,cuop,Dataset/Videos/W00943T.mp4,motions/cuop/w00943t.json,features/cuop/w00943t.npz,0.5732,3.3033,60
cướp biển,cuop_bien,Dataset/Videos/W00944.mp4,motions/cuop_bien/w00944.json,features/cuop_bien/w00944.npz,0.6438,3.5035,60
cướp cờ,cuop_co,Dataset/Videos/W00945.mp4,motions/cuop_co/w00945.json,features/cuop_co/w00945.npz,0.7735,3.3033,60
cướp giật,cuop_giat,Dataset/Videos/W00946.mp4,motions/cuop_giat/w00946.json,features/cuop_giat/w00946.npz,0.5273,2.9363,60
cứu,cuu,Dataset/Videos/W00947.mp4,motions/cuu/w00947.json,features/cuu/w00947.npz,0.7943,2.636,60
cứu hộ,cuu_ho,Dataset/Videos/W00948.mp4,motions/cuu_ho/w00948.json,features/cuu_ho/w00948.npz,0.7245,3.0697,60
dai,dai,Dataset/Videos/W00951.mp4,motions/dai/w00951.json,features/dai/w00951.npz,0.607,2.8695,60
dài,dai,Dataset/Videos/W00952.mp4,motions/dai/w00952.json,features/dai/w00952.npz,0.7147,3.003,60
dài hạn,dai_han,Dataset/Videos/W00953.mp4,motions/dai_han/w00953.json,features/dai_han/w00953.npz,0.771,3.5035,60
dài hơn,dai_hon,Dataset/Videos/W00954.mp4,motions/dai_hon/w00954.json,features/dai_hon/w00954.npz,0.809,3.2366,60
dài nhất,dai_nhat,Dataset/Videos/W00955.mp4,motions/dai_nhat/w00955.json,features/dai_nhat/w00955.npz,0.8487,3.8705,60
dải phân cách,dai_phan_cach,Dataset/Videos/W00958.mp4,motions/dai_phan_cach/w00958.json,features/dai_phan_cach/w00958.npz,0.7302,7.0737,60
dàn bài,dan_bai,Dataset/Videos/W00959.mp4,motions/dan_bai/w00959.json,features/dan_bai/w00959.npz,0.7449,3.5702,60
dàn nhạc,dan_nhac,Dataset/Videos/W00960.mp4,motions/dan_nhac/w00960.json,features/dan_nhac/w00960.npz,0.8126,2.8362,60
danh bạ,danh_ba,Dataset/Videos/W00963.mp4,motions/danh_ba/w00963.json,features/danh_ba/w00963.npz,0.7152,3.5035,60
danh dự,danh_du,Dataset/Videos/W00964.mp4,motions/danh_du/w00964.json,features/danh_du/w00964.npz,0.6913,3.3367,60
danh hiệu,danh_hieu,Dataset/Videos/W00965.mp4,motions/danh_hieu/w00965.json,features/danh_hieu/w00965.npz,0.6408,3.8038,60
danh lam thắng cảnh,danh_lam_thang_canh,Dataset/Videos/W00966.mp4,motions/danh_lam_thang_canh/w00966.json,features/danh_lam_thang_canh/w00966.npz,0.7347,4.5379,60
danh mục,danh_muc,Dataset/Videos/W00967.mp4,motions/danh_muc/w00967.json,features/danh_muc/w00967.npz,0.7562,2.9363,60
danh nhân,danh_nhan,Dataset/Videos/W00968.mp4,motions/danh_nhan/w00968.json,features/danh_nhan/w00968.npz,0.6868,3.6703,60
danh sách,danh_sach,Dataset/Videos/W00969.mp4,motions/danh_sach/w00969.json,features/danh_sach/w00969.npz,0.7706,2.8362,60
danh từ,danh_tu,Dataset/Videos/W00970.mp4,motions/danh_tu/w00970.json,features/danh_tu/w00970.npz,0.7897,2.8362,60
danh từ riêng,danh_tu_rieng,Dataset/Videos/W00971.mp4,motions/danh_tu_rieng/w00971.json,features/danh_tu_rieng/w00971.npz,0.7431,3.5035,60
dán,dan,Dataset/Videos/W00972.mp4,motions/dan/w00972.json,features/dan/w00972.npz,0.8107,3.0364,60
dao,dao,Dataset/Videos/W00973.mp4,motions/dao/w00973.json,features/dao/w00973.npz,0.8224,2.8695,60
dãy nhà,day_nha,Dataset/Videos/W00975.mp4,motions/day_nha/w00975.json,features/day_nha/w00975.npz,0.7614,3.1365,60
dãy núi,day_nui,Dataset/Videos/W00976.mp4,motions/day_nui/w00976.json,features/day_nui/w00976.npz,0.5953,3.5369,60
dãy số,day_so,Dataset/Videos/W00977.mp4,motions/day_so/w00977.json,features/day_so/w00977.npz,0.6008,3.0697,60
dãy số liệu,day_so_lieu,Dataset/Videos/W00978.mp4,motions/day_so_lieu/w00978.json,features/day_so_lieu/w00978.npz,0.7653,4.2042,60
dạy,day,Dataset/Videos/W00979.mp4,motions/day/w00979.json,features/day/w00979.npz,0.5878,2.7361,60
dặn dò,dan_do,Dataset/Videos/W00980.mp4,motions/dan_do/w00980.json,features/dan_do/w00980.npz,0.5835,2.369,60
dắt,dat,Dataset/Videos/W00981.mp4,motions/dat/w00981.json,features/dat/w00981.npz,0.7798,3.1031,60
dân ca,dan_ca,Dataset/Videos/W00982.mp4,motions/dan_ca/w00982.json,features/dan_ca/w00982.npz,0.5938,2.8028,60
dân chài,dan_chai,Dataset/Videos/W00983.mp4,motions/dan_chai/w00983.json,features/dan_chai/w00983.npz,0.7247,3.2699,60
gian lận,gian_lan,Dataset/Videos/W00985.mp4,motions/gian_lan/w00985.json,features/gian_lan/w00985.npz,0.7622,3.4201,60
dân số,dan_so,Dataset/Videos/W00987.mp4,motions/dan_so/w00987.json,features/dan_so/w00987.npz,0.6552,2.7361,60
dân tộc,dan_toc,Dataset/Videos/W00988B.mp4,motions/dan_toc/w00988b.json,features/dan_toc/w00988b.npz,0.9729,3.2032,60
dân tộc,dan_toc,Dataset/Videos/W00988N.mp4,motions/dan_toc/w00988n.json,features/dan_toc/w00988n.npz,0.8535,2.369,60
dân tộc,dan_toc,Dataset/Videos/W00988T.mp4,motions/dan_toc/w00988t.json,features/dan_toc/w00988t.npz,0.8856,2.369,60
dân tộc thiểu số,dan_toc_thieu_so,Dataset/Videos/W00989B.mp4,motions/dan_toc_thieu_so/w00989b.json,features/dan_toc_thieu_so/w00989b.npz,0.9133,3.5035,60
dân tộc thiểu số,dan_toc_thieu_so,Dataset/Videos/W00989N.mp4,motions/dan_toc_thieu_so/w00989n.json,features/dan_toc_thieu_so/w00989n.npz,0.8083,3.3367,60
dân tộc thiểu số,dan_toc_thieu_so,Dataset/Videos/W00989T.mp4,motions/dan_toc_thieu_so/w00989t.json,features/dan_toc_thieu_so/w00989t.npz,0.7823,3.3367,60
dẫn chương trình,dan_chuong_trinh,Dataset/Videos/W00990.mp4,motions/dan_chuong_trinh/w00990.json,features/dan_chuong_trinh/w00990.npz,0.5362,2.9696,60
dẫn chứng,dan_chung,Dataset/Videos/W00991.mp4,motions/dan_chung/w00991.json,features/dan_chung/w00991.npz,0.556,4.4711,60
dập,dap,Dataset/Videos/W00992.mp4,motions/dap/w00992.json,features/dap/w00992.npz,0.7512,2.1355,60
dầu ăn,dau_an,Dataset/Videos/W00993.mp4,motions/dau_an/w00993.json,features/dau_an/w00993.npz,0.5531,2.1355,60
dầu gội đầu,dau_goi_au,Dataset/Videos/W00994.mp4,motions/dau_goi_au/w00994.json,features/dau_goi_au/w00994.npz,0.6286,3.2699,60
dầu hoả,dau_hoa,Dataset/Videos/W00995.mp4,motions/dau_hoa/w00995.json,features/dau_hoa/w00995.npz,0.7209,2.8362,60
dầu khí,dau_khi,Dataset/Videos/W00996.mp4,motions/dau_khi/w00996.json,features/dau_khi/w00996.npz,0.7378,2.9363,60
dầu mỏ,dau_mo,Dataset/Videos/W00997.mp4,motions/dau_mo/w00997.json,features/dau_mo/w00997.npz,0.7066,3.4368,60
dấu bằng,dau_bang,Dataset/Videos/W00998.mp4,motions/dau_bang/w00998.json,features/dau_bang/w00998.npz,0.6917,2.6026,60
dấu chấm,dau_cham,Dataset/Videos/W01001.mp4,motions/dau_cham/w01001.json,features/dau_cham/w01001.npz,0.4794,3.6036,60
dấu chấm hỏi,dau_cham_hoi,Dataset/Videos/W01002.mp4,motions/dau_cham_hoi/w01002.json,features/dau_cham_hoi/w01002.npz,0.4983,3.4368,60
dấu chấm than,dau_cham_than,Dataset/Videos/W01003.mp4,motions/dau_cham_than/w01003.json,features/dau_cham_than/w01003.npz,0.5598,2.636,60
dấu chia,dau_chia,Dataset/Videos/W01004.mp4,motions/dau_chia/w01004.json,features/dau_chia/w01004.npz,0.5517,2.9029,60
dấu gạch ngang,dau_gach_ngang,Dataset/Videos/W01005.mp4,motions/dau_gach_ngang/w01005.json,features/dau_gach_ngang/w01005.npz,0.5486,2.4024,60
dấu hai chấm,dau_hai_cham,Dataset/Videos/W01006.mp4,motions/dau_hai_cham/w01006.json,features/dau_hai_cham/w01006.npz,0.5435,2.8028,60
bắt buộc,bat_buoc,Dataset/Videos/W01008.mp4,motions/bat_buoc/w01008.json,features/bat_buoc/w01008.npz,0.7098,2.3357,60
dấu ngoặc đơn,dau_ngoac_on,Dataset/Videos/W01009.mp4,motions/dau_ngoac_on/w01009.json,features/dau_ngoac_on/w01009.npz,0.661,3.1031,60
dấu nhân,dau_nhan,Dataset/Videos/W01010.mp4,motions/dau_nhan/w01010.json,features/dau_nhan/w01010.npz,0.6518,2.8028,60
dấu phẩy,dau_phay,Dataset/Videos/W01011.mp4,motions/dau_phay/w01011.json,features/dau_phay/w01011.npz,0.516,3.0697,60
dây buộc tóc,day_buoc_toc,Dataset/Videos/W01014.mp4,motions/day_buoc_toc/w01014.json,features/day_buoc_toc/w01014.npz,0.895,4.3377,60
dây chun,day_chun,Dataset/Videos/W01015.mp4,motions/day_chun/w01015.json,features/day_chun/w01015.npz,0.63,3.37,60
dây điện,day_ien,Dataset/Videos/W01016B.mp4,motions/day_ien/w01016b.json,features/day_ien/w01016b.npz,0.9123,3.3367,60
dây điện,day_ien,Dataset/Videos/W01016N.mp4,motions/day_ien/w01016n.json,features/day_ien/w01016n.npz,0.6721,3.7704,60
dây điện,day_ien,Dataset/Videos/W01016T.mp4,motions/day_ien/w01016t.json,features/day_ien/w01016t.npz,0.6635,3.7704,60
dây thần kinh,day_than_kinh,Dataset/Videos/W01017.mp4,motions/day_than_kinh/w01017.json,features/day_than_kinh/w01017.npz,0.7526,2.7945,60
dây thừng,day_thung,Dataset/Videos/W01018.mp4,motions/day_thung/w01018.json,features/day_thung/w01018.npz,0.6311,3.7037,60
dây xích,day_xich,Dataset/Videos/W01019.mp4,motions/day_xich/w01019.json,features/day_xich/w01019.npz,0.7058,3.1698,60
dẻo,deo,Dataset/Videos/W01021.mp4,motions/deo/w01021.json,features/deo/w01021.npz,0.6717,3.2699,60
dép quai hậu,dep_quai_hau,Dataset/Videos/W01022B.mp4,motions/dep_quai_hau/w01022b.json,features/dep_quai_hau/w01022b.npz,0.9867,3.2699,60
dép quai hậu,dep_quai_hau,Dataset/Videos/W01022N.mp4,motions/dep_quai_hau/w01022n.json,features/dep_quai_hau/w01022n.npz,0.704,3.37,60
dép quai hậu,dep_quai_hau,Dataset/Videos/W01022T.mp4,motions/dep_quai_hau/w01022t.json,features/dep_quai_hau/w01022t.npz,0.9867,3.2699,60
dê con,de_con,Dataset/Videos/W01024.mp4,motions/de_con/w01024.json,features/de_con/w01024.npz,0.7183,4.004,60
dê mẹ,de_me,Dataset/Videos/W01025.mp4,motions/de_me/w01025.json,features/de_me/w01025.npz,0.6079,4.0374,60
dễ chịu,de_chiu,Dataset/Videos/W01026.mp4,motions/de_chiu/w01026.json,features/de_chiu/w01026.npz,0.7589,3.1031,60
dễ thương,de_thuong,Dataset/Videos/W01027.mp4,motions/de_thuong/w01027.json,features/de_thuong/w01027.npz,0.5079,3.5035,60
dệt,det,Dataset/Videos/W01028.mp4,motions/det/w01028.json,features/det/w01028.npz,0.5805,3.3367,60
di chuyển,di_chuyen,Dataset/Videos/W01029.mp4,motions/di_chuyen/w01029.json,features/di_chuyen/w01029.npz,0.5924,1.9686,60
di truyền,di_truyen,Dataset/Videos/W01032B.mp4,motions/di_truyen/w01032b.json,features/di_truyen/w01032b.npz,0.9649,2.4691,60
di truyền,di_truyen,Dataset/Videos/W01032N.mp4,motions/di_truyen/w01032n.json,features/di_truyen/w01032n.npz,0.5693,2.7694,60
di truyền,di_truyen,Dataset/Videos/W01032T.mp4,motions/di_truyen/w01032t.json,features/di_truyen/w01032t.npz,0.6498,3.4368,60
dịch vụ,dich_vu,Dataset/Videos/W01033B.mp4,motions/dich_vu/w01033b.json,features/dich_vu/w01033b.npz,0.9895,3.1031,60
dịch vụ,dich_vu,Dataset/Videos/W01033N.mp4,motions/dich_vu/w01033n.json,features/dich_vu/w01033n.npz,0.7072,3.7037,60
dịch vụ,dich_vu,Dataset/Videos/W01033T.mp4,motions/dich_vu/w01033t.json,features/dich_vu/w01033t.npz,0.6589,3.37,60
diêm,diem,Dataset/Videos/W01034.mp4,motions/diem/w01034.json,features/diem/w01034.npz,0.7089,3.2032,60
kịch,kich,Dataset/Videos/W01035.mp4,motions/kich/w01035.json,features/kich/w01035.npz,0.9292,3.37,60
kịch câm,kich_cam,Dataset/Videos/W01036.mp4,motions/kich_cam/w01036.json,features/kich_cam/w01036.npz,0.792,3.1281,60
diễn thuyết,dien_thuyet,Dataset/Videos/W01038.mp4,motions/dien_thuyet/w01038.json,features/dien_thuyet/w01038.npz,0.5316,3.4034,60
diện tích,dien_tich,Dataset/Videos/W01039.mp4,motions/dien_tich/w01039.json,features/dien_tich/w01039.npz,0.6569,4.5045,60
diện tích toàn phần,dien_tich_toan_phan,Dataset/Videos/W01040.mp4,motions/dien_tich_toan_phan/w01040.json,features/dien_tich_toan_phan/w01040.npz,0.7476,3.9206,60
diện tích xung quanh,dien_tich_xung_quanh,Dataset/Videos/W01041.mp4,motions/dien_tich_xung_quanh/w01041.json,features/dien_tich_xung_quanh/w01041.npz,0.6224,3.5035,60
diệt chủng,diet_chung,Dataset/Videos/W01042.mp4,motions/diet_chung/w01042.json,features/diet_chung/w01042.npz,0.629,5.4388,60
xịt côn trùng,xit_con_trung,Dataset/Videos/W01043.mp4,motions/xit_con_trung/w01043.json,features/xit_con_trung/w01043.npz,0.6346,5.1051,60
diều,dieu,Dataset/Videos/W01044.mp4,motions/dieu/w01044.json,features/dieu/w01044.npz,0.6677,4.5712,60
Dinh Độc Lập,dinh_oc_lap,Dataset/Videos/W01046.mp4,motions/dinh_oc_lap/w01046.json,features/dinh_oc_lap/w01046.npz,0.6089,4.1041,60
hăm dọa,ham_doa,Dataset/Videos/W01050.mp4,motions/ham_doa/w01050.json,features/ham_doa/w01050.npz,0.4701,8.5752,60
doanh nghiệp,doanh_nghiep,Dataset/Videos/W01051.mp4,motions/doanh_nghiep/w01051.json,features/doanh_nghiep/w01051.npz,0.6677,2.9696,60
doanh trại,doanh_trai,Dataset/Videos/W01053.mp4,motions/doanh_trai/w01053.json,features/doanh_trai/w01053.npz,0.5997,3.1698,60
dọc,doc,Dataset/Videos/W01054.mp4,motions/doc/w01054.json,features/doc/w01054.npz,0.5244,2.7361,60
dòng chữ,dong_chu,Dataset/Videos/W01055.mp4,motions/dong_chu/w01055.json,features/dong_chu/w01055.npz,0.5705,2.8028,60
dòng họ,dong_ho,Dataset/Videos/W01056.mp4,motions/dong_ho/w01056.json,features/dong_ho/w01056.npz,0.5888,4.4044,60
dòng sông,dong_song,Dataset/Videos/W01058.mp4,motions/dong_song/w01058.json,features/dong_song/w01058.npz,0.7372,3.1365,60
dốc,doc,Dataset/Videos/W01060.mp4,motions/doc/w01060.json,features/doc/w01060.npz,0.5236,7.3073,60
dốt,dot,Dataset/Videos/W01061.mp4,motions/dot/w01061.json,features/dot/w01061.npz,0.4325,8.008,60
du học,du_hoc,Dataset/Videos/W01062.mp4,motions/du_hoc/w01062.json,features/du_hoc/w01062.npz,0.5159,3.2032,60
du thuyền,du_thuyen,Dataset/Videos/W01064.mp4,motions/du_thuyen/w01064.json,features/du_thuyen/w01064.npz,0.6559,2.8362,60
dũng cảm,dung_cam,Dataset/Videos/W01068.mp4,motions/dung_cam/w01068.json,features/dung_cam/w01068.npz,0.6226,3.1031,60
dụng cụ,dung_cu,Dataset/Videos/W01069.mp4,motions/dung_cu/w01069.json,features/dung_cu/w01069.npz,0.6916,3.2699,60
duyên dáng,duyen_dang,Dataset/Videos/W01070.mp4,motions/duyen_dang/w01070.json,features/duyen_dang/w01070.npz,0.9821,3.0364,60
duyệt binh,duyet_binh,Dataset/Videos/W01071.mp4,motions/duyet_binh/w01071.json,features/duyet_binh/w01071.npz,0.7659,3.1031,60
nhà nước,nha_nuoc,Dataset/Videos/W01075B.mp4,motions/nha_nuoc/w01075b.json,features/nha_nuoc/w01075b.npz,0.8572,3.5702,60
nhà nước,nha_nuoc,Dataset/Videos/W01075N.mp4,motions/nha_nuoc/w01075n.json,features/nha_nuoc/w01075n.npz,0.6351,3.5369,60
nhà nước,nha_nuoc,Dataset/Videos/W01075T.mp4,motions/nha_nuoc/w01075t.json,features/nha_nuoc/w01075t.npz,0.6351,3.5369,60
dựng phim,dung_phim,Dataset/Videos/W01076.mp4,motions/dung_phim/w01076.json,features/dung_phim/w01076.npz,0.6989,3.1698,60
đá bóng,a_bong,Dataset/Videos/W01078.mp4,motions/a_bong/w01078.json,features/a_bong/w01078.npz,0.6,6.0727,60
pháo đài,phao_ai,Dataset/Videos/W01079.mp4,motions/phao_ai/w01079.json,features/phao_ai/w01079.npz,0.7422,4.8382,60
đài sen,ai_sen,Dataset/Videos/W01080.mp4,motions/ai_sen/w01080.json,features/ai_sen/w01080.npz,0.7043,3.3367,60
đại diện,ai_dien,Dataset/Videos/W01082B.mp4,motions/ai_dien/w01082b.json,features/ai_dien/w01082b.npz,0.9831,2.5692,60
đại diện,ai_dien,Dataset/Videos/W01082N.mp4,motions/ai_dien/w01082n.json,features/ai_dien/w01082n.npz,0.7543,2.7361,60
đại diện,ai_dien,Dataset/Videos/W01082T.mp4,motions/ai_dien/w01082t.json,features/ai_dien/w01082t.npz,0.9831,2.5692,60
đại dương,ai_duong,Dataset/Videos/W01083.mp4,motions/ai_duong/w01083.json,features/ai_duong/w01083.npz,0.61,3.3367,60
đại số,ai_so,Dataset/Videos/W01085.mp4,motions/ai_so/w01085.json,features/ai_so/w01085.npz,0.6248,3.6703,60
đại tá,ai_ta,Dataset/Videos/W01086.mp4,motions/ai_ta/w01086.json,features/ai_ta/w01086.npz,0.465,3.7704,60
đại tướng,ai_tuong,Dataset/Videos/W01088.mp4,motions/ai_tuong/w01088.json,features/ai_tuong/w01088.npz,0.4639,3.9039,60
đại úy,ai_uy,Dataset/Videos/W01089.mp4,motions/ai_uy/w01089.json,features/ai_uy/w01089.npz,0.4286,4.371,60
đảm nhiệm,am_nhiem,Dataset/Videos/W01092.mp4,motions/am_nhiem/w01092.json,features/am_nhiem/w01092.npz,0.5125,3.4701,60
đám ma,am_ma,Dataset/Videos/W01093.mp4,motions/am_ma/w01093.json,features/am_ma/w01093.npz,0.6643,6.0727,60
đám mây,am_may,Dataset/Videos/W01094.mp4,motions/am_may/w01094.json,features/am_may/w01094.npz,0.7214,3.5035,60
đan,an,Dataset/Videos/W01095.mp4,motions/an/w01095.json,features/an/w01095.npz,0.6415,4.2042,60
đàn xê lô đại vĩ cầm,an_xe_lo_ai_vi_cam,Dataset/Videos/W01096.mp4,motions/an_xe_lo_ai_vi_cam/w01096.json,features/an_xe_lo_ai_vi_cam/w01096.npz,0.8023,4.0457,60
đàn bầu,an_bau,Dataset/Videos/W01098.mp4,motions/an_bau/w01098.json,features/an_bau/w01098.npz,0.5641,4.2042,60
đàn bướm,an_buom,Dataset/Videos/W01099.mp4,motions/an_buom/w01099.json,features/an_buom/w01099.npz,0.5633,3.2032,60
đàn ghi ta,an_ghi_ta,Dataset/Videos/W01100.mp4,motions/an_ghi_ta/w01100.json,features/an_ghi_ta/w01100.npz,0.675,3.2032,60
đàn kiến,an_kien,Dataset/Videos/W01101.mp4,motions/an_kien/w01101.json,features/an_kien/w01101.npz,0.6148,3.6036,60
đàn tơ-rưng,an_to_rung,Dataset/Videos/W01103.mp4,motions/an_to_rung/w01103.json,features/an_to_rung/w01103.npz,0.5401,7.4741,60
đàng ngoài,ang_ngoai,Dataset/Videos/W01104.mp4,motions/ang_ngoai/w01104.json,features/ang_ngoai/w01104.npz,0.6295,3.3367,60
đàng trong,ang_trong,Dataset/Videos/W01105.mp4,motions/ang_trong/w01105.json,features/ang_trong/w01105.npz,0.7024,2.7694,60
đáng quý,ang_quy,Dataset/Videos/W01106.mp4,motions/ang_quy/w01106.json,features/ang_quy/w01106.npz,0.5321,3.0364,60
đánh,anh,Dataset/Videos/W01107.mp4,motions/anh/w01107.json,features/anh/w01107.npz,0.4887,2.7361,60
đánh bắt,anh_bat,Dataset/Videos/W01108.mp4,motions/anh_bat/w01108.json,features/anh_bat/w01108.npz,0.5989,3.1365,60
đánh giá,anh_gia,Dataset/Videos/W01110.mp4,motions/anh_gia/w01110.json,features/anh_gia/w01110.npz,0.5293,2.9029,60
đánh răng,anh_rang,Dataset/Videos/W01112.mp4,motions/anh_rang/w01112.json,features/anh_rang/w01112.npz,0.5472,2.9696,60
đánh trống,anh_trong,Dataset/Videos/W01113.mp4,motions/anh_trong/w01113.json,features/anh_trong/w01113.npz,0.5956,2.8695,60
đạn,an,Dataset/Videos/W01114.mp4,motions/an/w01114.json,features/an/w01114.npz,0.679,2.7361,60
đào tạo,ao_tao,Dataset/Videos/W01115.mp4,motions/ao_tao/w01115.json,features/ao_tao/w01115.npz,0.6503,2.636,60
đảo,ao,Dataset/Videos/W01116.mp4,motions/ao/w01116.json,features/ao/w01116.npz,0.646,3.37,60
đảo Lý Sơn,ao_ly_son,Dataset/Videos/W01117.mp4,motions/ao_ly_son/w01117.json,features/ao_ly_son/w01117.npz,0.6286,3.5035,60
đảo Phú Quốc,ao_phu_quoc,Dataset/Videos/W01118.mp4,motions/ao_phu_quoc/w01118.json,features/ao_phu_quoc/w01118.npz,0.6684,3.2699,60
đặc biệt,ac_biet,Dataset/Videos/W01122.mp4,motions/ac_biet/w01122.json,features/ac_biet/w01122.npz,0.4251,10.5439,60
đặc biệt,ac_biet,Dataset/Videos/W01122B.mp4,motions/ac_biet/w01122b.json,features/ac_biet/w01122b.npz,0.9806,2.2356,60
đặc biệt,ac_biet,Dataset/Videos/W01122N.mp4,motions/ac_biet/w01122n.json,features/ac_biet/w01122n.npz,0.5494,2.9363,60
đặc biệt,ac_biet,Dataset/Videos/W01122T.mp4,motions/ac_biet/w01122t.json,features/ac_biet/w01122t.npz,0.5457,2.9363,60
đặc điểm,ac_iem,Dataset/Videos/W01124.mp4,motions/ac_iem/w01124.json,features/ac_iem/w01124.npz,0.641,3.5035,60
Đắk Lắk,ak_lak,Dataset/Videos/W01125.mp4,motions/ak_lak/w01125.json,features/ak_lak/w01125.npz,0.6414,2.9029,60
đăng ký,ang_ky,Dataset/Videos/W01126.mp4,motions/ang_ky/w01126.json,features/ang_ky/w01126.npz,0.6331,3.1031,60
đăng nhập,ang_nhap,Dataset/Videos/W01127.mp4,motions/ang_nhap/w01127.json,features/ang_nhap/w01127.npz,0.6709,2.6693,60
đằng sau,ang_sau,Dataset/Videos/W01128.mp4,motions/ang_sau/w01128.json,features/ang_sau/w01128.npz,0.6464,3.0364,60
đằng trước,ang_truoc,Dataset/Videos/W01129.mp4,motions/ang_truoc/w01129.json,features/ang_truoc/w01129.npz,0.7107,2.7361,60
Đặng Văn Ngữ,ang_van_ngu,Dataset/Videos/W01130.mp4,motions/ang_van_ngu/w01130.json,features/ang_van_ngu/w01130.npz,0.4616,4.371,60
đắt đỏ,at_o,Dataset/Videos/W01131.mp4,motions/at_o/w01131.json,features/at_o/w01131.npz,0.5125,3.003,60
đặt,at,Dataset/Videos/W01132.mp4,motions/at/w01132.json,features/at/w01132.npz,0.4981,3.003,60
đập,ap,Dataset/Videos/W01134.mp4,motions/ap/w01134.json,features/ap/w01134.npz,0.518,6.8402,60
đất,at,Dataset/Videos/W01135.mp4,motions/at/w01135.json,features/at/w01135.npz,0.7586,2.3357,60
đất màu mỡ,at_mau_mo,Dataset/Videos/W01137.mp4,motions/at_mau_mo/w01137.json,features/at_mau_mo/w01137.npz,0.6565,3.6703,60
đất nặn,at_nan,Dataset/Videos/W01138.mp4,motions/at_nan/w01138.json,features/at_nan/w01138.npz,0.6381,2.9363,60
đất trồng cây,at_trong_cay,Dataset/Videos/W01140.mp4,motions/at_trong_cay/w01140.json,features/at_trong_cay/w01140.npz,0.6691,3.6703,60
đầu gối,au_goi,Dataset/Videos/W01141.mp4,motions/au_goi/w01141.json,features/au_goi/w01141.npz,0.6781,3.5035,60
đầu hàng,au_hang,Dataset/Videos/W01142.mp4,motions/au_hang/w01142.json,features/au_hang/w01142.npz,0.6297,2.636,60
đầu tàu,au_tau,Dataset/Videos/W01143.mp4,motions/au_tau/w01143.json,features/au_tau/w01143.npz,0.61,5.3387,60
đầu tiên,au_tien,Dataset/Videos/W01144.mp4,motions/au_tien/w01144.json,features/au_tien/w01144.npz,0.5775,2.6693,60
đầu xuôi đuôi lọt,au_xuoi_uoi_lot,Dataset/Videos/W01145.mp4,motions/au_xuoi_uoi_lot/w01145.json,features/au_xuoi_uoi_lot/w01145.npz,0.5799,4.9049,60
đấu tranh,au_tranh,Dataset/Videos/W01146.mp4,motions/au_tranh/w01146.json,features/au_tranh/w01146.npz,0.5599,4.8048,60
đấu vật,au_vat,Dataset/Videos/W01148.mp4,motions/au_vat/w01148.json,features/au_vat/w01148.npz,0.5688,5.005,60
đầy,ay,Dataset/Videos/W01149.mp4,motions/ay/w01149.json,features/ay/w01149.npz,0.5632,7.2739,60
đầy đủ,ay_u,Dataset/Videos/W01150.mp4,motions/ay_u/w01150.json,features/ay_u/w01150.npz,0.4557,4.1041,60
đầy tớ,ay_to,Dataset/Videos/W01151.mp4,motions/ay_to/w01151.json,features/ay_to/w01151.npz,0.5849,4.5712,60
đẩy,ay,Dataset/Videos/W01152.mp4,motions/ay/w01152.json,features/ay/w01152.npz,0.5576,3.9706,60
đen láy (như đen nhánh),en_lay_nhu_en_nhanh,Dataset/Videos/W01153B.mp4,motions/en_lay_nhu_en_nhanh/w01153b.json,features/en_lay_nhu_en_nhanh/w01153b.npz,0.5287,4.3043,60
đen láy (như đen nhánh),en_lay_nhu_en_nhanh,Dataset/Videos/W01153N.mp4,motions/en_lay_nhu_en_nhanh/w01153n.json,features/en_lay_nhu_en_nhanh/w01153n.npz,0.517,3.637,60
đen láy (như đen nhánh),en_lay_nhu_en_nhanh,Dataset/Videos/W01153T.mp4,motions/en_lay_nhu_en_nhanh/w01153t.json,features/en_lay_nhu_en_nhanh/w01153t.npz,0.517,3.637,60
đèn báo giao thông,en_bao_giao_thong,Dataset/Videos/W01154B.mp4,motions/en_bao_giao_thong/w01154b.json,features/en_bao_giao_thong/w01154b.npz,0.9714,3.0364,60
đèn báo giao thông,en_bao_giao_thong,Dataset/Videos/W01154N.mp4,motions/en_bao_giao_thong/w01154n.json,features/en_bao_giao_thong/w01154n.npz,0.6839,3.637,60
đèn báo giao thông,en_bao_giao_thong,Dataset/Videos/W01154T.mp4,motions/en_bao_giao_thong/w01154t.json,features/en_bao_giao_thong/w01154t.npz,0.6839,3.637,60
đèn điện,en_ien,Dataset/Videos/W01155B.mp4,motions/en_ien/w01155b.json,features/en_ien/w01155b.npz,0.9797,2.6693,60
đèn điện,en_ien,Dataset/Videos/W01155N.mp4,motions/en_ien/w01155n.json,features/en_ien/w01155n.npz,0.5238,3.37,60
đèn điện,en_ien,Dataset/Videos/W01155T.mp4,motions/en_ien/w01155t.json,features/en_ien/w01155t.npz,0.5238,3.37,60
đèn đỏ,en_o,Dataset/Videos/W01156.mp4,motions/en_o/w01156.json,features/en_o/w01156.npz,0.5546,5.4054,60
đèn lồng,en_long,Dataset/Videos/W01158.mp4,motions/en_long/w01158.json,features/en_long/w01158.npz,0.6112,4.4711,60
đèn pin,en_pin,Dataset/Videos/W01159B.mp4,motions/en_pin/w01159b.json,features/en_pin/w01159b.npz,0.9823,3.0697,60
đèn pin,en_pin,Dataset/Videos/W01159N.mp4,motions/en_pin/w01159n.json,features/en_pin/w01159n.npz,0.6975,3.37,60
đèn pin,en_pin,Dataset/Videos/W01159T.mp4,motions/en_pin/w01159t.json,features/en_pin/w01159t.npz,0.5437,8.3417,60
đèn vàng,en_vang,Dataset/Videos/W01161B.mp4,motions/en_vang/w01161b.json,features/en_vang/w01161b.npz,0.9092,3.7037,60
đèn vàng,en_vang,Dataset/Videos/W01161N.mp4,motions/en_vang/w01161n.json,features/en_vang/w01161n.npz,0.6247,3.2366,60
đèn vàng,en_vang,Dataset/Videos/W01161T.mp4,motions/en_vang/w01161t.json,features/en_vang/w01161t.npz,0.9405,4.371,60
đèn xanh,en_xanh,Dataset/Videos/W01162B.mp4,motions/en_xanh/w01162b.json,features/en_xanh/w01162b.npz,0.9293,3.8372,60
đèn xanh,en_xanh,Dataset/Videos/W01162N.mp4,motions/en_xanh/w01162n.json,features/en_xanh/w01162n.npz,0.5605,4.0707,60
đèn xanh,en_xanh,Dataset/Videos/W01162T.mp4,motions/en_xanh/w01162t.json,features/en_xanh/w01162t.npz,0.9102,4.1041,60
đeo kính,eo_kinh,Dataset/Videos/W01164.mp4,motions/eo_kinh/w01164.json,features/eo_kinh/w01164.npz,0.5844,4.0707,60
đèo Hải Vân,eo_hai_van,Dataset/Videos/W01165B.mp4,motions/eo_hai_van/w01165b.json,features/eo_hai_van/w01165b.npz,0.9786,3.0364,60
đèo Hải Vân,eo_hai_van,Dataset/Videos/W01165N.mp4,motions/eo_hai_van/w01165n.json,features/eo_hai_van/w01165n.npz,0.7503,2.7361,60
đèo Hải Vân,eo_hai_van,Dataset/Videos/W01165T.mp4,motions/eo_hai_van/w01165t.json,features/eo_hai_van/w01165t.npz,0.7305,2.7361,60
đèo,eo,Dataset/Videos/W01166.mp4,motions/eo/w01166.json,features/eo/w01166.npz,0.5309,3.2366,60
đẹp đẽ (như đẹp),ep_e_nhu_ep,Dataset/Videos/W01170.mp4,motions/ep_e_nhu_ep/w01170.json,features/ep_e_nhu_ep/w01170.npz,0.481,4.4711,60
đẹp mê hồn,ep_me_hon,Dataset/Videos/W01172.mp4,motions/ep_me_hon/w01172.json,features/ep_me_hon/w01172.npz,0.555,5.8725,60
để (đặt),e_at,Dataset/Videos/W01173.mp4,motions/e_at/w01173.json,features/e_at/w01173.npz,0.4746,4.004,60
đề-ca-mét (dam),e_ca_met_dam,Dataset/Videos/W01175.mp4,motions/e_ca_met_dam/w01175.json,features/e_ca_met_dam/w01175.npz,0.4803,4.7381,60
đề-ca-mét vuông (dam2),e_ca_met_vuong_dam2,Dataset/Videos/W01176.mp4,motions/e_ca_met_vuong_dam2/w01176.json,features/e_ca_met_vuong_dam2/w01176.npz,0.4713,4.5379,60
đề nghị,e_nghi,Dataset/Videos/W01177B.mp4,motions/e_nghi/w01177b.json,features/e_nghi/w01177b.npz,0.9365,2.9029,60
đề nghị,e_nghi,Dataset/Videos/W01177N.mp4,motions/e_nghi/w01177n.json,features/e_nghi/w01177n.npz,0.629,7.3073,60
đề nghị,e_nghi,Dataset/Videos/W01177T.mp4,motions/e_nghi/w01177t.json,features/e_nghi/w01177t.npz,0.6305,7.3073,60
đề tài,e_tai,Dataset/Videos/W01179.mp4,motions/e_tai/w01179.json,features/e_tai/w01179.npz,0.7482,2.9613,60
đề-xi-mét (dm),e_xi_met_dm,Dataset/Videos/W01181.mp4,motions/e_xi_met_dm/w01181.json,features/e_xi_met_dm/w01181.npz,0.4913,3.8372,60
đề-xi-mét khối (dm3),e_xi_met_khoi_dm3,Dataset/Videos/W01182.mp4,motions/e_xi_met_khoi_dm3/w01182.json,features/e_xi_met_khoi_dm3/w01182.npz,0.4953,4.1041,60
đề-xi-mét vuông (dm2),e_xi_met_vuong_dm2,Dataset/Videos/W01183.mp4,motions/e_xi_met_vuong_dm2/w01183.json,features/e_xi_met_vuong_dm2/w01183.npz,0.4978,4.1041,60
đếm,em,Dataset/Videos/W01184.mp4,motions/em/w01184.json,features/em/w01184.npz,0.5743,2.9613,60
đền,en,Dataset/Videos/W01185N.mp4,motions/en/w01185n.json,features/en/w01185n.npz,0.6408,3.8038,60
Đền Hùng,en_hung,Dataset/Videos/W01186.mp4,motions/en_hung/w01186.json,features/en_hung/w01186.npz,0.5591,4.8715,60
đều đặn,eu_an,Dataset/Videos/W01188.mp4,motions/eu_an/w01188.json,features/eu_an/w01188.npz,0.5123,3.8038,60
đi,i,Dataset/Videos/W01190.mp4,motions/i/w01190.json,features/i/w01190.npz,0.4624,3.5702,60
đi học,i_hoc,Dataset/Videos/W01191.mp4,motions/i_hoc/w01191.json,features/i_hoc/w01191.npz,0.5078,3.637,60
đĩa,ia,Dataset/Videos/W01192.mp4,motions/ia/w01192.json,features/ia/w01192.npz,0.4574,4.0374,60
đĩa DVD,ia_dvd,Dataset/Videos/W01193.mp4,motions/ia_dvd/w01193.json,features/ia_dvd/w01193.npz,0.4687,4.4711,60
địa cầu,ia_cau,Dataset/Videos/W01194.mp4,motions/ia_cau/w01194.json,features/ia_cau/w01194.npz,0.7305,3.5035,60
địa đạo Củ Chi,ia_ao_cu_chi,Dataset/Videos/W01196.mp4,motions/ia_ao_cu_chi/w01196.json,features/ia_ao_cu_chi/w01196.npz,0.5976,4.7714,60
địa điểm,ia_iem,Dataset/Videos/W01197.mp4,motions/ia_iem/w01197.json,features/ia_iem/w01197.npz,0.6091,3.0864,60
địa lí,ia_li,Dataset/Videos/W01199.mp4,motions/ia_li/w01199.json,features/ia_li/w01199.npz,0.782,2.7361,60
đích,ich,Dataset/Videos/W01201.mp4,motions/ich/w01201.json,features/ich/w01201.npz,0.7894,2.9613,60
điểm ở giữa đoạn thẳng,iem_o_giua_oan_thang,Dataset/Videos/W01203.mp4,motions/iem_o_giua_oan_thang/w01203.json,features/iem_o_giua_oan_thang/w01203.npz,0.5364,4.7714,60
tấm lòng,tam_long,Dataset/Videos/W01204.mp4,motions/tam_long/w01204.json,features/tam_long/w01204.npz,0.8777,3.8789,60
điện,ien,Dataset/Videos/W01205B.mp4,motions/ien/w01205b.json,features/ien/w01205b.npz,0.9865,2.4024,60
điện,ien,Dataset/Videos/W01205N.mp4,motions/ien/w01205n.json,features/ien/w01205n.npz,0.4788,3.7037,60
điện,ien,Dataset/Videos/W01205T.mp4,motions/ien/w01205t.json,features/ien/w01205t.npz,0.4847,3.7037,60
Điện Biên Phủ,ien_bien_phu,Dataset/Videos/W01207.mp4,motions/ien_bien_phu/w01207.json,features/ien_bien_phu/w01207.npz,0.5841,5.1385,60
điện thoại,ien_thoai,Dataset/Videos/W01208.mp4,motions/ien_thoai/w01208.json,features/ien_thoai/w01208.npz,0.4406,5.9726,60
điêu khắc,ieu_khac,Dataset/Videos/W01210.mp4,motions/ieu_khac/w01210.json,features/ieu_khac/w01210.npz,0.5989,5.2719,60
quả điều,qua_ieu,Dataset/Videos/W01211.mp4,motions/qua_ieu/w01211.json,features/qua_ieu/w01211.npz,0.9211,3.4368,60
quả điều,qua_ieu,Dataset/Videos/W01211N.mp4,motions/qua_ieu/w01211n.json,features/qua_ieu/w01211n.npz,0.909,4.1708,60
điều phối,ieu_phoi,Dataset/Videos/W01212B.mp4,motions/ieu_phoi/w01212b.json,features/ieu_phoi/w01212b.npz,0.9485,3.37,60
điều phối,ieu_phoi,Dataset/Videos/W01212N.mp4,motions/ieu_phoi/w01212n.json,features/ieu_phoi/w01212n.npz,0.6301,3.1365,60
điều hòa,ieu_hoa,Dataset/Videos/W01213B.mp4,motions/ieu_hoa/w01213b.json,features/ieu_hoa/w01213b.npz,0.9672,3.9706,60
điều hòa,ieu_hoa,Dataset/Videos/W01213T.mp4,motions/ieu_hoa/w01213t.json,features/ieu_hoa/w01213t.npz,0.7889,5.2386,60
điều khiển,ieu_khien,Dataset/Videos/W01214.mp4,motions/ieu_khien/w01214.json,features/ieu_khien/w01214.npz,0.5821,4.4378,60
điều kiện,ieu_kien,Dataset/Videos/W01215.mp4,motions/ieu_kien/w01215.json,features/ieu_kien/w01215.npz,0.5966,3.8705,60
điều tra,ieu_tra,Dataset/Videos/W01216.mp4,motions/ieu_tra/w01216.json,features/ieu_tra/w01216.npz,0.4702,4.5045,60
điều trị,ieu_tri,Dataset/Videos/W01217.mp4,motions/ieu_tri/w01217.json,features/ieu_tri/w01217.npz,0.589,5.6723,60
đinh,inh,Dataset/Videos/W01219.mp4,motions/inh/w01219.json,features/inh/w01219.npz,0.7208,2.6026,60
đỉnh,inh,Dataset/Videos/W01224.mp4,motions/inh/w01224.json,features/inh/w01224.npz,0.6025,3.7371,60
đỉnh núi,inh_nui,Dataset/Videos/W01225.mp4,motions/inh_nui/w01225.json,features/inh_nui/w01225.npz,0.655,4.371,60
định vị,inh_vi,Dataset/Videos/W01226.mp4,motions/inh_vi/w01226.json,features/inh_vi/w01226.npz,0.6862,3.6286,60
đo,o,Dataset/Videos/W01227.mp4,motions/o/w01227.json,features/o/w01227.npz,0.6195,3.9373,60
đoàn cải lương,oan_cai_luong,Dataset/Videos/W01229.mp4,motions/oan_cai_luong/w01229.json,features/oan_cai_luong/w01229.npz,0.6445,4.9716,60
đoàn thanh niên,oan_thanh_nien,Dataset/Videos/W01231.mp4,motions/oan_thanh_nien/w01231.json,features/oan_thanh_nien/w01231.npz,0.6387,4.5045,60
đoàn tụ,oan_tu,Dataset/Videos/W01232.mp4,motions/oan_tu/w01232.json,features/oan_tu/w01232.npz,0.561,5.2386,60
đoán,oan,Dataset/Videos/W01234.mp4,motions/oan/w01234.json,features/oan/w01234.npz,0.4628,4.0374,60
đoạn thẳng,oan_thang,Dataset/Videos/W01235.mp4,motions/oan_thang/w01235.json,features/oan_thang/w01235.npz,0.5935,4.1375,60
đoạn thơ,oan_tho,Dataset/Videos/W01236.mp4,motions/oan_tho/w01236.json,features/oan_tho/w01236.npz,0.6208,4.6046,60
đoạn văn,oan_van,Dataset/Videos/W01237.mp4,motions/oan_van/w01237.json,features/oan_van/w01237.npz,0.6098,4.8382,60
đọc sách,oc_sach,Dataset/Videos/W01239.mp4,motions/oc_sach/w01239.json,features/oc_sach/w01239.npz,0.5982,4.2376,60
đón,on,Dataset/Videos/W01241.mp4,motions/on/w01241.json,features/on/w01241.npz,0.4435,4.8715,60
đón tiếp,on_tiep,Dataset/Videos/W01242.mp4,motions/on_tiep/w01242.json,features/on_tiep/w01242.npz,0.6727,6.006,60
đóng cửa,ong_cua,Dataset/Videos/W01243.mp4,motions/ong_cua/w01243.json,features/ong_cua/w01243.npz,0.5731,3.9373,60
đóng dấu,ong_dau,Dataset/Videos/W01244.mp4,motions/ong_dau/w01244.json,features/ong_dau/w01244.npz,0.5546,4.5045,60
đóng góp,ong_gop,Dataset/Videos/W01246.mp4,motions/ong_gop/w01246.json,features/ong_gop/w01246.npz,0.5538,3.9373,60
đô thị,o_thi,Dataset/Videos/W01248.mp4,motions/o_thi/w01248.json,features/o_thi/w01248.npz,0.5979,3.9373,60
đồ chơi,o_choi,Dataset/Videos/W01249.mp4,motions/o_choi/w01249.json,features/o_choi/w01249.npz,0.563,4.9383,60
đồ dùng dạy học,o_dung_day_hoc,Dataset/Videos/W01250.mp4,motions/o_dung_day_hoc/w01250.json,features/o_dung_day_hoc/w01250.npz,0.6047,4.4711,60
đồ dùng học tập,o_dung_hoc_tap,Dataset/Videos/W01251.mp4,motions/o_dung_hoc_tap/w01251.json,features/o_dung_hoc_tap/w01251.npz,0.5346,5.1051,60
độc hại,oc_hai,Dataset/Videos/W01254.mp4,motions/oc_hai/w01254.json,features/oc_hai/w01254.npz,0.5828,2.7945,60
đôi dép,oi_dep,Dataset/Videos/W01255.mp4,motions/oi_dep/w01255.json,features/oi_dep/w01255.npz,0.5616,3.7371,60
đổi,oi,Dataset/Videos/W01256.mp4,motions/oi/w01256.json,features/oi/w01256.npz,0.523,4.638,60
đối diện,oi_dien,Dataset/Videos/W01257.mp4,motions/oi_dien/w01257.json,features/oi_dien/w01257.npz,0.6157,4.0374,60
đối tượng,oi_tuong,Dataset/Videos/W01258.mp4,motions/oi_tuong/w01258.json,features/oi_tuong/w01258.npz,0.5338,4.5379,60
nhập ngũ,nhap_ngu,Dataset/Videos/W01259B.mp4,motions/nhap_ngu/w01259b.json,features/nhap_ngu/w01259b.npz,0.8156,3.4701,60
nhập ngũ,nhap_ngu,Dataset/Videos/W01259N.mp4,motions/nhap_ngu/w01259n.json,features/nhap_ngu/w01259n.npz,0.7153,4.5712,60
nhập ngũ,nhap_ngu,Dataset/Videos/W01259T.mp4,motions/nhap_ngu/w01259t.json,features/nhap_ngu/w01259t.npz,0.758,3.1365,60
đội trưởng,oi_truong,Dataset/Videos/W01260.mp4,motions/oi_truong/w01260.json,features/oi_truong/w01260.npz,0.5717,4.3043,60
đồn công an,on_cong_an,Dataset/Videos/W01261.mp4,motions/on_cong_an/w01261.json,features/on_cong_an/w01261.npz,0.5901,4.4711,60
Đông Nam,ong_nam,Dataset/Videos/W01262.mp4,motions/ong_nam/w01262.json,features/ong_nam/w01262.npz,0.4657,3.8372,60
Đông Nam Á,ong_nam_a,Dataset/Videos/W01263.mp4,motions/ong_nam_a/w01263.json,features/ong_nam_a/w01263.npz,0.5838,8.4418,60
đồng bằng,ong_bang,Dataset/Videos/W01264.mp4,motions/ong_bang/w01264.json,features/ong_bang/w01264.npz,0.5717,4.8382,60
đồng hồ,ong_ho,Dataset/Videos/W01265.mp4,motions/ong_ho/w01265.json,features/ong_ho/w01265.npz,0.5821,4.2042,60
Đồng Nai,ong_nai,Dataset/Videos/W01266.mp4,motions/ong_nai/w01266.json,features/ong_nai/w01266.npz,0.5366,4.4711,60
Đồng Tháp Mười,ong_thap_muoi,Dataset/Videos/W01267.mp4,motions/ong_thap_muoi/w01267.json,features/ong_thap_muoi/w01267.npz,0.4583,4.3043,60
đổ nước,o_nuoc,Dataset/Videos/W01268.mp4,motions/o_nuoc/w01268.json,features/o_nuoc/w01268.npz,0.55,3.7955,60
độc lập,oc_lap,Dataset/Videos/W01272.mp4,motions/oc_lap/w01272.json,features/oc_lap/w01272.npz,0.4778,3.9039,60
đôi chân,oi_chan,Dataset/Videos/W01273.mp4,motions/oi_chan/w01273.json,features/oi_chan/w01273.npz,0.5925,4.8715,60
đôi tay,oi_tay,Dataset/Videos/W01274.mp4,motions/oi_tay/w01274.json,features/oi_tay/w01274.npz,0.6093,4.3043,60
đổi mới,oi_moi,Dataset/Videos/W01277.mp4,motions/oi_moi/w01277.json,features/oi_moi/w01277.npz,0.552,4.5045,60
đối thoại,oi_thoai,Dataset/Videos/W01279.mp4,motions/oi_thoai/w01279.json,features/oi_thoai/w01279.npz,0.5603,4.5379,60
đối xử,oi_xu,Dataset/Videos/W01280.mp4,motions/oi_xu/w01280.json,features/oi_xu/w01280.npz,0.6661,6.0727,60
đối xứng,oi_xung,Dataset/Videos/W01281.mp4,motions/oi_xung/w01281.json,features/oi_xung/w01281.npz,0.5528,3.637,60
đội thiếu niên,oi_thieu_nien,Dataset/Videos/W01283.mp4,motions/oi_thieu_nien/w01283.json,features/oi_thieu_nien/w01283.npz,0.6548,5.372,60
trống (không có gì),trong_khong_co_gi,Dataset/Videos/W01284.mp4,motions/trong_khong_co_gi/w01284.json,features/trong_khong_co_gi/w01284.npz,0.5796,3.8372,60
Đông Dương,ong_duong,Dataset/Videos/W01286.mp4,motions/ong_duong/w01286.json,features/ong_duong/w01286.npz,0.7502,3.6036,60
đông lạnh,ong_lanh,Dataset/Videos/W01287.mp4,motions/ong_lanh/w01287.json,features/ong_lanh/w01287.npz,0.5657,3.8705,60
Đông Timor (nước Đông Timor),ong_timor_nuoc_ong_timor,Dataset/Videos/W01288.mp4,motions/ong_timor_nuoc_ong_timor/w01288.json,features/ong_timor_nuoc_ong_timor/w01288.npz,0.6814,3.4034,60
đồng bào,ong_bao,Dataset/Videos/W01289.mp4,motions/ong_bao/w01289.json,features/ong_bao/w01289.npz,0.502,4.1375,60
đồng lúa,ong_lua,Dataset/Videos/W01293.mp4,motions/ong_lua/w01293.json,features/ong_lua/w01293.npz,0.5828,4.9383,60
đồng phục,ong_phuc,Dataset/Videos/W01294B.mp4,motions/ong_phuc/w01294b.json,features/ong_phuc/w01294b.npz,0.5394,5.8392,60
đồng phục,ong_phuc,Dataset/Videos/W01294N.mp4,motions/ong_phuc/w01294n.json,features/ong_phuc/w01294n.npz,0.5921,4.8382,60
đồng phục,ong_phuc,Dataset/Videos/W01294T.mp4,motions/ong_phuc/w01294t.json,features/ong_phuc/w01294t.npz,0.6033,4.8382,60
đồng ruộng,ong_ruong,Dataset/Videos/W01295.mp4,motions/ong_ruong/w01295.json,features/ong_ruong/w01295.npz,0.6233,3.37,60
đồng tiền,ong_tien,Dataset/Videos/W01296.mp4,motions/ong_tien/w01296.json,features/ong_tien/w01296.npz,0.5012,4.3043,60
rơm rớm,rom_rom,Dataset/Videos/W01297.mp4,motions/rom_rom/w01297.json,features/rom_rom/w01297.npz,0.7327,4.4628,60
nhiệt độ,nhiet_o,Dataset/Videos/W01298.mp4,motions/nhiet_o/w01298.json,features/nhiet_o/w01298.npz,0.74,3.9623,60
động cơ,ong_co,Dataset/Videos/W01299.mp4,motions/ong_co/w01299.json,features/ong_co/w01299.npz,0.5509,4.638,60
tác động,tac_ong,Dataset/Videos/W01301.mp4,motions/tac_ong/w01301.json,features/tac_ong/w01301.npz,0.7481,3.3367,60
động viên,ong_vien,Dataset/Videos/W01302.mp4,motions/ong_vien/w01302.json,features/ong_vien/w01302.npz,0.5584,4.4711,60
đợi,oi,Dataset/Videos/W01304B.mp4,motions/oi/w01304b.json,features/oi/w01304b.npz,0.9778,2.9363,60
đợi,oi,Dataset/Videos/W01304N.mp4,motions/oi/w01304n.json,features/oi/w01304n.npz,0.5382,3.1698,60
đợi,oi,Dataset/Videos/W01304T.mp4,motions/oi/w01304t.json,features/oi/w01304t.npz,0.9815,2.9363,60
đơn giản,on_gian,Dataset/Videos/W01305.mp4,motions/on_gian/w01305.json,features/on_gian/w01305.npz,0.5961,5.372,60
dung tích,dung_tich,Dataset/Videos/W01310.mp4,motions/dung_tich/w01310.json,features/dung_tich/w01310.npz,0.7497,3.6286,60
tính,tinh,Dataset/Videos/W01313.mp4,motions/tinh/w01313.json,features/tinh/w01313.npz,0.4731,4.4044,60
đỡ,o,Dataset/Videos/W01314.mp4,motions/o/w01314.json,features/o/w01314.npz,0.5,3.5369,60
đua ngựa,ua_ngua,Dataset/Videos/W01315.mp4,motions/ua_ngua/w01315.json,features/ua_ngua/w01315.npz,0.6034,3.9373,60
đua thuyền,ua_thuyen,Dataset/Videos/W01316.mp4,motions/ua_thuyen/w01316.json,features/ua_thuyen/w01316.npz,0.5449,4.4378,60
đua xe máy,ua_xe_may,Dataset/Videos/W01317.mp4,motions/ua_xe_may/w01317.json,features/ua_xe_may/w01317.npz,0.523,4.1375,60
đũa,ua,Dataset/Videos/W01318.mp4,motions/ua/w01318.json,features/ua/w01318.npz,0.4881,4.004,60
đun nấu,un_nau,Dataset/Videos/W01321.mp4,motions/un_nau/w01321.json,features/un_nau/w01321.npz,0.5685,3.9706,60
đuốc,uoc,Dataset/Videos/W01322.mp4,motions/uoc/w01322.json,features/uoc/w01322.npz,0.5355,3.9706,60
đuôi,uoi,Dataset/Videos/W01323.mp4,motions/uoi/w01323.json,features/uoi/w01323.npz,0.4643,4.2709,60
sa thải,sa_thai,Dataset/Videos/W01324.mp4,motions/sa_thai/w01324.json,features/sa_thai/w01324.npz,0.7027,2.7361,60
đưa đón,ua_on,Dataset/Videos/W01325.mp4,motions/ua_on/w01325.json,features/ua_on/w01325.npz,0.5206,3.9373,60
đứng nghiêm,ung_nghiem,Dataset/Videos/W01326.mp4,motions/ung_nghiem/w01326.json,features/ung_nghiem/w01326.npz,0.3662,3.3033,60
đựng,ung,Dataset/Videos/W01328.mp4,motions/ung/w01328.json,features/ung/w01328.npz,0.613,4.0374,60
đường biên giới,uong_bien_gioi,Dataset/Videos/W01329.mp4,motions/uong_bien_gioi/w01329.json,features/uong_bien_gioi/w01329.npz,0.5758,4.371,60
đường bộ,uong_bo,Dataset/Videos/W01330.mp4,motions/uong_bo/w01330.json,features/uong_bo/w01330.npz,0.5571,4.6046,60
đường cao,uong_cao,Dataset/Videos/W01331.mp4,motions/uong_cao/w01331.json,features/uong_cao/w01331.npz,0.5675,4.3377,60
đường chéo,uong_cheo,Dataset/Videos/W01332.mp4,motions/uong_cheo/w01332.json,features/uong_cheo/w01332.npz,0.5748,3.9039,60
đường hàng không,uong_hang_khong,Dataset/Videos/W01335.mp4,motions/uong_hang_khong/w01335.json,features/uong_hang_khong/w01335.npz,0.6023,5.372,60
đường hầm,uong_ham,Dataset/Videos/W01336.mp4,motions/uong_ham/w01336.json,features/uong_ham/w01336.npz,0.5557,5.005,60
đường kính,uong_kinh,Dataset/Videos/W01337.mp4,motions/uong_kinh/w01337.json,features/uong_kinh/w01337.npz,0.593,3.7037,60
đường Nguyễn Huệ,uong_nguyen_hue,Dataset/Videos/W01341.mp4,motions/uong_nguyen_hue/w01341.json,features/uong_nguyen_hue/w01341.npz,0.5948,4.3377,60
đường sắt,uong_sat,Dataset/Videos/W01343.mp4,motions/uong_sat/w01343.json,features/uong_sat/w01343.npz,0.6217,4.2709,60
đường thẳng,uong_thang,Dataset/Videos/W01344.mp4,motions/uong_thang/w01344.json,features/uong_thang/w01344.npz,0.5479,4.8715,60
đường thuỷ,uong_thuy,Dataset/Videos/W01345.mp4,motions/uong_thuy/w01345.json,features/uong_thuy/w01345.npz,0.5777,5.4721,60
đường tròn,uong_tron,Dataset/Videos/W01346.mp4,motions/uong_tron/w01346.json,features/uong_tron/w01346.npz,0.59,5.2386,60
e thẹn,e_then,Dataset/Videos/W01348B.mp4,motions/e_then/w01348b.json,features/e_then/w01348b.npz,0.9771,2.8362,60
e thẹn,e_then,Dataset/Videos/W01348N.mp4,motions/e_then/w01348n.json,features/e_then/w01348n.npz,0.6716,3.2032,60
e thẹn,e_then,Dataset/Videos/W01348T.mp4,motions/e_then/w01348t.json,features/e_then/w01348t.npz,0.7519,3.1031,60
em dâu,em_dau,Dataset/Videos/W01349.mp4,motions/em_dau/w01349.json,features/em_dau/w01349.npz,0.4918,3.6703,60
em gái,em_gai,Dataset/Videos/W01350.mp4,motions/em_gai/w01350.json,features/em_gai/w01350.npz,0.4798,4.004,60
em rể,em_re,Dataset/Videos/W01351B.mp4,motions/em_re/w01351b.json,features/em_re/w01351b.npz,0.511,3.7037,60
em rể,em_re,Dataset/Videos/W01351N.mp4,motions/em_re/w01351n.json,features/em_re/w01351n.npz,0.4881,4.004,60
em rể,em_re,Dataset/Videos/W01351T.mp4,motions/em_re/w01351t.json,features/em_re/w01351t.npz,0.574,2.4691,60
em trai,em_trai,Dataset/Videos/W01352B.mp4,motions/em_trai/w01352b.json,features/em_trai/w01352b.npz,0.992,2.7027,60
em trai,em_trai,Dataset/Videos/W01352N.mp4,motions/em_trai/w01352n.json,features/em_trai/w01352n.npz,0.4901,3.8705,60
em trai,em_trai,Dataset/Videos/W01352T.mp4,motions/em_trai/w01352t.json,features/em_trai/w01352t.npz,0.4901,3.8705,60
em út,em_ut,Dataset/Videos/W01353.mp4,motions/em_ut/w01353.json,features/em_ut/w01353.npz,0.4591,3.4701,60
email,email,Dataset/Videos/W01354.mp4,motions/email/w01354.json,features/email/w01354.npz,0.4947,4.2709,60
Ê Đê,e_e,Dataset/Videos/W01357.mp4,motions/e_e/w01357.json,features/e_e/w01357.npz,0.4744,4.2709,60
ế ẩm,e_am,Dataset/Videos/W01358.mp4,motions/e_am/w01358.json,features/e_am/w01358.npz,0.5125,3.4701,60
Ê-ti-ô-pi-a (nước Ê-ti-ô-pi-a),e_ti_o_pi_a_nuoc_e_ti_o_pi_a,Dataset/Videos/W01360.mp4,motions/e_ti_o_pi_a_nuoc_e_ti_o_pi_a/w01360.json,features/e_ti_o_pi_a_nuoc_e_ti_o_pi_a/w01360.npz,0.4767,4.5379,60
ga tàu,ga_tau,Dataset/Videos/W01364B.mp4,motions/ga_tau/w01364b.json,features/ga_tau/w01364b.npz,0.9765,2.7694,60
ga tàu,ga_tau,Dataset/Videos/W01364N.mp4,motions/ga_tau/w01364n.json,features/ga_tau/w01364n.npz,0.7029,3.5035,60
ga tàu,ga_tau,Dataset/Videos/W01364T.mp4,motions/ga_tau/w01364t.json,features/ga_tau/w01364t.npz,0.706,3.5035,60
gà mái,ga_mai,Dataset/Videos/W01365N.mp4,motions/ga_mai/w01365n.json,features/ga_mai/w01365n.npz,0.6663,7.4741,60
gà rừng,ga_rung,Dataset/Videos/W01366.mp4,motions/ga_rung/w01366.json,features/ga_rung/w01366.npz,0.4814,5.6056,60
gà tây,ga_tay,Dataset/Videos/W01367.mp4,motions/ga_tay/w01367.json,features/ga_tay/w01367.npz,0.5849,4.5712,60
gà trống,ga_trong,Dataset/Videos/W01368.mp4,motions/ga_trong/w01368.json,features/ga_trong/w01368.npz,0.5343,4.4711,60
gai,gai,Dataset/Videos/W01375.mp4,motions/gai/w01375.json,features/gai/w01375.npz,0.5721,4.004,60
gãi đầu gãi tai,gai_au_gai_tai,Dataset/Videos/W01376.mp4,motions/gai_au_gai_tai/w01376.json,features/gai_au_gai_tai/w01376.npz,0.5497,2.9863,60
gan,gan,Dataset/Videos/W01377.mp4,motions/gan/w01377.json,features/gan/w01377.npz,0.4482,4.7381,60
gan dạ,gan_da,Dataset/Videos/W01378N.mp4,motions/gan_da/w01378n.json,features/gan_da/w01378n.npz,0.4784,4.1375,60
gan lì,gan_li,Dataset/Videos/W01379.mp4,motions/gan_li/w01379.json,features/gan_li/w01379.npz,0.4891,3.9706,60
gang tay,gang_tay,Dataset/Videos/W01381.mp4,motions/gang_tay/w01381.json,features/gang_tay/w01381.npz,0.5574,3.9706,60
gánh,ganh,Dataset/Videos/W01382.mp4,motions/ganh/w01382.json,features/ganh/w01382.npz,0.5227,4.2709,60
gạo,gao,Dataset/Videos/W01384B.mp4,motions/gao/w01384b.json,features/gao/w01384b.npz,0.9726,2.7694,60
gạo,gao,Dataset/Videos/W01384N.mp4,motions/gao/w01384n.json,features/gao/w01384n.npz,0.6537,4.0707,60
gạo,gao,Dataset/Videos/W01384T.mp4,motions/gao/w01384t.json,features/gao/w01384t.npz,0.651,4.0707,60
gạo nếp,gao_nep,Dataset/Videos/W01385.mp4,motions/gao_nep/w01385.json,features/gao_nep/w01385.npz,0.5885,4.2709,60
gãy chân,gay_chan,Dataset/Videos/W01387.mp4,motions/gay_chan/w01387.json,features/gay_chan/w01387.npz,0.6058,3.7704,60
gãy tay,gay_tay,Dataset/Videos/W01388.mp4,motions/gay_tay/w01388.json,features/gay_tay/w01388.npz,0.6081,4.4044,60
gáy,gay,Dataset/Videos/W01389.mp4,motions/gay/w01389.json,features/gay/w01389.npz,0.5622,4.0374,60
gặm cỏ,gam_co,Dataset/Videos/W01390.mp4,motions/gam_co/w01390.json,features/gam_co/w01390.npz,0.5419,5.8725,60
gặm xương (con chó gặm xương),gam_xuong_con_cho_gam_xuong,Dataset/Videos/W01391.mp4,motions/gam_xuong_con_cho_gam_xuong/w01391.json,features/gam_xuong_con_cho_gam_xuong/w01391.npz,0.6369,4.8382,60
gắn bó,gan_bo,Dataset/Videos/W01392.mp4,motions/gan_bo/w01392.json,features/gan_bo/w01392.npz,0.6724,4.1375,60
găng tay,gang_tay,Dataset/Videos/W01393.mp4,motions/gang_tay/w01393.json,features/gang_tay/w01393.npz,0.7224,4.8048,60
gắp thức ăn,gap_thuc_an,Dataset/Videos/W01394.mp4,motions/gap_thuc_an/w01394.json,features/gap_thuc_an/w01394.npz,0.5961,4.5379,60
gặp gỡ,gap_go,Dataset/Videos/W01395.mp4,motions/gap_go/w01395.json,features/gap_go/w01395.npz,0.5919,4.4378,60
gặt lúa,gat_lua,Dataset/Videos/W01396.mp4,motions/gat_lua/w01396.json,features/gat_lua/w01396.npz,0.5819,4.2042,60
gần gũi,gan_gui,Dataset/Videos/W01397.mp4,motions/gan_gui/w01397.json,features/gan_gui/w01397.npz,0.6318,3.5369,60
gấp giấy,gap_giay,Dataset/Videos/W01398.mp4,motions/gap_giay/w01398.json,features/gap_giay/w01398.npz,0.8216,4.4378,60
gấp quần áo,gap_quan_ao,Dataset/Videos/W01399.mp4,motions/gap_quan_ao/w01399.json,features/gap_quan_ao/w01399.npz,0.6473,4.3043,60
gật đầu,gat_au,Dataset/Videos/W01400.mp4,motions/gat_au/w01400.json,features/gat_au/w01400.npz,0.5462,3.7037,60
gật gù,gat_gu,Dataset/Videos/W01401.mp4,motions/gat_gu/w01401.json,features/gat_gu/w01401.npz,0.35,3.4368,60
gầy (miền Nam: ốm),gay_mien_nam_om,Dataset/Videos/W01403B.mp4,motions/gay_mien_nam_om/w01403b.json,features/gay_mien_nam_om/w01403b.npz,0.9802,2.7361,60
gầy (miền Nam: ốm),gay_mien_nam_om,Dataset/Videos/W01403N.mp4,motions/gay_mien_nam_om/w01403n.json,features/gay_mien_nam_om/w01403n.npz,0.9496,4.3043,60
gầy (miền Nam: ốm),gay_mien_nam_om,Dataset/Videos/W01403T.mp4,motions/gay_mien_nam_om/w01403t.json,features/gay_mien_nam_om/w01403t.npz,0.9652,7.1738,60
gậy của người già,gay_cua_nguoi_gia,Dataset/Videos/W01404.mp4,motions/gay_cua_nguoi_gia/w01404.json,features/gay_cua_nguoi_gia/w01404.npz,0.7002,4.7381,60
ghé thăm,ghe_tham,Dataset/Videos/W01406.mp4,motions/ghe_tham/w01406.json,features/ghe_tham/w01406.npz,0.6691,3.6703,60
ghép hình,ghep_hinh,Dataset/Videos/W01407.mp4,motions/ghep_hinh/w01407.json,features/ghep_hinh/w01407.npz,0.7103,4.3043,60
ghi chép,ghi_chep,Dataset/Videos/W01410.mp4,motions/ghi_chep/w01410.json,features/ghi_chep/w01410.npz,0.6953,3.7371,60
ghi chú,ghi_chu,Dataset/Videos/W01411.mp4,motions/ghi_chu/w01411.json,features/ghi_chu/w01411.npz,0.6894,3.7704,60
ghi hình,ghi_hinh,Dataset/Videos/W01412.mp4,motions/ghi_hinh/w01412.json,features/ghi_hinh/w01412.npz,0.7412,3.7704,60
ghi nhớ,ghi_nho,Dataset/Videos/W01413.mp4,motions/ghi_nho/w01413.json,features/ghi_nho/w01413.npz,0.7111,3.003,60
Gia Lai,gia_lai,Dataset/Videos/W01415.mp4,motions/gia_lai/w01415.json,features/gia_lai/w01415.npz,0.6998,3.5035,60
giả bộ (giống giả vờ),gia_bo_giong_gia_vo,Dataset/Videos/W01417T.mp4,motions/gia_bo_giong_gia_vo/w01417t.json,features/gia_bo_giong_gia_vo/w01417t.npz,0.5212,6.8402,60
giả mạo,gia_mao,Dataset/Videos/W01418.mp4,motions/gia_mao/w01418.json,features/gia_mao/w01418.npz,0.5408,3.637,60
giả sử,gia_su,Dataset/Videos/W01419.mp4,motions/gia_su/w01419.json,features/gia_su/w01419.npz,0.4822,3.9373,60
giá sách,gia_sach,Dataset/Videos/W01420.mp4,motions/gia_sach/w01420.json,features/gia_sach/w01420.npz,0.7535,4.004,60
giai đoạn,giai_oan,Dataset/Videos/W01423.mp4,motions/giai_oan/w01423.json,features/giai_oan/w01423.npz,0.6853,4.2042,60
giải thích,giai_thich,Dataset/Videos/W01424.mp4,motions/giai_thich/w01424.json,features/giai_thich/w01424.npz,0.6113,7.4908,60
giảm,giam,Dataset/Videos/W01425.mp4,motions/giam/w01425.json,features/giam/w01425.npz,0.5302,3.6703,60
giám sát,giam_sat,Dataset/Videos/W01426.mp4,motions/giam_sat/w01426.json,features/giam_sat/w01426.npz,0.6868,4.6046,60
giàn mướp,gian_muop,Dataset/Videos/W01427.mp4,motions/gian_muop/w01427.json,features/gian_muop/w01427.npz,0.7211,4.7047,60
giao hàng,giao_hang,Dataset/Videos/W01429.mp4,motions/giao_hang/w01429.json,features/giao_hang/w01429.npz,0.6531,3.4701,60
giao thông,giao_thong,Dataset/Videos/W01430B.mp4,motions/giao_thong/w01430b.json,features/giao_thong/w01430b.npz,0.9811,2.8695,60
giao thông,giao_thong,Dataset/Videos/W01430N.mp4,motions/giao_thong/w01430n.json,features/giao_thong/w01430n.npz,0.5875,4.3377,60
giã,gia,Dataset/Videos/W01432.mp4,motions/gia/w01432.json,features/gia/w01432.npz,0.7003,3.003,60
giá trị,gia_tri,Dataset/Videos/W01433B.mp4,motions/gia_tri/w01433b.json,features/gia_tri/w01433b.npz,0.9661,3.2032,60
giá trị,gia_tri,Dataset/Videos/W01433N.mp4,motions/gia_tri/w01433n.json,features/gia_tri/w01433n.npz,0.5394,4.4378,60
giá trị,gia_tri,Dataset/Videos/W01433T.mp4,motions/gia_tri/w01433t.json,features/gia_tri/w01433t.npz,0.6371,4.4378,60
giá trị phần trăm,gia_tri_phan_tram,Dataset/Videos/W01434B.mp4,motions/gia_tri_phan_tram/w01434b.json,features/gia_tri_phan_tram/w01434b.npz,0.981,4.004,60
giá trị phần trăm,gia_tri_phan_tram,Dataset/Videos/W01434N.mp4,motions/gia_tri_phan_tram/w01434n.json,features/gia_tri_phan_tram/w01434n.npz,0.9697,3.9373,60
giá trị phần trăm,gia_tri_phan_tram,Dataset/Videos/W01434T.mp4,motions/gia_tri_phan_tram/w01434t.json,features/gia_tri_phan_tram/w01434t.npz,0.978,3.9373,60
giá trị tuyệt đối,gia_tri_tuyet_oi,Dataset/Videos/W01435.mp4,motions/gia_tri_tuyet_oi/w01435.json,features/gia_tri_tuyet_oi/w01435.npz,0.5125,4.2042,60
giải lao,giai_lao,Dataset/Videos/W01437.mp4,motions/giai_lao/w01437.json,features/giai_lao/w01437.npz,0.7476,3.4368,60
giải quyết,giai_quyet,Dataset/Videos/W01438.mp4,motions/giai_quyet/w01438.json,features/giai_quyet/w01438.npz,0.6654,3.4034,60
giải vô địch,giai_vo_ich,Dataset/Videos/W01440.mp4,motions/giai_vo_ich/w01440.json,features/giai_vo_ich/w01440.npz,0.7065,4.1375,60
giám đốc,giam_oc,Dataset/Videos/W01441.mp4,motions/giam_oc/w01441.json,features/giam_oc/w01441.npz,0.5653,2.6693,60
giám khảo,giam_khao,Dataset/Videos/W01442.mp4,motions/giam_khao/w01442.json,features/giam_khao/w01442.npz,0.689,3.8705,60
gian khổ,gian_kho,Dataset/Videos/W01443.mp4,motions/gian_kho/w01443.json,features/gian_kho/w01443.npz,0.9857,3.0364,60
giàn khoan,gian_khoan,Dataset/Videos/W01444.mp4,motions/gian_khoan/w01444.json,features/gian_khoan/w01444.npz,0.7041,4.1041,60
giàn nho,gian_nho,Dataset/Videos/W01445.mp4,motions/gian_nho/w01445.json,features/gian_nho/w01445.npz,0.6559,3.9706,60
gián tiếp,gian_tiep,Dataset/Videos/W01447B.mp4,motions/gian_tiep/w01447b.json,features/gian_tiep/w01447b.npz,0.9897,3.1698,60
gián tiếp,gian_tiep,Dataset/Videos/W01447N.mp4,motions/gian_tiep/w01447n.json,features/gian_tiep/w01447n.npz,0.5414,3.003,60
gián tiếp,gian_tiep,Dataset/Videos/W01447T.mp4,motions/gian_tiep/w01447t.json,features/gian_tiep/w01447t.npz,0.5414,3.003,60
giao hoán,giao_hoan,Dataset/Videos/W01450.mp4,motions/giao_hoan/w01450.json,features/giao_hoan/w01450.npz,0.6301,4.1041,60
giao lưu,giao_luu,Dataset/Videos/W01451.mp4,motions/giao_luu/w01451.json,features/giao_luu/w01451.npz,0.6613,3.9706,60
giao thừa,giao_thua,Dataset/Videos/W01452.mp4,motions/giao_thua/w01452.json,features/giao_thua/w01452.npz,0.7506,3.8705,60
giao tiếp,giao_tiep,Dataset/Videos/W01453B.mp4,motions/giao_tiep/w01453b.json,features/giao_tiep/w01453b.npz,0.9599,2.4358,60
giao tiếp,giao_tiep,Dataset/Videos/W01453N.mp4,motions/giao_tiep/w01453n.json,features/giao_tiep/w01453n.npz,0.9688,5.2052,60
giao tiếp,giao_tiep,Dataset/Videos/W01453T.mp4,motions/giao_tiep/w01453t.json,features/giao_tiep/w01453t.npz,0.9458,5.2052,60
giáo dục,giao_duc,Dataset/Videos/W01456.mp4,motions/giao_duc/w01456.json,features/giao_duc/w01456.npz,0.675,3.3033,60
giáo sĩ,giao_si,Dataset/Videos/W01458.mp4,motions/giao_si/w01458.json,features/giao_si/w01458.npz,0.5507,3.8372,60
giàu có,giau_co,Dataset/Videos/W01459.mp4,motions/giau_co/w01459.json,features/giau_co/w01459.npz,0.5508,6.373,60
giấc ngủ,giac_ngu,Dataset/Videos/W01462.mp4,motions/giac_ngu/w01462.json,features/giac_ngu/w01462.npz,0.5645,4.9049,60
giẫm,giam,Dataset/Videos/W01463.mp4,motions/giam/w01463.json,features/giam/w01463.npz,0.636,3.3367,60
giận dỗi,gian_doi,Dataset/Videos/W01464.mp4,motions/gian_doi/w01464.json,features/gian_doi/w01464.npz,0.5613,2.6693,60
giận dữ,gian_du,Dataset/Videos/W01465.mp4,motions/gian_du/w01465.json,features/gian_du/w01465.npz,0.5062,3.4701,60
giật mình,giat_minh,Dataset/Videos/W01466.mp4,motions/giat_minh/w01466.json,features/giat_minh/w01466.npz,0.5412,3.4034,60
giầy ba ta,giay_ba_ta,Dataset/Videos/W01467.mp4,motions/giay_ba_ta/w01467.json,features/giay_ba_ta/w01467.npz,0.6821,7.6076,60
giầy dép,giay_dep,Dataset/Videos/W01468.mp4,motions/giay_dep/w01468.json,features/giay_dep/w01468.npz,0.6328,6.9403,60
giầy thể thao,giay_the_thao,Dataset/Videos/W01469.mp4,motions/giay_the_thao/w01469.json,features/giay_the_thao/w01469.npz,0.7455,7.8412,60
giấy,giay,Dataset/Videos/W01470B.mp4,motions/giay/w01470b.json,features/giay/w01470b.npz,0.9906,3.4701,60
giấy,giay,Dataset/Videos/W01470N.mp4,motions/giay/w01470n.json,features/giay/w01470n.npz,0.5944,4.0374,60
giấy,giay,Dataset/Videos/W01470T.mp4,motions/giay/w01470t.json,features/giay/w01470t.npz,0.5971,4.0374,60
giấy ăn,giay_an,Dataset/Videos/W01471B.mp4,motions/giay_an/w01471b.json,features/giay_an/w01471b.npz,0.9795,3.1698,60
giấy ăn,giay_an,Dataset/Videos/W01471N.mp4,motions/giay_an/w01471n.json,features/giay_an/w01471n.npz,0.5972,3.9039,60
giấy ăn,giay_an,Dataset/Videos/W01471T.mp4,motions/giay_an/w01471t.json,features/giay_an/w01471t.npz,0.5889,3.9039,60
giấy màu,giay_mau,Dataset/Videos/W01472B.mp4,motions/giay_mau/w01472b.json,features/giay_mau/w01472b.npz,0.9735,3.2699,60
giấy màu,giay_mau,Dataset/Videos/W01472N.mp4,motions/giay_mau/w01472n.json,features/giay_mau/w01472n.npz,0.6064,3.637,60
giấy màu,giay_mau,Dataset/Videos/W01472T.mp4,motions/giay_mau/w01472t.json,features/giay_mau/w01472t.npz,0.6094,3.637,60
giấy nháp,giay_nhap,Dataset/Videos/W01473B.mp4,motions/giay_nhap/w01473b.json,features/giay_nhap/w01473b.npz,0.9781,2.9696,60
giấy nháp,giay_nhap,Dataset/Videos/W01473N.mp4,motions/giay_nhap/w01473n.json,features/giay_nhap/w01473n.npz,0.549,4.3043,60
giấy nháp,giay_nhap,Dataset/Videos/W01473T.mp4,motions/giay_nhap/w01473t.json,features/giay_nhap/w01473t.npz,0.5616,4.3043,60
giấy tờ,giay_to,Dataset/Videos/W01474.mp4,motions/giay_to/w01474.json,features/giay_to/w01474.npz,0.718,4.0374,60
giẻ lau,gie_lau,Dataset/Videos/W01476.mp4,motions/gie_lau/w01476.json,features/gie_lau/w01476.npz,0.6369,4.2709,60
gieo xúc xắc,gieo_xuc_xac,Dataset/Videos/W01477.mp4,motions/gieo_xuc_xac/w01477.json,features/gieo_xuc_xac/w01477.npz,0.4795,4.4378,60
giếng nước,gieng_nuoc,Dataset/Videos/W01478.mp4,motions/gieng_nuoc/w01478.json,features/gieng_nuoc/w01478.npz,0.8222,3.9039,60
giết,giet,Dataset/Videos/W01479.mp4,motions/giet/w01479.json,features/giet/w01479.npz,0.5667,2.7027,60
gió Lào,gio_lao,Dataset/Videos/W01482.mp4,motions/gio_lao/w01482.json,features/gio_lao/w01482.npz,0.6403,4.371,60
giỏi,gioi,Dataset/Videos/W01485.mp4,motions/gioi/w01485.json,features/gioi/w01485.npz,0.5843,10.8775,60
giọng ca,giong_ca,Dataset/Videos/W01486.mp4,motions/giong_ca/w01486.json,features/giong_ca/w01486.npz,0.5373,4.8048,60
giọng nói,giong_noi,Dataset/Videos/W01487.mp4,motions/giong_noi/w01487.json,features/giong_noi/w01487.npz,0.5196,3.0697,60
giông bão,giong_bao,Dataset/Videos/W01489.mp4,motions/giong_bao/w01489.json,features/giong_bao/w01489.npz,0.7946,3.5369,60
giống nhau,giong_nhau,Dataset/Videos/W01490.mp4,motions/giong_nhau/w01490.json,features/giong_nhau/w01490.npz,0.6781,3.5369,60
giơ tay,gio_tay,Dataset/Videos/W01491.mp4,motions/gio_tay/w01491.json,features/gio_tay/w01491.npz,0.709,3.5035,60
giới hạn,gioi_han,Dataset/Videos/W01493.mp4,motions/gioi_han/w01493.json,features/gioi_han/w01493.npz,0.7325,3.7704,60
giới thiệu,gioi_thieu,Dataset/Videos/W01494.mp4,motions/gioi_thieu/w01494.json,features/gioi_thieu/w01494.npz,0.6423,4.638,60
giúp đỡ,giup_o,Dataset/Videos/W01497B.mp4,motions/giup_o/w01497b.json,features/giup_o/w01497b.npz,0.9868,2.4691,60
giúp đỡ,giup_o,Dataset/Videos/W01497N.mp4,motions/giup_o/w01497n.json,features/giup_o/w01497n.npz,0.6474,3.5369,60
giúp đỡ,giup_o,Dataset/Videos/W01497T.mp4,motions/giup_o/w01497t.json,features/giup_o/w01497t.npz,0.6413,3.5369,60
giường,giuong,Dataset/Videos/W01498.mp4,motions/giuong/w01498.json,features/giuong/w01498.npz,0.6873,3.5369,60
góc bẹt,goc_bet,Dataset/Videos/W01501.mp4,motions/goc_bet/w01501.json,features/goc_bet/w01501.npz,0.6462,3.7704,60
góc bếp,goc_bep,Dataset/Videos/W01502.mp4,motions/goc_bep/w01502.json,features/goc_bep/w01502.npz,0.6264,4.2376,60
góc học tập,goc_hoc_tap,Dataset/Videos/W01503.mp4,motions/goc_hoc_tap/w01503.json,features/goc_hoc_tap/w01503.npz,0.5052,3.7037,60
góc nhọn,goc_nhon,Dataset/Videos/W01505.mp4,motions/goc_nhon/w01505.json,features/goc_nhon/w01505.npz,0.7491,3.8038,60
góc tù,goc_tu,Dataset/Videos/W01506.mp4,motions/goc_tu/w01506.json,features/goc_tu/w01506.npz,0.6836,7.5409,60
góc vuông,goc_vuong,Dataset/Videos/W01507.mp4,motions/goc_vuong/w01507.json,features/goc_vuong/w01507.npz,0.6982,3.2699,60
góc vườn,goc_vuon,Dataset/Videos/W01508.mp4,motions/goc_vuon/w01508.json,features/goc_vuon/w01508.npz,0.6208,4.6046,60
gói (đgt),goi_gt,Dataset/Videos/W01509.mp4,motions/goi_gt/w01509.json,features/goi_gt/w01509.npz,0.7082,3.2699,60
gói,goi,Dataset/Videos/W01510.mp4,motions/goi/w01510.json,features/goi/w01510.npz,0.7696,2.636,60
gọi,goi,Dataset/Videos/W01511.mp4,motions/goi/w01511.json,features/goi/w01511.npz,0.5706,8.3083,60
gọn gàng,gon_gang,Dataset/Videos/W01512.mp4,motions/gon_gang/w01512.json,features/gon_gang/w01512.npz,0.6178,4.1708,60
góp ý,gop_y,Dataset/Videos/W01513.mp4,motions/gop_y/w01513.json,features/gop_y/w01513.npz,0.5125,3.8038,60
gọt bút chì (cái),got_but_chi_cai,Dataset/Videos/W01514.mp4,motions/got_but_chi_cai/w01514.json,features/got_but_chi_cai/w01514.npz,0.6673,4.2376,60
gọt bút chì,got_but_chi,Dataset/Videos/W01515.mp4,motions/got_but_chi/w01515.json,features/got_but_chi/w01515.npz,0.7645,3.2699,60
gỗ,go,Dataset/Videos/W01516B.mp4,motions/go/w01516b.json,features/go/w01516b.npz,0.9844,3.4701,60
gỗ,go,Dataset/Videos/W01516N.mp4,motions/go/w01516n.json,features/go/w01516n.npz,0.7152,3.2366,60
gỗ,go,Dataset/Videos/W01516T.mp4,motions/go/w01516t.json,features/go/w01516t.npz,0.9919,4.004,60
gốm sứ,gom_su,Dataset/Videos/W01517.mp4,motions/gom_su/w01517.json,features/gom_su/w01517.npz,0.5913,4.4044,60
gợi ý,goi_y,Dataset/Videos/W01518.mp4,motions/goi_y/w01518.json,features/goi_y/w01518.npz,0.5396,3.2032,60
gửi,gui,Dataset/Videos/W01519.mp4,motions/gui/w01519.json,features/gui/w01519.npz,0.725,6.5065,60
gửi quà,gui_qua,Dataset/Videos/W01520.mp4,motions/gui_qua/w01520.json,features/gui_qua/w01520.npz,0.6862,3.8705,60
gửi thư,gui_thu,Dataset/Videos/W01522.mp4,motions/gui_thu/w01522.json,features/gui_thu/w01522.npz,0.7878,3.2699,60
gương,guong,Dataset/Videos/W01523.mp4,motions/guong/w01523.json,features/guong/w01523.npz,0.558,3.3367,60
gương mặt,guong_mat,Dataset/Videos/W01524.mp4,motions/guong_mat/w01524.json,features/guong_mat/w01524.npz,0.5701,3.2032,60
gương mẫu,guong_mau,Dataset/Videos/W01525.mp4,motions/guong_mau/w01525.json,features/guong_mau/w01525.npz,0.6881,4.1375,60
Hà Giang,ha_giang,Dataset/Videos/W01526.mp4,motions/ha_giang/w01526.json,features/ha_giang/w01526.npz,0.6224,3.5035,60
Hà Lan (nước Hà Lan),ha_lan_nuoc_ha_lan,Dataset/Videos/W01527.mp4,motions/ha_lan_nuoc_ha_lan/w01527.json,features/ha_lan_nuoc_ha_lan/w01527.npz,0.7571,3.0364,60
Hạ Long,ha_long,Dataset/Videos/W01530.mp4,motions/ha_long/w01530.json,features/ha_long/w01530.npz,0.6381,7.3407,60
hài hước,hai_huoc,Dataset/Videos/W01532.mp4,motions/hai_huoc/w01532.json,features/hai_huoc/w01532.npz,0.675,3.6703,60
Hải Dương,hai_duong,Dataset/Videos/W01533.mp4,motions/hai_duong/w01533.json,features/hai_duong/w01533.npz,0.5289,2.9696,60
hải đảo,hai_ao,Dataset/Videos/W01534.mp4,motions/hai_ao/w01534.json,features/hai_ao/w01534.npz,0.6545,3.7037,60
hàm răng,ham_rang,Dataset/Videos/W01536.mp4,motions/ham_rang/w01536.json,features/ham_rang/w01536.npz,0.6269,3.6036,60
hạn hán,han_han,Dataset/Videos/W01537.mp4,motions/han_han/w01537.json,features/han_han/w01537.npz,0.6686,3.37,60
hàng chục,hang_chuc,Dataset/Videos/W01539.mp4,motions/hang_chuc/w01539.json,features/hang_chuc/w01539.npz,0.5838,3.8038,60
hàng chục nghìn,hang_chuc_nghin,Dataset/Videos/W01540.mp4,motions/hang_chuc_nghin/w01540.json,features/hang_chuc_nghin/w01540.npz,0.5765,3.3033,60
hàng chục triệu,hang_chuc_trieu,Dataset/Videos/W01541.mp4,motions/hang_chuc_trieu/w01541.json,features/hang_chuc_trieu/w01541.npz,0.6231,3.1365,60
hàng dọc,hang_doc,Dataset/Videos/W01542.mp4,motions/hang_doc/w01542.json,features/hang_doc/w01542.npz,0.4993,3.7037,60
hàng đơn vị,hang_on_vi,Dataset/Videos/W01543.mp4,motions/hang_on_vi/w01543.json,features/hang_on_vi/w01543.npz,0.6826,2.8695,60
hàng ngang,hang_ngang,Dataset/Videos/W01545.mp4,motions/hang_ngang/w01545.json,features/hang_ngang/w01545.npz,0.5235,3.4368,60
hàng nghìn,hang_nghin,Dataset/Videos/W01546.mp4,motions/hang_nghin/w01546.json,features/hang_nghin/w01546.npz,0.6471,3.5035,60
hàng trăm,hang_tram,Dataset/Videos/W01547.mp4,motions/hang_tram/w01547.json,features/hang_tram/w01547.npz,0.6964,3.0364,60
hàng trăm nghìn,hang_tram_nghin,Dataset/Videos/W01548.mp4,motions/hang_tram_nghin/w01548.json,features/hang_tram_nghin/w01548.npz,0.6646,3.1365,60
hàng triệu,hang_trieu,Dataset/Videos/W01550.mp4,motions/hang_trieu/w01550.json,features/hang_trieu/w01550.npz,0.623,3.3367,60
hàng xóm,hang_xom,Dataset/Videos/W01552.mp4,motions/hang_xom/w01552.json,features/hang_xom/w01552.npz,0.732,3.2366,60
hành động,hanh_ong,Dataset/Videos/W01554.mp4,motions/hanh_ong/w01554.json,features/hanh_ong/w01554.npz,0.6919,3.2032,60
hành lang,hanh_lang,Dataset/Videos/W01556.mp4,motions/hanh_lang/w01556.json,features/hanh_lang/w01556.npz,0.6858,3.003,60
hành quân,hanh_quan,Dataset/Videos/W01557B.mp4,motions/hanh_quan/w01557b.json,features/hanh_quan/w01557b.npz,0.9746,3.8372,60
hành quân,hanh_quan,Dataset/Videos/W01557N.mp4,motions/hanh_quan/w01557n.json,features/hanh_quan/w01557n.npz,0.6824,7.374,60
hành quân,hanh_quan,Dataset/Videos/W01557T.mp4,motions/hanh_quan/w01557t.json,features/hanh_quan/w01557t.npz,0.8836,8.9423,60
hành tinh,hanh_tinh,Dataset/Videos/W01558.mp4,motions/hanh_tinh/w01558.json,features/hanh_tinh/w01558.npz,0.7467,4.8382,60
hành vi,hanh_vi,Dataset/Videos/W01559.mp4,motions/hanh_vi/w01559.json,features/hanh_vi/w01559.npz,0.646,3.37,60
hát ru,hat_ru,Dataset/Videos/W01560.mp4,motions/hat_ru/w01560.json,features/hat_ru/w01560.npz,0.7524,3.5035,60
hạt,hat,Dataset/Videos/W01562.mp4,motions/hat/w01562.json,features/hat/w01562.npz,0.5155,3.6036,60
hạt cườm,hat_cuom,Dataset/Videos/W01563.mp4,motions/hat_cuom/w01563.json,features/hat_cuom/w01563.npz,0.5799,4.1041,60
hạt lạc,hat_lac,Dataset/Videos/W01566.mp4,motions/hat_lac/w01566.json,features/hat_lac/w01566.npz,0.6879,3.37,60
hạt lúa,hat_lua,Dataset/Videos/W01567.mp4,motions/hat_lua/w01567.json,features/hat_lua/w01567.npz,0.6659,3.5702,60
hạt tiêu,hat_tieu,Dataset/Videos/W01568.mp4,motions/hat_tieu/w01568.json,features/hat_tieu/w01568.npz,0.6075,3.5369,60
hăng hái,hang_hai,Dataset/Videos/W01569.mp4,motions/hang_hai/w01569.json,features/hang_hai/w01569.npz,0.7408,2.8028,60
hằng đẳng thức,hang_ang_thuc,Dataset/Videos/W01570.mp4,motions/hang_ang_thuc/w01570.json,features/hang_ang_thuc/w01570.npz,0.7444,3.4368,60
hắt hơi,hat_hoi,Dataset/Videos/W01571.mp4,motions/hat_hoi/w01571.json,features/hat_hoi/w01571.npz,0.35,3.8705,60
Hậu Giang,hau_giang,Dataset/Videos/W01572.mp4,motions/hau_giang/w01572.json,features/hau_giang/w01572.npz,0.6991,3.6036,60
hậu quả,hau_qua,Dataset/Videos/W01573.mp4,motions/hau_qua/w01573.json,features/hau_qua/w01573.npz,0.6583,4.5379,60
héc-ta (ha),hec_ta_ha,Dataset/Videos/W01575B.mp4,motions/hec_ta_ha/w01575b.json,features/hec_ta_ha/w01575b.npz,0.9836,3.3033,60
héc-tô-gam (hg),hec_to_gam_hg,Dataset/Videos/W01576B.mp4,motions/hec_to_gam_hg/w01576b.json,features/hec_to_gam_hg/w01576b.npz,0.9844,3.4701,60
héc-tô-gam (hg),hec_to_gam_hg,Dataset/Videos/W01576N.mp4,motions/hec_to_gam_hg/w01576n.json,features/hec_to_gam_hg/w01576n.npz,0.5155,3.6703,60
héc-tô-gam (hg),hec_to_gam_hg,Dataset/Videos/W01576T.mp4,motions/hec_to_gam_hg/w01576t.json,features/hec_to_gam_hg/w01576t.npz,0.5125,3.6703,60
héc-tô-mét (hm),hec_to_met_hm,Dataset/Videos/W01577B.mp4,motions/hec_to_met_hm/w01577b.json,features/hec_to_met_hm/w01577b.npz,0.9759,2.7027,60
héc-tô-mét (hm),hec_to_met_hm,Dataset/Videos/W01577N.mp4,motions/hec_to_met_hm/w01577n.json,features/hec_to_met_hm/w01577n.npz,0.5221,3.4034,60
héc-tô-mét (hm),hec_to_met_hm,Dataset/Videos/W01577T.mp4,motions/hec_to_met_hm/w01577t.json,features/hec_to_met_hm/w01577t.npz,0.5221,3.4034,60
héc-tô-mét vuông (hm2),hec_to_met_vuong_hm2,Dataset/Videos/W01578B.mp4,motions/hec_to_met_vuong_hm2/w01578b.json,features/hec_to_met_vuong_hm2/w01578b.npz,0.9834,3.2699,60
héc-tô-mét vuông (hm2),hec_to_met_vuong_hm2,Dataset/Videos/W01578N.mp4,motions/hec_to_met_vuong_hm2/w01578n.json,features/hec_to_met_vuong_hm2/w01578n.npz,0.5309,3.2366,60
héc-tô-mét vuông (hm2),hec_to_met_vuong_hm2,Dataset/Videos/W01578T.mp4,motions/hec_to_met_vuong_hm2/w01578t.json,features/hec_to_met_vuong_hm2/w01578t.npz,0.5276,3.2366,60
héo,heo,Dataset/Videos/W01579.mp4,motions/heo/w01579.json,features/heo/w01579.npz,0.7482,3.7037,60
hét (giống la),het_giong_la,Dataset/Videos/W01580.mp4,motions/het_giong_la/w01580.json,features/het_giong_la/w01580.npz,0.7849,2.369,60
hệ thống,he_thong,Dataset/Videos/W01582B.mp4,motions/he_thong/w01582b.json,features/he_thong/w01582b.npz,0.9843,2.7694,60
hệ thống,he_thong,Dataset/Videos/W01582N.mp4,motions/he_thong/w01582n.json,features/he_thong/w01582n.npz,0.7114,3.5702,60
hệ thống,he_thong,Dataset/Videos/W01582T.mp4,motions/he_thong/w01582t.json,features/he_thong/w01582t.npz,0.7084,3.5702,60
hi sinh,hi_sinh,Dataset/Videos/W01583B.mp4,motions/hi_sinh/w01583b.json,features/hi_sinh/w01583b.npz,0.9768,2.8028,60
hi sinh,hi_sinh,Dataset/Videos/W01583N.mp4,motions/hi_sinh/w01583n.json,features/hi_sinh/w01583n.npz,0.5222,3.3367,60
hi sinh,hi_sinh,Dataset/Videos/W01583T.mp4,motions/hi_sinh/w01583t.json,features/hi_sinh/w01583t.npz,0.5374,2.8362,60
hi vọng,hi_vong,Dataset/Videos/W01584B.mp4,motions/hi_vong/w01584b.json,features/hi_vong/w01584b.npz,0.948,2.5025,60
hi vọng,hi_vong,Dataset/Videos/W01584N.mp4,motions/hi_vong/w01584n.json,features/hi_vong/w01584n.npz,0.5714,2.3023,60
hi vọng,hi_vong,Dataset/Videos/W01584T.mp4,motions/hi_vong/w01584t.json,features/hi_vong/w01584t.npz,0.9523,2.5025,60
hiện đại,hien_ai,Dataset/Videos/W01587.mp4,motions/hien_ai/w01587.json,features/hien_ai/w01587.npz,0.5861,3.9039,60
hiện nay,hien_nay,Dataset/Videos/W01588.mp4,motions/hien_nay/w01588.json,features/hien_nay/w01588.npz,0.675,2.6693,60
hiểu,hieu,Dataset/Videos/W01591B.mp4,motions/hieu/w01591b.json,features/hieu/w01591b.npz,0.9695,2.1355,60
hiểu,hieu,Dataset/Videos/W01591N.mp4,motions/hieu/w01591n.json,features/hieu/w01591n.npz,0.4833,3.9039,60
hiểu,hieu,Dataset/Videos/W01591T.mp4,motions/hieu/w01591t.json,features/hieu/w01591t.npz,0.4833,3.9039,60
hiếu thảo,hieu_thao,Dataset/Videos/W01593.mp4,motions/hieu_thao/w01593.json,features/hieu_thao/w01593.npz,0.6514,4.6046,60
hiệu thuốc,hieu_thuoc,Dataset/Videos/W01594.mp4,motions/hieu_thuoc/w01594.json,features/hieu_thuoc/w01594.npz,0.6647,7.3407,60
hiệu (Toán học),hieu_toan_hoc,Dataset/Videos/W01595.mp4,motions/hieu_toan_hoc/w01595.json,features/hieu_toan_hoc/w01595.npz,0.6931,3.6036,60
hiệu cầm đồ,hieu_cam_o,Dataset/Videos/W01596.mp4,motions/hieu_cam_o/w01596.json,features/hieu_cam_o/w01596.npz,0.6243,3.637,60
hình,hinh,Dataset/Videos/W01599.mp4,motions/hinh/w01599.json,features/hinh/w01599.npz,0.6716,3.1698,60
hình bình hành,hinh_binh_hanh,Dataset/Videos/W01600.mp4,motions/hinh_binh_hanh/w01600.json,features/hinh_binh_hanh/w01600.npz,0.7387,3.4034,60
hình cầu,hinh_cau,Dataset/Videos/W01601.mp4,motions/hinh_cau/w01601.json,features/hinh_cau/w01601.npz,0.684,3.6036,60
hình chiếu,hinh_chieu,Dataset/Videos/W01602.mp4,motions/hinh_chieu/w01602.json,features/hinh_chieu/w01602.npz,0.7736,2.9696,60
hình dáng,hinh_dang,Dataset/Videos/W01603.mp4,motions/hinh_dang/w01603.json,features/hinh_dang/w01603.npz,0.7503,2.7361,60
hình elip,hinh_elip,Dataset/Videos/W01604.mp4,motions/hinh_elip/w01604.json,features/hinh_elip/w01604.npz,0.7891,3.1365,60
hình học,hinh_hoc,Dataset/Videos/W01605.mp4,motions/hinh_hoc/w01605.json,features/hinh_hoc/w01605.npz,0.731,3.8705,60
hình hộp chữ nhật,hinh_hop_chu_nhat,Dataset/Videos/W01606.mp4,motions/hinh_hop_chu_nhat/w01606.json,features/hinh_hop_chu_nhat/w01606.npz,0.7528,3.9039,60
hình lập phương,hinh_lap_phuong,Dataset/Videos/W01608.mp4,motions/hinh_lap_phuong/w01608.json,features/hinh_lap_phuong/w01608.npz,0.7095,3.7704,60
hình phạt,hinh_phat,Dataset/Videos/W01610.mp4,motions/hinh_phat/w01610.json,features/hinh_phat/w01610.npz,0.5642,4.8048,60
hình thang,hinh_thang,Dataset/Videos/W01612.mp4,motions/hinh_thang/w01612.json,features/hinh_thang/w01612.npz,0.6092,3.8038,60
hình trụ,hinh_tru,Dataset/Videos/W01616.mp4,motions/hinh_tru/w01616.json,features/hinh_tru/w01616.npz,0.5695,5.0384,60
hình tứ giác,hinh_tu_giac,Dataset/Videos/W01617.mp4,motions/hinh_tu_giac/w01617.json,features/hinh_tu_giac/w01617.npz,0.6077,5.005,60
hình vẽ,hinh_ve,Dataset/Videos/W01618.mp4,motions/hinh_ve/w01618.json,features/hinh_ve/w01618.npz,0.6469,4.2376,60
hoa,hoa,Dataset/Videos/W01619B.mp4,motions/hoa/w01619b.json,features/hoa/w01619b.npz,0.9862,3.1365,60
hoa,hoa,Dataset/Videos/W01619N.mp4,motions/hoa/w01619n.json,features/hoa/w01619n.npz,0.5096,3.8038,60
hoa,hoa,Dataset/Videos/W01619T.mp4,motions/hoa/w01619t.json,features/hoa/w01619t.npz,0.9896,3.1365,60
hoa cúc,hoa_cuc,Dataset/Videos/W01620.mp4,motions/hoa_cuc/w01620.json,features/hoa_cuc/w01620.npz,0.5264,4.6713,60
hoa đào,hoa_ao,Dataset/Videos/W01621.mp4,motions/hoa_ao/w01621.json,features/hoa_ao/w01621.npz,0.5252,4.2042,60
hoa hồng,hoa_hong,Dataset/Videos/W01622.mp4,motions/hoa_hong/w01622.json,features/hoa_hong/w01622.npz,0.5765,3.9706,60
hoa lay ơn,hoa_lay_on,Dataset/Videos/W01625.mp4,motions/hoa_lay_on/w01625.json,features/hoa_lay_on/w01625.npz,0.7517,3.003,60
hoa sen,hoa_sen,Dataset/Videos/W01629B.mp4,motions/hoa_sen/w01629b.json,features/hoa_sen/w01629b.npz,0.9038,3.2699,60
hoa sen,hoa_sen,Dataset/Videos/W01629N.mp4,motions/hoa_sen/w01629n.json,features/hoa_sen/w01629n.npz,0.6256,4.1708,60
hoa sen,hoa_sen,Dataset/Videos/W01629T.mp4,motions/hoa_sen/w01629t.json,features/hoa_sen/w01629t.npz,0.7045,3.6703,60
hòa bình,hoa_binh,Dataset/Videos/W01634.mp4,motions/hoa_binh/w01634.json,features/hoa_binh/w01634.npz,0.5778,4.8048,60
hòa nhập,hoa_nhap,Dataset/Videos/W01637.mp4,motions/hoa_nhap/w01637.json,features/hoa_nhap/w01637.npz,0.6392,4.5379,60
họa sỹ,hoa_sy,Dataset/Videos/W01638.mp4,motions/hoa_sy/w01638.json,features/hoa_sy/w01638.npz,0.7015,3.687,60
hoàn thành,hoan_thanh,Dataset/Videos/W01641.mp4,motions/hoan_thanh/w01641.json,features/hoan_thanh/w01641.npz,0.5226,5.2719,60
hoán vị,hoan_vi,Dataset/Videos/W01643.mp4,motions/hoan_vi/w01643.json,features/hoan_vi/w01643.npz,0.5534,5.8058,60
hoàng đế,hoang_e,Dataset/Videos/W01645.mp4,motions/hoang_e/w01645.json,features/hoang_e/w01645.npz,0.4773,4.0457,60
hoàng hôn,hoang_hon,Dataset/Videos/W01646.mp4,motions/hoang_hon/w01646.json,features/hoang_hon/w01646.npz,0.6126,5.0384,60
Hoàng tử,hoang_tu,Dataset/Videos/W01649.mp4,motions/hoang_tu/w01649.json,features/hoang_tu/w01649.npz,0.5012,4.3043,60
hoảng sợ,hoang_so,Dataset/Videos/W01650.mp4,motions/hoang_so/w01650.json,features/hoang_so/w01650.npz,0.479,4.371,60
hoạt động,hoat_ong,Dataset/Videos/W01651B.mp4,motions/hoat_ong/w01651b.json,features/hoat_ong/w01651b.npz,0.984,2.7027,60
hoạt hình,hoat_hinh,Dataset/Videos/W01655B.mp4,motions/hoat_hinh/w01655b.json,features/hoat_hinh/w01655b.npz,0.9832,3.2366,60
hoạt hình,hoat_hinh,Dataset/Videos/W01655N.mp4,motions/hoat_hinh/w01655n.json,features/hoat_hinh/w01655n.npz,0.5052,3.7037,60
hoạt hình,hoat_hinh,Dataset/Videos/W01655T.mp4,motions/hoat_hinh/w01655t.json,features/hoat_hinh/w01655t.npz,0.5023,3.7037,60
học giỏi,hoc_gioi,Dataset/Videos/W01656.mp4,motions/hoc_gioi/w01656.json,features/hoc_gioi/w01656.npz,0.4675,4.3377,60
học sinh Miền Nam,hoc_sinh_mien_nam,Dataset/Videos/W01658.mp4,motions/hoc_sinh_mien_nam/w01658.json,features/hoc_sinh_mien_nam/w01658.npz,0.5632,5.4388,60
học trung bình,hoc_trung_binh,Dataset/Videos/W01659.mp4,motions/hoc_trung_binh/w01659.json,features/hoc_trung_binh/w01659.npz,0.519,4.1708,60
hỏi han,hoi_han,Dataset/Videos/W01660.mp4,motions/hoi_han/w01660.json,features/hoi_han/w01660.npz,0.4758,4.1375,60
hòn đá,hon_a,Dataset/Videos/W01661.mp4,motions/hon_a/w01661.json,features/hon_a/w01661.npz,0.61,4.3377,60
hót rác,hot_rac,Dataset/Videos/W01662.mp4,motions/hot_rac/w01662.json,features/hot_rac/w01662.npz,0.6098,4.1708,60
học bổng,hoc_bong,Dataset/Videos/W01665.mp4,motions/hoc_bong/w01665.json,features/hoc_bong/w01665.npz,0.6222,4.1041,60
học kém,hoc_kem,Dataset/Videos/W01666.mp4,motions/hoc_kem/w01666.json,features/hoc_kem/w01666.npz,0.4525,5.0717,60
học nhóm,hoc_nhom,Dataset/Videos/W01668.mp4,motions/hoc_nhom/w01668.json,features/hoc_nhom/w01668.npz,0.5819,3.7371,60
học phí,hoc_phi,Dataset/Videos/W01669.mp4,motions/hoc_phi/w01669.json,features/hoc_phi/w01669.npz,0.6402,3.7371,60
học tập,hoc_tap,Dataset/Videos/W01670.mp4,motions/hoc_tap/w01670.json,features/hoc_tap/w01670.npz,0.4662,4.004,60
học trò,hoc_tro,Dataset/Videos/W01671.mp4,motions/hoc_tro/w01671.json,features/hoc_tro/w01671.npz,0.4847,3.9373,60
hỏi,hoi,Dataset/Videos/W01672B.mp4,motions/hoi/w01672b.json,features/hoi/w01672b.npz,0.9877,2.636,60
hỏi,hoi,Dataset/Videos/W01672N.mp4,motions/hoi/w01672n.json,features/hoi/w01672n.npz,0.4875,4.3377,60
hỏi,hoi,Dataset/Videos/W01672T.mp4,motions/hoi/w01672t.json,features/hoi/w01672t.npz,0.48,4.3377,60
hỏi thăm,hoi_tham,Dataset/Videos/W01673B.mp4,motions/hoi_tham/w01673b.json,features/hoi_tham/w01673b.npz,0.9871,3.37,60
hòn bi (giống viên bi),hon_bi_giong_vien_bi,Dataset/Videos/W01674B.mp4,motions/hon_bi_giong_vien_bi/w01674b.json,features/hon_bi_giong_vien_bi/w01674b.npz,0.9933,3.2366,60
hỏng,hong,Dataset/Videos/W01675B.mp4,motions/hong/w01675b.json,features/hong/w01675b.npz,0.9776,2.9029,60
hỏng,hong,Dataset/Videos/W01675N.mp4,motions/hong/w01675n.json,features/hong/w01675n.npz,0.4773,4.004,60
hỏng,hong,Dataset/Videos/W01675T.mp4,motions/hong/w01675t.json,features/hong/w01675t.npz,0.9664,2.9029,60
họng,hong,Dataset/Videos/W01676.mp4,motions/hong/w01676.json,features/hong/w01676.npz,0.4882,4.4711,60
họp,hop,Dataset/Videos/W01677B.mp4,motions/hop/w01677b.json,features/hop/w01677b.npz,0.969,2.8028,60
họp,hop,Dataset/Videos/W01677N.mp4,motions/hop/w01677n.json,features/hop/w01677n.npz,0.5737,4.6046,60
họp,hop,Dataset/Videos/W01677T.mp4,motions/hop/w01677t.json,features/hop/w01677t.npz,0.9729,2.8028,60
hót,hot,Dataset/Videos/W01678.mp4,motions/hot/w01678.json,features/hot/w01678.npz,0.5048,4.2042,60
hót rác (cái hót rác),hot_rac_cai_hot_rac,Dataset/Videos/W01679.mp4,motions/hot_rac_cai_hot_rac/w01679.json,features/hot_rac_cai_hot_rac/w01679.npz,0.6444,3.9039,60
Hồ Chí Minh,ho_chi_minh,Dataset/Videos/W01681.mp4,motions/ho_chi_minh/w01681.json,features/ho_chi_minh/w01681.npz,0.4909,3.7704,60
hồ dán,ho_dan,Dataset/Videos/W01682.mp4,motions/ho_dan/w01682.json,features/ho_dan/w01682.npz,0.638,4.1041,60
hồ Hoàn Kiếm,ho_hoan_kiem,Dataset/Videos/W01684.mp4,motions/ho_hoan_kiem/w01684.json,features/ho_hoan_kiem/w01684.npz,0.5218,4.6713,60
hồ nước,ho_nuoc,Dataset/Videos/W01686.mp4,motions/ho_nuoc/w01686.json,features/ho_nuoc/w01686.npz,0.6922,4.4044,60
hồi hộp,hoi_hop,Dataset/Videos/W01690B.mp4,motions/hoi_hop/w01690b.json,features/hoi_hop/w01690b.npz,0.9961,2.8028,60
hồi hộp,hoi_hop,Dataset/Videos/W01690N.mp4,motions/hoi_hop/w01690n.json,features/hoi_hop/w01690n.npz,0.5536,3.0364,60
hồi hộp,hoi_hop,Dataset/Videos/W01690T.mp4,motions/hoi_hop/w01690t.json,features/hoi_hop/w01690t.npz,0.9961,2.8028,60
hối hận,hoi_han,Dataset/Videos/W01692B.mp4,motions/hoi_han/w01692b.json,features/hoi_han/w01692b.npz,0.9854,2.9696,60
hối hận,hoi_han,Dataset/Videos/W01692N.mp4,motions/hoi_han/w01692n.json,features/hoi_han/w01692n.npz,0.4966,4.4378,60
hối hận,hoi_han,Dataset/Videos/W01692T.mp4,motions/hoi_han/w01692t.json,features/hoi_han/w01692t.npz,0.5547,3.3367,60
hối lộ,hoi_lo,Dataset/Videos/W01693.mp4,motions/hoi_lo/w01693.json,features/hoi_lo/w01693.npz,0.7197,4.6046,60
hội nghị,hoi_nghi,Dataset/Videos/W01695B.mp4,motions/hoi_nghi/w01695b.json,features/hoi_nghi/w01695b.npz,0.9675,3.3367,60
hội thảo,hoi_thao,Dataset/Videos/W01696.mp4,motions/hoi_thao/w01696.json,features/hoi_thao/w01696.npz,0.8261,3.8038,60
hội thảo,hoi_thao,Dataset/Videos/W01696N.mp4,motions/hoi_thao/w01696n.json,features/hoi_thao/w01696n.npz,0.6337,3.9373,60
hội trường,hoi_truong,Dataset/Videos/W01698.mp4,motions/hoi_truong/w01698.json,features/hoi_truong/w01698.npz,0.7816,4.0707,60
hôn,hon,Dataset/Videos/W01700.mp4,motions/hon/w01700.json,features/hon/w01700.npz,0.6293,4.0374,60
hỗn số,hon_so,Dataset/Videos/W01701.mp4,motions/hon_so/w01701.json,features/hon_so/w01701.npz,0.6807,3.8372,60
hộp,hop,Dataset/Videos/W01702.mp4,motions/hop/w01702.json,features/hop/w01702.npz,0.809,3.8038,60
hộp bút,hop_but,Dataset/Videos/W01703.mp4,motions/hop_but/w01703.json,features/hop_but/w01703.npz,0.7021,3.6036,60
hộp sữa,hop_sua,Dataset/Videos/W01704.mp4,motions/hop_sua/w01704.json,features/hop_sua/w01704.npz,0.7283,4.2709,60
hơi nước,hoi_nuoc,Dataset/Videos/W01706.mp4,motions/hoi_nuoc/w01706.json,features/hoi_nuoc/w01706.npz,0.5816,5.5722,60
hợp đồng,hop_ong,Dataset/Videos/W01707B.mp4,motions/hop_ong/w01707b.json,features/hop_ong/w01707b.npz,0.7776,3.1698,60
hợp đồng,hop_ong,Dataset/Videos/W01707T.mp4,motions/hop_ong/w01707t.json,features/hop_ong/w01707t.npz,0.7879,3.1698,60
hợp lí,hop_li,Dataset/Videos/W01708.mp4,motions/hop_li/w01708.json,features/hop_li/w01708.npz,0.6677,4.4711,60
hợp tác,hop_tac,Dataset/Videos/W01709.mp4,motions/hop_tac/w01709.json,features/hop_tac/w01709.npz,0.8574,3.2699,60
huân chương,huan_chuong,Dataset/Videos/W01710.mp4,motions/huan_chuong/w01710.json,features/huan_chuong/w01710.npz,0.5512,4.2042,60
hung ác,hung_ac,Dataset/Videos/W01711.mp4,motions/hung_ac/w01711.json,features/hung_ac/w01711.npz,0.6535,4.0374,60
hung thủ,hung_thu,Dataset/Videos/W01712.mp4,motions/hung_thu/w01712.json,features/hung_thu/w01712.npz,0.5511,4.638,60
Hung-ga-ri (nước Hung-ga-ri),hung_ga_ri_nuoc_hung_ga_ri,Dataset/Videos/W01714.mp4,motions/hung_ga_ri_nuoc_hung_ga_ri/w01714.json,features/hung_ga_ri_nuoc_hung_ga_ri/w01714.npz,0.7264,4.638,60
Hùng Vương,hung_vuong,Dataset/Videos/W01715.mp4,motions/hung_vuong/w01715.json,features/hung_vuong/w01715.npz,0.5181,3.8705,60
hút nước,hut_nuoc,Dataset/Videos/W01716.mp4,motions/hut_nuoc/w01716.json,features/hut_nuoc/w01716.npz,0.6106,3.5369,60
hút thuốc lá,hut_thuoc_la,Dataset/Videos/W01717.mp4,motions/hut_thuoc_la/w01717.json,features/hut_thuoc_la/w01717.npz,0.5488,4.0374,60
huy hiệu,huy_hieu,Dataset/Videos/W01718.mp4,motions/huy_hieu/w01718.json,features/huy_hieu/w01718.npz,0.5998,4.4711,60
huỷ diệt,huy_diet,Dataset/Videos/W01719.mp4,motions/huy_diet/w01719.json,features/huy_diet/w01719.npz,0.6916,4.0874,60
huyện,huyen,Dataset/Videos/W01721B.mp4,motions/huyen/w01721b.json,features/huyen/w01721b.npz,0.672,3.5702,60
huyện,huyen,Dataset/Videos/W01721N.mp4,motions/huyen/w01721n.json,features/huyen/w01721n.npz,0.6184,4.4044,60
huyện,huyen,Dataset/Videos/W01721T.mp4,motions/huyen/w01721t.json,features/huyen/w01721t.npz,0.7101,3.7037,60
Hưng Yên,hung_yen,Dataset/Videos/W01723.mp4,motions/hung_yen/w01723.json,features/hung_yen/w01723.npz,0.5041,3.8705,60
hướng dẫn,huong_dan,Dataset/Videos/W01724.mp4,motions/huong_dan/w01724.json,features/huong_dan/w01724.npz,0.5403,3.7037,60
muối i-ốt,muoi_i_ot,Dataset/Videos/W01725.mp4,motions/muoi_i_ot/w01725.json,features/muoi_i_ot/w01725.npz,0.5544,2.5859,60
I-rắc (nước I-rắc),i_rac_nuoc_i_rac,Dataset/Videos/W01726.mp4,motions/i_rac_nuoc_i_rac/w01726.json,features/i_rac_nuoc_i_rac/w01726.npz,0.5513,3.7704,60
ích lợi,ich_loi,Dataset/Videos/W01727.mp4,motions/ich_loi/w01727.json,features/ich_loi/w01727.npz,0.4971,3.1698,60
in (ấn),in_an,Dataset/Videos/W01728B.mp4,motions/in_an/w01728b.json,features/in_an/w01728b.npz,0.7098,3.7371,60
ít,it,Dataset/Videos/W01730.mp4,motions/it/w01730.json,features/it/w01730.npz,0.534,3.5369,60
ít hơn,it_hon,Dataset/Videos/W01731.mp4,motions/it_hon/w01731.json,features/it_hon/w01731.npz,0.4641,4.371,60
ít nhất,it_nhat,Dataset/Videos/W01732.mp4,motions/it_nhat/w01732.json,features/it_nhat/w01732.npz,0.4948,3.6703,60
Italia (nước Italia),italia_nuoc_italia,Dataset/Videos/W01733.mp4,motions/italia_nuoc_italia/w01733.json,features/italia_nuoc_italia/w01733.npz,0.5221,3.4034,60
kẻ cắp,ke_cap,Dataset/Videos/W01734.mp4,motions/ke_cap/w01734.json,features/ke_cap/w01734.npz,0.5309,3.5369,60
kèn,ken,Dataset/Videos/W01735.mp4,motions/ken/w01735.json,features/ken/w01735.npz,0.6313,3.9706,60
kẻ thù,ke_thu,Dataset/Videos/W01737.mp4,motions/ke_thu/w01737.json,features/ke_thu/w01737.npz,0.5101,4.4711,60
kém,kem,Dataset/Videos/W01738B.mp4,motions/kem/w01738b.json,features/kem/w01738b.npz,0.84,2.1688,60
kém,kem,Dataset/Videos/W01738N.mp4,motions/kem/w01738n.json,features/kem/w01738n.npz,0.475,4.3377,60
kém,kem,Dataset/Videos/W01738T.mp4,motions/kem/w01738t.json,features/kem/w01738t.npz,0.845,2.1688,60
keo kiệt,keo_kiet,Dataset/Videos/W01739.mp4,motions/keo_kiet/w01739.json,features/keo_kiet/w01739.npz,0.8391,3.37,60
kéo,keo,Dataset/Videos/W01740.mp4,motions/keo/w01740.json,features/keo/w01740.npz,0.5247,3.1031,60
kẹo,keo,Dataset/Videos/W01743B.mp4,motions/keo/w01743b.json,features/keo/w01743b.npz,0.8502,3.4034,60
kẹo,keo,Dataset/Videos/W01743N.mp4,motions/keo/w01743n.json,features/keo/w01743n.npz,0.5578,2.5442,60
kẹo,keo,Dataset/Videos/W01743T.mp4,motions/keo/w01743t.json,features/keo/w01743t.npz,0.5578,2.5442,60
kẹp,kep,Dataset/Videos/W01744.mp4,motions/kep/w01744.json,features/kep/w01744.npz,0.6381,3.2366,60
kể chuyện,ke_chuyen,Dataset/Videos/W01746.mp4,motions/ke_chuyen/w01746.json,features/ke_chuyen/w01746.npz,0.6234,3.5702,60
kết bạn,ket_ban,Dataset/Videos/W01750.mp4,motions/ket_ban/w01750.json,features/ket_ban/w01750.npz,0.629,3.3033,60
kết hợp,ket_hop,Dataset/Videos/W01751.mp4,motions/ket_hop/w01751.json,features/ket_hop/w01751.npz,0.6649,3.2366,60
kết quả,ket_qua,Dataset/Videos/W01754B.mp4,motions/ket_qua/w01754b.json,features/ket_qua/w01754b.npz,0.8083,2.6026,60
kết quả,ket_qua,Dataset/Videos/W01754N.mp4,motions/ket_qua/w01754n.json,features/ket_qua/w01754n.npz,0.6063,4.7381,60
kết quả,ket_qua,Dataset/Videos/W01754T.mp4,motions/ket_qua/w01754t.json,features/ket_qua/w01754t.npz,0.604,4.7381,60
kêu,keu,Dataset/Videos/W01755.mp4,motions/keu/w01755.json,features/keu/w01755.npz,0.6024,3.1365,60
kêu gọi,keu_goi,Dataset/Videos/W01756.mp4,motions/keu_goi/w01756.json,features/keu_goi/w01756.npz,0.5656,6.7401,60
khác,khac,Dataset/Videos/W01757.mp4,motions/khac/w01757.json,features/khac/w01757.npz,0.6094,3.637,60
khách,khach,Dataset/Videos/W01758.mp4,motions/khach/w01758.json,features/khach/w01758.npz,0.5125,2.9363,60
khách mời,khach_moi,Dataset/Videos/W01759.mp4,motions/khach_moi/w01759.json,features/khach_moi/w01759.npz,0.5647,3.7371,60
khách sạn,khach_san,Dataset/Videos/W01760.mp4,motions/khach_san/w01760.json,features/khach_san/w01760.npz,0.6176,3.9706,60
khách vip,khach_vip,Dataset/Videos/W01761.mp4,motions/khach_vip/w01761.json,features/khach_vip/w01761.npz,0.5259,3.637,60
hoang mang,hoang_mang,Dataset/Videos/W01764.mp4,motions/hoang_mang/w01764.json,features/hoang_mang/w01764.npz,0.7684,3.3367,60
khai mạc,khai_mac,Dataset/Videos/W01766.mp4,motions/khai_mac/w01766.json,features/khai_mac/w01766.npz,0.624,4.0374,60
khám bệnh,kham_benh,Dataset/Videos/W01767.mp4,motions/kham_benh/w01767.json,features/kham_benh/w01767.npz,0.5298,3.1365,60
khám phá,kham_pha,Dataset/Videos/W01768.mp4,motions/kham_pha/w01768.json,features/kham_pha/w01768.npz,0.6973,3.4034,60
kháng cự,khang_cu,Dataset/Videos/W01770.mp4,motions/khang_cu/w01770.json,features/khang_cu/w01770.npz,0.6933,3.712,60
kháng sinh,khang_sinh,Dataset/Videos/W01771.mp4,motions/khang_sinh/w01771.json,features/khang_sinh/w01771.npz,0.6231,3.1365,60
Khánh Hòa,khanh_hoa,Dataset/Videos/W01772.mp4,motions/khanh_hoa/w01772.json,features/khanh_hoa/w01772.npz,0.6392,3.9373,60
khát nước,khat_nuoc,Dataset/Videos/W01774.mp4,motions/khat_nuoc/w01774.json,features/khat_nuoc/w01774.npz,0.5125,3.2699,60
khát vọng,khat_vong,Dataset/Videos/W01775.mp4,motions/khat_vong/w01775.json,features/khat_vong/w01775.npz,0.6013,3.9706,60
khắc phục,khac_phuc,Dataset/Videos/W01776.mp4,motions/khac_phuc/w01776.json,features/khac_phuc/w01776.npz,0.4859,4.0707,60
khăn mặt,khan_mat,Dataset/Videos/W01777.mp4,motions/khan_mat/w01777.json,features/khan_mat/w01777.npz,0.5893,3.6703,60
khăn quàng,khan_quang,Dataset/Videos/W01779.mp4,motions/khan_quang/w01779.json,features/khan_quang/w01779.npz,0.6352,3.2699,60
khăn quàng đỏ,khan_quang_o,Dataset/Videos/W01780.mp4,motions/khan_quang_o/w01780.json,features/khan_quang_o/w01780.npz,0.6007,3.5035,60
khâm phục,kham_phuc,Dataset/Videos/W01783.mp4,motions/kham_phuc/w01783.json,features/kham_phuc/w01783.npz,0.6213,4.0374,60
khâu vá,khau_va,Dataset/Videos/W01784.mp4,motions/khau_va/w01784.json,features/khau_va/w01784.npz,0.6122,3.9706,60
khẩu hiệu,khau_hieu,Dataset/Videos/W01785.mp4,motions/khau_hieu/w01785.json,features/khau_hieu/w01785.npz,0.6586,3.3033,60
khẩu trang,khau_trang,Dataset/Videos/W01786.mp4,motions/khau_trang/w01786.json,features/khau_trang/w01786.npz,0.5704,3.8372,60
khe cửa,khe_cua,Dataset/Videos/W01787.mp4,motions/khe_cua/w01787.json,features/khe_cua/w01787.npz,0.6632,3.6703,60
khe núi,khe_nui,Dataset/Videos/W01788.mp4,motions/khe_nui/w01788.json,features/khe_nui/w01788.npz,0.5904,4.1041,60
khen,khen,Dataset/Videos/W01789.mp4,motions/khen/w01789.json,features/khen/w01789.npz,0.6359,3.6036,60
khen tặng,khen_tang,Dataset/Videos/W01791.mp4,motions/khen_tang/w01791.json,features/khen_tang/w01791.npz,0.623,3.3367,60
khéo,kheo,Dataset/Videos/W01792.mp4,motions/kheo/w01792.json,features/kheo/w01792.npz,0.6648,3.2032,60
khép cửa,khep_cua,Dataset/Videos/W01793.mp4,motions/khep_cua/w01793.json,features/khep_cua/w01793.npz,0.74,3.5035,60
khí cầu,khi_cau,Dataset/Videos/W01794.mp4,motions/khi_cau/w01794.json,features/khi_cau/w01794.npz,0.6553,4.4044,60
khiêm tốn,khiem_ton,Dataset/Videos/W01796.mp4,motions/khiem_ton/w01796.json,features/khiem_ton/w01796.npz,0.4936,4.3043,60
khiêng,khieng,Dataset/Videos/W01800.mp4,motions/khieng/w01800.json,features/khieng/w01800.npz,0.4795,4.4378,60
khó khăn,kho_khan,Dataset/Videos/W01803B.mp4,motions/kho_khan/w01803b.json,features/kho_khan/w01803b.npz,0.4985,3.8705,60
khó khăn,kho_khan,Dataset/Videos/W01803N.mp4,motions/kho_khan/w01803n.json,features/kho_khan/w01803n.npz,0.5069,3.8705,60
khoa học,khoa_hoc,Dataset/Videos/W01804.mp4,motions/khoa_hoc/w01804.json,features/khoa_hoc/w01804.npz,0.4912,4.0707,60
khóa quần,khoa_quan,Dataset/Videos/W01806.mp4,motions/khoa_quan/w01806.json,features/khoa_quan/w01806.npz,0.6237,3.8038,60
khoác vai,khoac_vai,Dataset/Videos/W01807.mp4,motions/khoac_vai/w01807.json,features/khoac_vai/w01807.npz,0.5141,3.37,60
khoan (cái khoan),khoan_cai_khoan,Dataset/Videos/W01808.mp4,motions/khoan_cai_khoan/w01808.json,features/khoan_cai_khoan/w01808.npz,0.6081,3.4034,60
khoảng cách,khoang_cach,Dataset/Videos/W01809.mp4,motions/khoang_cach/w01809.json,features/khoang_cach/w01809.npz,0.6088,3.6036,60
khoá (cái khóa),khoa_cai_khoa,Dataset/Videos/W01810.mp4,motions/khoa_cai_khoa/w01810.json,features/khoa_cai_khoa/w01810.npz,0.6261,4.4378,60
khóa cửa,khoa_cua,Dataset/Videos/W01811.mp4,motions/khoa_cua/w01811.json,features/khoa_cua/w01811.npz,0.5941,6.8402,60
khoác áo,khoac_ao,Dataset/Videos/W01813.mp4,motions/khoac_ao/w01813.json,features/khoac_ao/w01813.npz,0.5675,4.5379,60
khoác tay,khoac_tay,Dataset/Videos/W01814.mp4,motions/khoac_tay/w01814.json,features/khoac_tay/w01814.npz,0.7111,4.5045,60
khoan,khoan,Dataset/Videos/W01815.mp4,motions/khoan/w01815.json,features/khoan/w01815.npz,0.6145,3.4034,60
khoang tàu,khoang_tau,Dataset/Videos/W01816.mp4,motions/khoang_tau/w01816.json,features/khoang_tau/w01816.npz,0.6334,8.6086,60
khoanh tay,khoanh_tay,Dataset/Videos/W01820.mp4,motions/khoanh_tay/w01820.json,features/khoanh_tay/w01820.npz,0.5975,4.3377,60
khóc,khoc,Dataset/Videos/W01821.mp4,motions/khoc/w01821.json,features/khoc/w01821.npz,0.448,4.5379,60
khoe,khoe,Dataset/Videos/W01822.mp4,motions/khoe/w01822.json,features/khoe/w01822.npz,0.4884,3.37,60
khoẻ mạnh,khoe_manh,Dataset/Videos/W01823.mp4,motions/khoe_manh/w01823.json,features/khoe_manh/w01823.npz,0.5708,4.371,60
khỏi bệnh,khoi_benh,Dataset/Videos/W01824B.mp4,motions/khoi_benh/w01824b.json,features/khoi_benh/w01824b.npz,0.8216,2.7361,60
khỏi bệnh,khoi_benh,Dataset/Videos/W01824N.mp4,motions/khoi_benh/w01824n.json,features/khoi_benh/w01824n.npz,0.6358,4.7047,60
khỏi bệnh,khoi_benh,Dataset/Videos/W01824T.mp4,motions/khoi_benh/w01824t.json,features/khoi_benh/w01824t.npz,0.7129,7.4408,60
khói,khoi,Dataset/Videos/W01825.mp4,motions/khoi/w01825.json,features/khoi/w01825.npz,0.515,4.3377,60
khóm dứa,khom_dua,Dataset/Videos/W01826.mp4,motions/khom_dua/w01826.json,features/khom_dua/w01826.npz,0.5726,5.5055,60
bụi tre,bui_tre,Dataset/Videos/W01827.mp4,motions/bui_tre/w01827.json,features/bui_tre/w01827.npz,0.6873,8.8088,60
khô héo,kho_heo,Dataset/Videos/W01828.mp4,motions/kho_heo/w01828.json,features/kho_heo/w01828.npz,0.6627,4.4044,60
khổ thơ,kho_tho,Dataset/Videos/W01829.mp4,motions/kho_tho/w01829.json,features/kho_tho/w01829.npz,0.6,6.0727,60
cầu Long Biên,cau_long_bien,Dataset/Videos/W01831.mp4,motions/cau_long_bien/w01831.json,features/cau_long_bien/w01831.npz,0.6714,3.7955,60
khối lượng,khoi_luong,Dataset/Videos/W01832.mp4,motions/khoi_luong/w01832.json,features/khoi_luong/w01832.npz,0.681,4.5045,60
không gian,khong_gian,Dataset/Videos/W01833.mp4,motions/khong_gian/w01833.json,features/khong_gian/w01833.npz,0.4784,5.4054,60
không thẳng hàng,khong_thang_hang,Dataset/Videos/W01834.mp4,motions/khong_thang_hang/w01834.json,features/khong_thang_hang/w01834.npz,0.5718,9.2426,60
khổng lồ,khong_lo,Dataset/Videos/W01835.mp4,motions/khong_lo/w01835.json,features/khong_lo/w01835.npz,0.5982,3.6703,60
khố,kho,Dataset/Videos/W01836.mp4,motions/kho/w01836.json,features/kho/w01836.npz,0.8085,7.4741,60
không hiểu,khong_hieu,Dataset/Videos/W01840B.mp4,motions/khong_hieu/w01840b.json,features/khong_hieu/w01840b.npz,0.5158,3.2699,60
không hiểu,khong_hieu,Dataset/Videos/W01840N.mp4,motions/khong_hieu/w01840n.json,features/khong_hieu/w01840n.npz,0.4671,4.5379,60
không hiểu,khong_hieu,Dataset/Videos/W01840T.mp4,motions/khong_hieu/w01840t.json,features/khong_hieu/w01840t.npz,0.4671,4.5379,60
không khí,khong_khi,Dataset/Videos/W01841.mp4,motions/khong_khi/w01841.json,features/khong_khi/w01841.npz,0.5182,3.8038,60
khổ,kho,Dataset/Videos/W01842.mp4,motions/kho/w01842.json,features/kho/w01842.npz,0.9209,4.9383,60
khổ,kho,Dataset/Videos/W01842N.mp4,motions/kho/w01842n.json,features/kho/w01842n.npz,0.994,5.4054,60
khớp xương,khop_xuong,Dataset/Videos/W01847.mp4,motions/khop_xuong/w01847.json,features/khop_xuong/w01847.npz,0.7138,3.637,60
khu rừng,khu_rung,Dataset/Videos/W01849.mp4,motions/khu_rung/w01849.json,features/khu_rung/w01849.npz,0.6254,4.371,60
khu vườn,khu_vuon,Dataset/Videos/W01851.mp4,motions/khu_vuon/w01851.json,features/khu_vuon/w01851.npz,0.66,3.6036,60
vực sâu,vuc_sau,Dataset/Videos/W01852.mp4,motions/vuc_sau/w01852.json,features/vuc_sau/w01852.npz,0.7079,3.295,60
khúc khuỷu,khuc_khuyu,Dataset/Videos/W01854.mp4,motions/khuc_khuyu/w01854.json,features/khuc_khuyu/w01854.npz,0.6182,4.7714,60
khung cửa số,khung_cua_so,Dataset/Videos/W01856.mp4,motions/khung_cua_so/w01856.json,features/khung_cua_so/w01856.npz,0.67,4.3043,60
khung thành,khung_thanh,Dataset/Videos/W01857.mp4,motions/khung_thanh/w01857.json,features/khung_thanh/w01857.npz,0.6109,4.5712,60
khuôn hình,khuon_hinh,Dataset/Videos/W01858.mp4,motions/khuon_hinh/w01858.json,features/khuon_hinh/w01858.npz,0.7193,3.6703,60
khuy,khuy,Dataset/Videos/W01859.mp4,motions/khuy/w01859.json,features/khuy/w01859.npz,0.499,4.004,60
khuyên tai,khuyen_tai,Dataset/Videos/W01860.mp4,motions/khuyen_tai/w01860.json,features/khuyen_tai/w01860.npz,0.5029,3.4034,60
kì diệu,ki_dieu,Dataset/Videos/W01861.mp4,motions/ki_dieu/w01861.json,features/ki_dieu/w01861.npz,0.5024,3.7704,60
kì lạ,ki_la,Dataset/Videos/W01862.mp4,motions/ki_la/w01862.json,features/ki_la/w01862.npz,0.511,3.5035,60
kí duyệt,ki_duyet,Dataset/Videos/W01863.mp4,motions/ki_duyet/w01863.json,features/ki_duyet/w01863.npz,0.6688,3.5035,60
ki-lô-gam,ki_lo_gam,Dataset/Videos/W01864.mp4,motions/ki_lo_gam/w01864.json,features/ki_lo_gam/w01864.npz,0.4938,3.7704,60
ki-lô-mét vuông (km2),ki_lo_met_vuong_km2,Dataset/Videos/W01865.mp4,motions/ki_lo_met_vuong_km2/w01865.json,features/ki_lo_met_vuong_km2/w01865.npz,0.5503,3.3033,60
kỉ niệm,ki_niem,Dataset/Videos/W01866B.mp4,motions/ki_niem/w01866b.json,features/ki_niem/w01866b.npz,0.7845,3.0697,60
kỉ niệm,ki_niem,Dataset/Videos/W01866N.mp4,motions/ki_niem/w01866n.json,features/ki_niem/w01866n.npz,0.5675,4.2376,60
kỉ niệm,ki_niem,Dataset/Videos/W01866T.mp4,motions/ki_niem/w01866t.json,features/ki_niem/w01866t.npz,0.5573,4.2376,60
kí hiệu,ki_hieu,Dataset/Videos/W01867.mp4,motions/ki_hieu/w01867.json,features/ki_hieu/w01867.npz,0.6071,4.4711,60
ki-lô-mét (km),ki_lo_met_km,Dataset/Videos/W01869.mp4,motions/ki_lo_met_km/w01869.json,features/ki_lo_met_km/w01869.npz,0.5125,3.6703,60
kỉ luật,ki_luat,Dataset/Videos/W01871.mp4,motions/ki_luat/w01871.json,features/ki_luat/w01871.npz,0.605,3.8705,60
kí tên,ki_ten,Dataset/Videos/W01872B.mp4,motions/ki_ten/w01872b.json,features/ki_ten/w01872b.npz,0.7164,3.6703,60
kí tên,ki_ten,Dataset/Videos/W01872N.mp4,motions/ki_ten/w01872n.json,features/ki_ten/w01872n.npz,0.6843,3.5035,60
kí tên,ki_ten,Dataset/Videos/W01872T.mp4,motions/ki_ten/w01872t.json,features/ki_ten/w01872t.npz,0.7029,3.5035,60
kịch bản,kich_ban,Dataset/Videos/W01876.mp4,motions/kich_ban/w01876.json,features/kich_ban/w01876.npz,0.5785,4.2709,60
kiểm tra,kiem_tra,Dataset/Videos/W01878B.mp4,motions/kiem_tra/w01878b.json,features/kiem_tra/w01878b.npz,0.5801,2.9696,60
kiểm tra,kiem_tra,Dataset/Videos/W01878N.mp4,motions/kiem_tra/w01878n.json,features/kiem_tra/w01878n.npz,0.5294,3.2032,60
kiểm tra,kiem_tra,Dataset/Videos/W01878T.mp4,motions/kiem_tra/w01878t.json,features/kiem_tra/w01878t.npz,0.5294,3.2032,60
kiếm (cái kiếm),kiem_cai_kiem,Dataset/Videos/W01879.mp4,motions/kiem_cai_kiem/w01879.json,features/kiem_cai_kiem/w01879.npz,0.5333,3.9039,60
Kiên Giang,kien_giang,Dataset/Videos/W01881.mp4,motions/kien_giang/w01881.json,features/kien_giang/w01881.npz,0.5641,4.3043,60
kiên quyết,kien_quyet,Dataset/Videos/W01882.mp4,motions/kien_quyet/w01882.json,features/kien_quyet/w01882.npz,0.5436,4.7047,60
kiên trì (giống: kiên nhẫn),kien_tri_giong_kien_nhan,Dataset/Videos/W01883.mp4,motions/kien_tri_giong_kien_nhan/w01883.json,features/kien_tri_giong_kien_nhan/w01883.npz,0.573,3.4034,60
kiến thức,kien_thuc,Dataset/Videos/W01885.mp4,motions/kien_thuc/w01885.json,features/kien_thuc/w01885.npz,0.5019,3.5702,60
kiến trúc,kien_truc,Dataset/Videos/W01886.mp4,motions/kien_truc/w01886.json,features/kien_truc/w01886.npz,0.6486,3.7037,60
kiến trúc sư,kien_truc_su,Dataset/Videos/W01887.mp4,motions/kien_truc_su/w01887.json,features/kien_truc_su/w01887.npz,0.6522,3.8038,60
"kiêu (kiêu căng, kiêu xa)",kieu_kieu_cang_kieu_xa,Dataset/Videos/W01888.mp4,motions/kieu_kieu_cang_kieu_xa/w01888.json,features/kieu_kieu_cang_kieu_xa/w01888.npz,0.5009,3.7371,60
kim,kim,Dataset/Videos/W01890.mp4,motions/kim/w01890.json,features/kim/w01890.npz,0.4996,4.2042,60
kinh ngạc,kinh_ngac,Dataset/Videos/W01897.mp4,motions/kinh_ngac/w01897.json,features/kinh_ngac/w01897.npz,0.6162,3.8705,60
kinh nghiệm,kinh_nghiem,Dataset/Videos/W01898B.mp4,motions/kinh_nghiem/w01898b.json,features/kinh_nghiem/w01898b.npz,0.6418,3.2699,60
kinh nghiệm,kinh_nghiem,Dataset/Videos/W01898N.mp4,motions/kinh_nghiem/w01898n.json,features/kinh_nghiem/w01898n.npz,0.5766,2.5359,60
kinh nghiệm,kinh_nghiem,Dataset/Videos/W01898T.mp4,motions/kinh_nghiem/w01898t.json,features/kinh_nghiem/w01898t.npz,0.5766,2.5359,60
kính,kinh,Dataset/Videos/W01900.mp4,motions/kinh/w01900.json,features/kinh/w01900.npz,0.4938,3.7704,60
kính hiển vi,kinh_hien_vi,Dataset/Videos/W01902.mp4,motions/kinh_hien_vi/w01902.json,features/kinh_hien_vi/w01902.npz,0.6448,4.6713,60
kính lão,kinh_lao,Dataset/Videos/W01903.mp4,motions/kinh_lao/w01903.json,features/kinh_lao/w01903.npz,0.6227,3.9373,60
kính lúp,kinh_lup,Dataset/Videos/W01904.mp4,motions/kinh_lup/w01904.json,features/kinh_lup/w01904.npz,0.7037,4.9049,60
kính trọng,kinh_trong,Dataset/Videos/W01906.mp4,motions/kinh_trong/w01906.json,features/kinh_trong/w01906.npz,0.6201,4.7381,60
Kon Tum,kon_tum,Dataset/Videos/W01908.mp4,motions/kon_tum/w01908.json,features/kon_tum/w01908.npz,0.7381,3.4368,60
la bàn,la_ban,Dataset/Videos/W01909.mp4,motions/la_ban/w01909.json,features/la_ban/w01909.npz,0.5814,4.1708,60
la hét,la_het,Dataset/Videos/W01910.mp4,motions/la_het/w01910.json,features/la_het/w01910.npz,0.5625,4.3377,60
là gì?,la_gi,Dataset/Videos/W01911B.mp4,motions/la_gi/w01911b.json,features/la_gi/w01911b.npz,0.5577,3.2366,60
là gì?,la_gi,Dataset/Videos/W01911N.mp4,motions/la_gi/w01911n.json,features/la_gi/w01911n.npz,0.6609,3.0697,60
là gì?,la_gi,Dataset/Videos/W01911T.mp4,motions/la_gi/w01911t.json,features/la_gi/w01911t.npz,0.6644,3.0697,60
lá cây,la_cay,Dataset/Videos/W01912B.mp4,motions/la_cay/w01912b.json,features/la_cay/w01912b.npz,0.5761,3.0697,60
lá cây,la_cay,Dataset/Videos/W01912N.mp4,motions/la_cay/w01912n.json,features/la_cay/w01912n.npz,0.5983,4.8048,60
lá thư,la_thu,Dataset/Videos/W01913.mp4,motions/la_thu/w01913.json,features/la_thu/w01913.npz,0.555,4.3377,60
Lạc Long Quân,lac_long_quan,Dataset/Videos/W01914.mp4,motions/lac_long_quan/w01914.json,features/lac_long_quan/w01914.npz,0.489,3.5702,60
lạc quan,lac_quan,Dataset/Videos/W01915.mp4,motions/lac_quan/w01915.json,features/lac_quan/w01915.npz,0.6208,4.6046,60
lái tàu hỏa,lai_tau_hoa,Dataset/Videos/W01920B.mp4,motions/lai_tau_hoa/w01920b.json,features/lai_tau_hoa/w01920b.npz,0.9801,3.2699,60
lái tàu hỏa,lai_tau_hoa,Dataset/Videos/W01920N.mp4,motions/lai_tau_hoa/w01920n.json,features/lai_tau_hoa/w01920n.npz,0.7183,3.003,60
lái tàu hỏa,lai_tau_hoa,Dataset/Videos/W01920T.mp4,motions/lai_tau_hoa/w01920t.json,features/lai_tau_hoa/w01920t.npz,0.7147,3.003,60
làm bài tập,lam_bai_tap,Dataset/Videos/W01924.mp4,motions/lam_bai_tap/w01924.json,features/lam_bai_tap/w01924.npz,0.6152,4.1708,60
làm bài tập,lam_bai_tap,Dataset/Videos/W01924N.mp4,motions/lam_bai_tap/w01924n.json,features/lam_bai_tap/w01924n.npz,0.5837,2.9696,60
làm quen,lam_quen,Dataset/Videos/W01925B.mp4,motions/lam_quen/w01925b.json,features/lam_quen/w01925b.npz,0.5816,2.6693,60
làm ruộng,lam_ruong,Dataset/Videos/W01926.mp4,motions/lam_ruong/w01926.json,features/lam_ruong/w01926.npz,0.9469,3.2699,60
làm việc,lam_viec,Dataset/Videos/W01928.mp4,motions/lam_viec/w01928.json,features/lam_viec/w01928.npz,0.5778,3.2366,60
lang thang,lang_thang,Dataset/Videos/W01930.mp4,motions/lang_thang/w01930.json,features/lang_thang/w01930.npz,0.4881,3.7704,60
làn sóng,lan_song,Dataset/Videos/W01932.mp4,motions/lan_song/w01932.json,features/lan_song/w01932.npz,0.6232,3.7704,60
làng xóm,lang_xom,Dataset/Videos/W01939.mp4,motions/lang_xom/w01939.json,features/lang_xom/w01939.npz,0.6286,4.6713,60
Lạng Sơn,lang_son,Dataset/Videos/W01940.mp4,motions/lang_son/w01940.json,features/lang_son/w01940.npz,0.7768,6.0727,60
lãnh đạo,lanh_ao,Dataset/Videos/W01942.mp4,motions/lanh_ao/w01942.json,features/lanh_ao/w01942.npz,0.824,4.8048,60
thổ dân,tho_dan,Dataset/Videos/W01943.mp4,motions/tho_dan/w01943.json,features/tho_dan/w01943.npz,0.9643,3.0364,60
lao phổi,lao_phoi,Dataset/Videos/W01944.mp4,motions/lao_phoi/w01944.json,features/lao_phoi/w01944.npz,0.6701,4.4044,60
Lào (nước Lào),lao_nuoc_lao,Dataset/Videos/W01945B.mp4,motions/lao_nuoc_lao/w01945b.json,features/lao_nuoc_lao/w01945b.npz,0.5348,3.4034,60
Lào (nước Lào),lao_nuoc_lao,Dataset/Videos/W01945N.mp4,motions/lao_nuoc_lao/w01945n.json,features/lao_nuoc_lao/w01945n.npz,0.604,4.7381,60
Lào (nước Lào),lao_nuoc_lao,Dataset/Videos/W01945T.mp4,motions/lao_nuoc_lao/w01945t.json,features/lao_nuoc_lao/w01945t.npz,0.5348,3.4034,60
lão già,lao_gia,Dataset/Videos/W01947.mp4,motions/lao_gia/w01947.json,features/lao_gia/w01947.npz,0.4886,4.3043,60
lau chùi,lau_chui,Dataset/Videos/W01948.mp4,motions/lau_chui/w01948.json,features/lau_chui/w01948.npz,0.5241,3.7371,60
lau khô,lau_kho,Dataset/Videos/W01949.mp4,motions/lau_kho/w01949.json,features/lau_kho/w01949.npz,0.6359,4.4378,60
lau nhà,lau_nha,Dataset/Videos/W01950.mp4,motions/lau_nha/w01950.json,features/lau_nha/w01950.npz,0.6479,4.004,60
lắc đầu,lac_au,Dataset/Videos/W01951.mp4,motions/lac_au/w01951.json,features/lac_au/w01951.npz,0.35,3.4034,60
lăng Bác Hồ,lang_bac_ho,Dataset/Videos/W01953.mp4,motions/lang_bac_ho/w01953.json,features/lang_bac_ho/w01953.npz,0.6469,4.2376,60
lắng nghe,lang_nghe,Dataset/Videos/W01955.mp4,motions/lang_nghe/w01955.json,features/lang_nghe/w01955.npz,0.4998,3.4034,60
lặn,lan,Dataset/Videos/W01956.mp4,motions/lan/w01956.json,features/lan/w01956.npz,0.7091,4.7714,60
lặng lẽ,lang_le,Dataset/Videos/W01957.mp4,motions/lang_le/w01957.json,features/lang_le/w01957.npz,0.5681,5.1718,60
lắp ráp,lap_rap,Dataset/Videos/W01960.mp4,motions/lap_rap/w01960.json,features/lap_rap/w01960.npz,0.6282,4.1708,60
Lâm Đồng,lam_ong,Dataset/Videos/W01961.mp4,motions/lam_ong/w01961.json,features/lam_ong/w01961.npz,0.6397,4.3043,60
lẫn lộn,lan_lon,Dataset/Videos/W01962.mp4,motions/lan_lon/w01962.json,features/lan_lon/w01962.npz,0.6198,3.5369,60
lầu (tầng),lau_tang,Dataset/Videos/W01964.mp4,motions/lau_tang/w01964.json,features/lau_tang/w01964.npz,0.8989,3.9706,60
lây bệnh,lay_benh,Dataset/Videos/W01966.mp4,motions/lay_benh/w01966.json,features/lay_benh/w01966.npz,0.5233,3.5035,60
lây nhiễm,lay_nhiem,Dataset/Videos/W01967.mp4,motions/lay_nhiem/w01967.json,features/lay_nhiem/w01967.npz,0.6525,3.37,60
lấy,lay,Dataset/Videos/W01970.mp4,motions/lay/w01970.json,features/lay/w01970.npz,0.488,3.5369,60
leo trèo,leo_treo,Dataset/Videos/W01973.mp4,motions/leo_treo/w01973.json,features/leo_treo/w01973.npz,0.6246,3.8705,60
lễ bế giảng,le_be_giang,Dataset/Videos/W01977.mp4,motions/le_be_giang/w01977.json,features/le_be_giang/w01977.npz,0.9175,4.3377,60
lễ bế giảng,le_be_giang,Dataset/Videos/W01977B.mp4,motions/le_be_giang/w01977b.json,features/le_be_giang/w01977b.npz,0.8586,5.9059,60
lễ hội,le_hoi,Dataset/Videos/W01978B.mp4,motions/le_hoi/w01978b.json,features/le_hoi/w01978b.npz,0.776,3.4368,60
lễ hội,le_hoi,Dataset/Videos/W01978N.mp4,motions/le_hoi/w01978n.json,features/le_hoi/w01978n.npz,0.7438,2.8362,60
lễ hội,le_hoi,Dataset/Videos/W01978T.mp4,motions/le_hoi/w01978t.json,features/le_hoi/w01978t.npz,0.6245,3.4368,60
lễ Nô-en,le_no_en,Dataset/Videos/W01979B.mp4,motions/le_no_en/w01979b.json,features/le_no_en/w01979b.npz,0.82,4.3377,60
lễ Nô-en,le_no_en,Dataset/Videos/W01979N.mp4,motions/le_no_en/w01979n.json,features/le_no_en/w01979n.npz,0.7692,3.5702,60
lễ Nô-en,le_no_en,Dataset/Videos/W01979T.mp4,motions/le_no_en/w01979t.json,features/le_no_en/w01979t.npz,0.7239,4.4378,60
lễ hội hóa trang,le_hoi_hoa_trang,Dataset/Videos/W01982B.mp4,motions/le_hoi_hoa_trang/w01982b.json,features/le_hoi_hoa_trang/w01982b.npz,0.9451,4.7381,60
lễ hội hóa trang,le_hoi_hoa_trang,Dataset/Videos/W01982N.mp4,motions/le_hoi_hoa_trang/w01982n.json,features/le_hoi_hoa_trang/w01982n.npz,0.6976,3.8372,60
lễ hội hóa trang,le_hoi_hoa_trang,Dataset/Videos/W01982T.mp4,motions/le_hoi_hoa_trang/w01982t.json,features/le_hoi_hoa_trang/w01982t.npz,0.9474,4.7381,60
lễ phép,le_phep,Dataset/Videos/W01983.mp4,motions/le_phep/w01983.json,features/le_phep/w01983.npz,0.6359,3.6036,60
lễ vật,le_vat,Dataset/Videos/W01984.mp4,motions/le_vat/w01984.json,features/le_vat/w01984.npz,0.9768,3.2699,60
lên đường,len_uong,Dataset/Videos/W01986.mp4,motions/len_uong/w01986.json,features/len_uong/w01986.npz,0.9786,2.5359,60
lên ngôi,len_ngoi,Dataset/Videos/W01987.mp4,motions/len_ngoi/w01987.json,features/len_ngoi/w01987.npz,0.7242,3.9706,60
lên xe,len_xe,Dataset/Videos/W01989.mp4,motions/len_xe/w01989.json,features/len_xe/w01989.npz,0.6196,4.3043,60
lều trại,leu_trai,Dataset/Videos/W01991.mp4,motions/leu_trai/w01991.json,features/leu_trai/w01991.npz,0.7008,4.2042,60
lí do,li_do,Dataset/Videos/W01992.mp4,motions/li_do/w01992.json,features/li_do/w01992.npz,0.9055,3.6703,60
Liên Bang Nga (nước Nga),lien_bang_nga_nuoc_nga,Dataset/Videos/W01996B.mp4,motions/lien_bang_nga_nuoc_nga/w01996b.json,features/lien_bang_nga_nuoc_nga/w01996b.npz,0.5388,3.5035,60
Liên Bang Nga (nước Nga),lien_bang_nga_nuoc_nga,Dataset/Videos/W01996N.mp4,motions/lien_bang_nga_nuoc_nga/w01996n.json,features/lien_bang_nga_nuoc_nga/w01996n.npz,0.5256,2.9029,60
Liên Bang Nga (nước Nga),lien_bang_nga_nuoc_nga,Dataset/Videos/W01996T.mp4,motions/lien_bang_nga_nuoc_nga/w01996t.json,features/lien_bang_nga_nuoc_nga/w01996t.npz,0.5196,3.8372,60
liên hoan,lien_hoan,Dataset/Videos/W01998B.mp4,motions/lien_hoan/w01998b.json,features/lien_hoan/w01998b.npz,0.9363,3.4034,60
liên hoan,lien_hoan,Dataset/Videos/W01998N.mp4,motions/lien_hoan/w01998n.json,features/lien_hoan/w01998n.npz,0.6385,2.9696,60
liên hoan,lien_hoan,Dataset/Videos/W01998T.mp4,motions/lien_hoan/w01998t.json,features/lien_hoan/w01998t.npz,0.949,3.4034,60
liên kết,lien_ket,Dataset/Videos/W01999.mp4,motions/lien_ket/w01999.json,features/lien_ket/w01999.npz,0.613,5.0717,60
liên lạc,lien_lac,Dataset/Videos/W02000B.mp4,motions/lien_lac/w02000b.json,features/lien_lac/w02000b.npz,0.6943,3.37,60
liên lạc,lien_lac,Dataset/Videos/W02000N.mp4,motions/lien_lac/w02000n.json,features/lien_lac/w02000n.npz,0.6392,3.3367,60
liên lạc,lien_lac,Dataset/Videos/W02000T.mp4,motions/lien_lac/w02000t.json,features/lien_lac/w02000t.npz,0.6827,4.2042,60
liên quan,lien_quan,Dataset/Videos/W02001B.mp4,motions/lien_quan/w02001b.json,features/lien_quan/w02001b.npz,0.7679,3.2699,60
liên quan,lien_quan,Dataset/Videos/W02001N.mp4,motions/lien_quan/w02001n.json,features/lien_quan/w02001n.npz,0.5857,4.371,60
liên quan,lien_quan,Dataset/Videos/W02001T.mp4,motions/lien_quan/w02001t.json,features/lien_quan/w02001t.npz,0.5832,4.371,60
liên tục,lien_tuc,Dataset/Videos/W02002.mp4,motions/lien_tuc/w02002.json,features/lien_tuc/w02002.npz,0.6595,3.5035,60
liền sau,lien_sau,Dataset/Videos/W02003.mp4,motions/lien_sau/w02003.json,features/lien_sau/w02003.npz,0.6632,3.6703,60
liền trước,lien_truoc,Dataset/Videos/W02004.mp4,motions/lien_truoc/w02004.json,features/lien_truoc/w02004.npz,0.6231,3.9706,60
liệt (liệt tay chân),liet_liet_tay_chan,Dataset/Videos/W02005.mp4,motions/liet_liet_tay_chan/w02005.json,features/liet_liet_tay_chan/w02005.npz,0.9692,3.1698,60
liều lĩnh,lieu_linh,Dataset/Videos/W02006.mp4,motions/lieu_linh/w02006.json,features/lieu_linh/w02006.npz,0.5125,3.8038,60
liều mình,lieu_minh,Dataset/Videos/W02008.mp4,motions/lieu_minh/w02008.json,features/lieu_minh/w02008.npz,0.4731,4.4044,60
linh hồn,linh_hon,Dataset/Videos/W02010.mp4,motions/linh_hon/w02010.json,features/linh_hon/w02010.npz,0.6776,4.1708,60
lĩnh hội,linh_hoi,Dataset/Videos/W02011.mp4,motions/linh_hoi/w02011.json,features/linh_hoi/w02011.npz,0.6256,4.1708,60
lĩnh vực,linh_vuc,Dataset/Videos/W02012B.mp4,motions/linh_vuc/w02012b.json,features/linh_vuc/w02012b.npz,0.7984,2.636,60
lĩnh vực,linh_vuc,Dataset/Videos/W02012N.mp4,motions/linh_vuc/w02012n.json,features/linh_vuc/w02012n.npz,0.6181,4.004,60
lĩnh vực,linh_vuc,Dataset/Videos/W02012T.mp4,motions/linh_vuc/w02012t.json,features/linh_vuc/w02012t.npz,0.629,4.004,60
lo sợ,lo_so,Dataset/Videos/W02016.mp4,motions/lo_so/w02016.json,features/lo_so/w02016.npz,0.5275,3.6036,60
lò xo,lo_xo,Dataset/Videos/W02018.mp4,motions/lo_xo/w02018.json,features/lo_xo/w02018.npz,0.6625,4.3377,60
lọ hoa,lo_hoa,Dataset/Videos/W02019.mp4,motions/lo_hoa/w02019.json,features/lo_hoa/w02019.npz,0.5983,4.8048,60
lọ mực,lo_muc,Dataset/Videos/W02020.mp4,motions/lo_muc/w02020.json,features/lo_muc/w02020.npz,0.7171,2.8362,60
loa,loa,Dataset/Videos/W02021.mp4,motions/loa/w02021.json,features/loa/w02021.npz,0.6319,3.2699,60
loài vật,loai_vat,Dataset/Videos/W02024B.mp4,motions/loai_vat/w02024b.json,features/loai_vat/w02024b.npz,0.7542,2.6026,60
loài vật,loai_vat,Dataset/Videos/W02024N.mp4,motions/loai_vat/w02024n.json,features/loai_vat/w02024n.npz,0.9364,3.0697,60
loài vật,loai_vat,Dataset/Videos/W02024T.mp4,motions/loai_vat/w02024t.json,features/loai_vat/w02024t.npz,0.9364,3.0697,60
loạn thị,loan_thi,Dataset/Videos/W02025.mp4,motions/loan_thi/w02025.json,features/loan_thi/w02025.npz,0.6485,3.2699,60
lon bia,lon_bia,Dataset/Videos/W02026.mp4,motions/lon_bia/w02026.json,features/lon_bia/w02026.npz,0.649,3.3367,60
Long An,long_an,Dataset/Videos/W02027.mp4,motions/long_an/w02027.json,features/long_an/w02027.npz,0.495,4.0374,60
lọng,long,Dataset/Videos/W02032.mp4,motions/long/w02032.json,features/long/w02032.npz,0.6701,4.4044,60
lỗi chính tả,loi_chinh_ta,Dataset/Videos/W02035.mp4,motions/loi_chinh_ta/w02035.json,features/loi_chinh_ta/w02035.npz,0.5357,4.2042,60
lỗi lầm,loi_lam,Dataset/Videos/W02036.mp4,motions/loi_lam/w02036.json,features/loi_lam/w02036.npz,0.4925,3.8038,60
lối đi,loi_i,Dataset/Videos/W02037.mp4,motions/loi_i/w02037.json,features/loi_i/w02037.npz,0.6282,3.7037,60
lông,long,Dataset/Videos/W02039.mp4,motions/long/w02039.json,features/long/w02039.npz,0.6638,3.8705,60
lông gà,long_ga,Dataset/Videos/W02040.mp4,motions/long_ga/w02040.json,features/long_ga/w02040.npz,0.7292,4.004,60
lồng bàn,long_ban,Dataset/Videos/W02041.mp4,motions/long_ban/w02041.json,features/long_ban/w02041.npz,0.6526,3.8705,60
lồng chim,long_chim,Dataset/Videos/W02042.mp4,motions/long_chim/w02042.json,features/long_chim/w02042.npz,0.6473,4.3043,60
lồng tiếng,long_tieng,Dataset/Videos/W02043.mp4,motions/long_tieng/w02043.json,features/long_tieng/w02043.npz,0.9781,7.4408,60
lơ lửng,lo_lung,Dataset/Videos/W02046.mp4,motions/lo_lung/w02046.json,features/lo_lung/w02046.npz,0.6412,4.1708,60
lời giải,loi_giai,Dataset/Videos/W02047.mp4,motions/loi_giai/w02047.json,features/loi_giai/w02047.npz,0.5093,3.4034,60
lời nói,loi_noi,Dataset/Videos/W02048.mp4,motions/loi_noi/w02048.json,features/loi_noi/w02048.npz,0.5111,3.8372,60
lợi ích,loi_ich,Dataset/Videos/W02049.mp4,motions/loi_ich/w02049.json,features/loi_ich/w02049.npz,0.5056,3.9039,60
lớp,lop,Dataset/Videos/W02052.mp4,motions/lop/w02052.json,features/lop/w02052.npz,0.497,3.8372,60
lớp phó,lop_pho,Dataset/Videos/W02055.mp4,motions/lop_pho/w02055.json,features/lop_pho/w02055.npz,0.652,3.7704,60
lớp trưởng,lop_truong,Dataset/Videos/W02057.mp4,motions/lop_truong/w02057.json,features/lop_truong/w02057.npz,0.511,3.5702,60
lũ quét,lu_quet,Dataset/Videos/W02059.mp4,motions/lu_quet/w02059.json,features/lu_quet/w02059.npz,0.5413,4.1375,60
lúa,lua,Dataset/Videos/W02060.mp4,motions/lua/w02060.json,features/lua/w02060.npz,0.6379,3.8038,60
luật chơi,luat_choi,Dataset/Videos/W02064B.mp4,motions/luat_choi/w02064b.json,features/luat_choi/w02064b.npz,0.6807,3.8372,60
luật chơi,luat_choi,Dataset/Videos/W02064N.mp4,motions/luat_choi/w02064n.json,features/luat_choi/w02064n.npz,0.6112,3.7371,60
luật chơi,luat_choi,Dataset/Videos/W02064T.mp4,motions/luat_choi/w02064t.json,features/luat_choi/w02064t.npz,0.6835,3.8372,60
luật lệ,luat_le,Dataset/Videos/W02065.mp4,motions/luat_le/w02065.json,features/luat_le/w02065.npz,0.634,3.7037,60
lúc nào,luc_nao,Dataset/Videos/W02066B.mp4,motions/luc_nao/w02066b.json,features/luc_nao/w02066b.npz,0.6905,3.5035,60
lúc nào,luc_nao,Dataset/Videos/W02066N.mp4,motions/luc_nao/w02066n.json,features/luc_nao/w02066n.npz,0.6537,3.5702,60
lúc nào,luc_nao,Dataset/Videos/W02066T.mp4,motions/luc_nao/w02066t.json,features/luc_nao/w02066t.npz,0.6507,3.5702,60
lục địa,luc_ia,Dataset/Videos/W02067.mp4,motions/luc_ia/w02067.json,features/luc_ia/w02067.npz,0.5967,4.5712,60
lục giác,luc_giac,Dataset/Videos/W02068.mp4,motions/luc_giac/w02068.json,features/luc_giac/w02068.npz,0.7608,3.5369,60
lùi bước,lui_buoc,Dataset/Videos/W02070.mp4,motions/lui_buoc/w02070.json,features/lui_buoc/w02070.npz,0.675,4.0707,60
lúng túng,lung_tung,Dataset/Videos/W02071.mp4,motions/lung_tung/w02071.json,features/lung_tung/w02071.npz,0.6827,4.2042,60
lũy tre,luy_tre,Dataset/Videos/W02073.mp4,motions/luy_tre/w02073.json,features/luy_tre/w02073.npz,0.7123,4.0707,60
luyện tập,luyen_tap,Dataset/Videos/W02074.mp4,motions/luyen_tap/w02074.json,features/luyen_tap/w02074.npz,0.644,4.2042,60
luyện từ và câu,luyen_tu_va_cau,Dataset/Videos/W02075.mp4,motions/luyen_tu_va_cau/w02075.json,features/luyen_tu_va_cau/w02075.npz,0.6832,3.9706,60
lửa,lua,Dataset/Videos/W02076.mp4,motions/lua/w02076.json,features/lua/w02076.npz,0.7416,2.7694,60
lược,luoc,Dataset/Videos/W02077.mp4,motions/luoc/w02077.json,features/luoc/w02077.npz,0.5357,3.0364,60
lười,luoi,Dataset/Videos/W02078B.mp4,motions/luoi/w02078b.json,features/luoi/w02078b.npz,0.7065,3.1031,60
lười,luoi,Dataset/Videos/W02078N.mp4,motions/luoi/w02078n.json,features/luoi/w02078n.npz,0.6191,4.0707,60
lười,luoi,Dataset/Videos/W02078T.mp4,motions/luoi/w02078t.json,features/luoi/w02078t.npz,0.6191,4.0707,60
lười học,luoi_hoc,Dataset/Videos/W02079B.mp4,motions/luoi_hoc/w02079b.json,features/luoi_hoc/w02079b.npz,0.6193,3.5035,60
lười học,luoi_hoc,Dataset/Videos/W02079N.mp4,motions/luoi_hoc/w02079n.json,features/luoi_hoc/w02079n.npz,0.5148,4.6713,60
lười học,luoi_hoc,Dataset/Videos/W02079T.mp4,motions/luoi_hoc/w02079t.json,features/luoi_hoc/w02079t.npz,0.5171,4.6713,60
lưỡi,luoi,Dataset/Videos/W02080.mp4,motions/luoi/w02080.json,features/luoi/w02080.npz,0.5139,3.8372,60
lưỡi câu,luoi_cau,Dataset/Videos/W02081.mp4,motions/luoi_cau/w02081.json,features/luoi_cau/w02081.npz,0.7125,9.5429,60
lưới,luoi,Dataset/Videos/W02083.mp4,motions/luoi/w02083.json,features/luoi/w02083.npz,0.6428,4.0374,60
lượm,luom,Dataset/Videos/W02084.mp4,motions/luom/w02084.json,features/luom/w02084.npz,0.5233,3.003,60
lương thực,luong_thuc,Dataset/Videos/W02090.mp4,motions/luong_thuc/w02090.json,features/luong_thuc/w02090.npz,0.6117,3.9373,60
lướt ván,luot_van,Dataset/Videos/W02091.mp4,motions/luot_van/w02091.json,features/luot_van/w02091.npz,0.6675,4.3377,60
cây thông,cay_thong,Dataset/Videos/W02096.mp4,motions/cay_thong/w02096.json,features/cay_thong/w02096.npz,0.7142,3.8705,60
dự trữ,du_tru,Dataset/Videos/W02097.mp4,motions/du_tru/w02097.json,features/du_tru/w02097.npz,0.7146,3.8372,60
lưu ý,luu_y,Dataset/Videos/W02098.mp4,motions/luu_y/w02098.json,features/luu_y/w02098.npz,0.4644,4.7381,60
lựu,luu,Dataset/Videos/W02099.mp4,motions/luu/w02099.json,features/luu/w02099.npz,0.6777,4.0374,60
lựu đạn,luu_an,Dataset/Videos/W02100.mp4,motions/luu_an/w02100.json,features/luu_an/w02100.npz,0.514,3.637,60
ma,ma,Dataset/Videos/W02104.mp4,motions/ma/w02104.json,features/ma/w02104.npz,0.6493,3.37,60
ma cà rồng,ma_ca_rong,Dataset/Videos/W02105.mp4,motions/ma_ca_rong/w02105.json,features/ma_ca_rong/w02105.npz,0.4893,4.4378,60
ma quỷ,ma_quy,Dataset/Videos/W02106.mp4,motions/ma_quy/w02106.json,features/ma_quy/w02106.npz,0.6816,3.3033,60
ma sát,ma_sat,Dataset/Videos/W02107.mp4,motions/ma_sat/w02107.json,features/ma_sat/w02107.npz,0.6911,3.37,60
ma túy,ma_tuy,Dataset/Videos/W02108.mp4,motions/ma_tuy/w02108.json,features/ma_tuy/w02108.npz,0.6472,3.9039,60
mã vạch,ma_vach,Dataset/Videos/W02109.mp4,motions/ma_vach/w02109.json,features/ma_vach/w02109.npz,0.6043,3.8372,60
má (giống: mẹ),ma_giong_me,Dataset/Videos/W02110.mp4,motions/ma_giong_me/w02110.json,features/ma_giong_me/w02110.npz,0.4794,3.6036,60
mạch lạc,mach_lac,Dataset/Videos/W02112.mp4,motions/mach_lac/w02112.json,features/mach_lac/w02112.npz,0.5232,5.0717,60
mạch máu,mach_mau,Dataset/Videos/W02113.mp4,motions/mach_mau/w02113.json,features/mach_mau/w02113.npz,0.6416,4.8715,60
mái chèo,mai_cheo,Dataset/Videos/W02116.mp4,motions/mai_cheo/w02116.json,features/mai_cheo/w02116.npz,0.6723,4.0707,60
mái hiên,mai_hien,Dataset/Videos/W02117.mp4,motions/mai_hien/w02117.json,features/mai_hien/w02117.npz,0.6312,4.7047,60
mái nhà,mai_nha,Dataset/Videos/W02118.mp4,motions/mai_nha/w02118.json,features/mai_nha/w02118.npz,0.6401,4.9716,60
mái tóc,mai_toc,Dataset/Videos/W02119.mp4,motions/mai_toc/w02119.json,features/mai_toc/w02119.npz,0.5398,4.1708,60
màn,man,Dataset/Videos/W02120B.mp4,motions/man/w02120b.json,features/man/w02120b.npz,0.7172,3.3367,60
màn,man,Dataset/Videos/W02120N.mp4,motions/man/w02120n.json,features/man/w02120n.npz,0.5796,3.637,60
màn,man,Dataset/Videos/W02120T.mp4,motions/man/w02120t.json,features/man/w02120t.npz,0.7776,4.4378,60
mạng lưới,mang_luoi,Dataset/Videos/W02125.mp4,motions/mang_luoi/w02125.json,features/mang_luoi/w02125.npz,0.617,5.2386,60
mạnh bạo (giống: mạnh dạn),manh_bao_giong_manh_dan,Dataset/Videos/W02129.mp4,motions/manh_bao_giong_manh_dan/w02129.json,features/manh_bao_giong_manh_dan/w02129.npz,0.4815,4.2042,60
mạnh mẽ,manh_me,Dataset/Videos/W02131.mp4,motions/manh_me/w02131.json,features/manh_me/w02131.npz,0.6031,3.7704,60
màu cam,mau_cam,Dataset/Videos/W02132.mp4,motions/mau_cam/w02132.json,features/mau_cam/w02132.npz,0.7338,3.1365,60
màu đen,mau_en,Dataset/Videos/W02133B.mp4,motions/mau_en/w02133b.json,features/mau_en/w02133b.npz,0.4637,4.6713,60
màu đỏ,mau_o,Dataset/Videos/W02134.mp4,motions/mau_o/w02134.json,features/mau_o/w02134.npz,0.5286,3.0364,60
màu nâu,mau_nau,Dataset/Videos/W02137B.mp4,motions/mau_nau/w02137b.json,features/mau_nau/w02137b.npz,0.527,3.37,60
màu nâu,mau_nau,Dataset/Videos/W02137N.mp4,motions/mau_nau/w02137n.json,features/mau_nau/w02137n.npz,0.4954,3.8038,60
màu nâu,mau_nau,Dataset/Videos/W02137T.mp4,motions/mau_nau/w02137t.json,features/mau_nau/w02137t.npz,0.4897,3.8038,60
màu nhiệm,mau_nhiem,Dataset/Videos/W02138.mp4,motions/mau_nhiem/w02138.json,features/mau_nhiem/w02138.npz,0.4668,4.2709,60
màu trắng,mau_trang,Dataset/Videos/W02140B.mp4,motions/mau_trang/w02140b.json,features/mau_trang/w02140b.npz,0.5165,2.7361,60
màu trắng,mau_trang,Dataset/Videos/W02140N.mp4,motions/mau_trang/w02140n.json,features/mau_trang/w02140n.npz,0.5236,2.9363,60
màu trắng,mau_trang,Dataset/Videos/W02140T.mp4,motions/mau_trang/w02140t.json,features/mau_trang/w02140t.npz,0.5236,2.9363,60
màu xanh da trời,mau_xanh_da_troi,Dataset/Videos/W02142B.mp4,motions/mau_xanh_da_troi/w02142b.json,features/mau_xanh_da_troi/w02142b.npz,0.5443,2.9029,60
màu xanh da trời,mau_xanh_da_troi,Dataset/Videos/W02142N.mp4,motions/mau_xanh_da_troi/w02142n.json,features/mau_xanh_da_troi/w02142n.npz,0.5526,2.8362,60
màu xanh da trời,mau_xanh_da_troi,Dataset/Videos/W02142T.mp4,motions/mau_xanh_da_troi/w02142t.json,features/mau_xanh_da_troi/w02142t.npz,0.5705,3.7371,60
màu xanh lá cây,mau_xanh_la_cay,Dataset/Videos/W02143B.mp4,motions/mau_xanh_la_cay/w02143b.json,features/mau_xanh_la_cay/w02143b.npz,0.5556,3.2699,60
màu xanh lá cây,mau_xanh_la_cay,Dataset/Videos/W02143N.mp4,motions/mau_xanh_la_cay/w02143n.json,features/mau_xanh_la_cay/w02143n.npz,0.6157,3.8372,60
màu xanh lá cây,mau_xanh_la_cay,Dataset/Videos/W02143T.mp4,motions/mau_xanh_la_cay/w02143t.json,features/mau_xanh_la_cay/w02143t.npz,0.7252,3.6703,60
má,ma,Dataset/Videos/W02144.mp4,motions/ma/w02144.json,features/ma/w02144.npz,0.5325,3.8038,60
máy ảnh,may_anh,Dataset/Videos/W02145.mp4,motions/may_anh/w02145.json,features/may_anh/w02145.npz,0.683,4.0707,60
máy bơm,may_bom,Dataset/Videos/W02146.mp4,motions/may_bom/w02146.json,features/may_bom/w02146.npz,0.6125,4.3377,60
máy chiếu,may_chieu,Dataset/Videos/W02147.mp4,motions/may_chieu/w02147.json,features/may_chieu/w02147.npz,0.7018,3.637,60
máy in,may_in,Dataset/Videos/W02148B.mp4,motions/may_in/w02148b.json,features/may_in/w02148b.npz,0.6722,3.9373,60
máy in,may_in,Dataset/Videos/W02148N.mp4,motions/may_in/w02148n.json,features/may_in/w02148n.npz,0.6052,4.0374,60
máy in,may_in,Dataset/Videos/W02148T.mp4,motions/may_in/w02148t.json,features/may_in/w02148t.npz,0.6052,4.0374,60
máy khâu,may_khau,Dataset/Videos/W02149.mp4,motions/may_khau/w02149.json,features/may_khau/w02149.npz,0.6998,3.9373,60
máy quay,may_quay,Dataset/Videos/W02150.mp4,motions/may_quay/w02150.json,features/may_quay/w02150.npz,0.7002,4.7381,60
máy tính (laptop),may_tinh_laptop,Dataset/Videos/W02151.mp4,motions/may_tinh_laptop/w02151.json,features/may_tinh_laptop/w02151.npz,0.7234,3.1365,60
máy tính bỏ túi,may_tinh_bo_tui,Dataset/Videos/W02152.mp4,motions/may_tinh_bo_tui/w02152.json,features/may_tinh_bo_tui/w02152.npz,0.675,3.8372,60
mắc áo,mac_ao,Dataset/Videos/W02155.mp4,motions/mac_ao/w02155.json,features/mac_ao/w02155.npz,0.6179,3.0364,60
mặc,mac,Dataset/Videos/W02156.mp4,motions/mac/w02156.json,features/mac/w02156.npz,0.766,3.3367,60
mặc kệ,mac_ke,Dataset/Videos/W02159.mp4,motions/mac_ke/w02159.json,features/mac_ke/w02159.npz,0.5154,3.8038,60
mặc quần áo,mac_quan_ao,Dataset/Videos/W02160.mp4,motions/mac_quan_ao/w02160.json,features/mac_quan_ao/w02160.npz,0.9672,3.637,60
mắm,mam,Dataset/Videos/W02161.mp4,motions/mam/w02161.json,features/mam/w02161.npz,0.7607,3.6703,60
măng,mang,Dataset/Videos/W02162.mp4,motions/mang/w02162.json,features/mang/w02162.npz,0.9242,4.004,60
mắng,mang,Dataset/Videos/W02164B.mp4,motions/mang/w02164b.json,features/mang/w02164b.npz,0.5082,3.7704,60
mắng,mang,Dataset/Videos/W02164N.mp4,motions/mang/w02164n.json,features/mang/w02164n.npz,0.5586,2.2356,60
mắng,mang,Dataset/Videos/W02164T.mp4,motions/mang/w02164t.json,features/mang/w02164t.npz,0.5982,3.6703,60
mặt,mat,Dataset/Videos/W02166.mp4,motions/mat/w02166.json,features/mat/w02166.npz,0.815,4.3377,60
mặt đất,mat_at,Dataset/Videos/W02171.mp4,motions/mat_at/w02171.json,features/mat_at/w02171.npz,0.8845,4.0374,60
mặt vuông,mat_vuong,Dataset/Videos/W02172.mp4,motions/mat_vuong/w02172.json,features/mat_vuong/w02172.npz,0.6234,3.1698,60
mặt nạ,mat_na,Dataset/Videos/W02173.mp4,motions/mat_na/w02173.json,features/mat_na/w02173.npz,0.757,3.5702,60
mặt dài,mat_dai,Dataset/Videos/W02175.mp4,motions/mat_dai/w02175.json,features/mat_dai/w02175.npz,0.5583,3.5369,60
mâm cơm,mam_com,Dataset/Videos/W02177.mp4,motions/mam_com/w02177.json,features/mam_com/w02177.npz,0.74,5.1718,60
mâm ngũ quả,mam_ngu_qua,Dataset/Videos/W02178B.mp4,motions/mam_ngu_qua/w02178b.json,features/mam_ngu_qua/w02178b.npz,0.9679,3.0364,60
mâm ngũ quả,mam_ngu_qua,Dataset/Videos/W02178N.mp4,motions/mam_ngu_qua/w02178n.json,features/mam_ngu_qua/w02178n.npz,0.6692,3.7371,60
mâm ngũ quả,mam_ngu_qua,Dataset/Videos/W02178T.mp4,motions/mam_ngu_qua/w02178t.json,features/mam_ngu_qua/w02178t.npz,0.6721,3.7371,60
mầm cây,mam_cay,Dataset/Videos/W02180.mp4,motions/mam_cay/w02180.json,features/mam_cay/w02180.npz,0.766,3.3367,60
mầm non,mam_non,Dataset/Videos/W02181.mp4,motions/mam_non/w02181.json,features/mam_non/w02181.npz,0.798,3.7037,60
mất ngủ,mat_ngu,Dataset/Videos/W02182.mp4,motions/mat_ngu/w02182.json,features/mat_ngu/w02182.npz,0.7961,3.4034,60
mất trí,mat_tri,Dataset/Videos/W02183.mp4,motions/mat_tri/w02183.json,features/mat_tri/w02183.npz,0.7569,3.9706,60
mật khẩu,mat_khau,Dataset/Videos/W02187B.mp4,motions/mat_khau/w02187b.json,features/mat_khau/w02187b.npz,0.7318,3.4368,60
mật khẩu,mat_khau,Dataset/Videos/W02187N.mp4,motions/mat_khau/w02187n.json,features/mat_khau/w02187n.npz,0.7241,2.8695,60
mật khẩu,mat_khau,Dataset/Videos/W02187T.mp4,motions/mat_khau/w02187t.json,features/mat_khau/w02187t.npz,0.7384,5.4721,60
mật ong,mat_ong,Dataset/Videos/W02189.mp4,motions/mat_ong/w02189.json,features/mat_ong/w02189.npz,0.7937,3.8372,60
mẫu số,mau_so,Dataset/Videos/W02191.mp4,motions/mau_so/w02191.json,features/mau_so/w02191.npz,0.7544,4.5045,60
mẫu số bé,mau_so_be,Dataset/Videos/W02192.mp4,motions/mau_so_be/w02192.json,features/mau_so_be/w02192.npz,0.8853,2.2689,60
mẫu số chung,mau_so_chung,Dataset/Videos/W02193.mp4,motions/mau_so_chung/w02193.json,features/mau_so_chung/w02193.npz,0.7175,5.1051,60
mẫu số lớn,mau_so_lon,Dataset/Videos/W02194.mp4,motions/mau_so_lon/w02194.json,features/mau_so_lon/w02194.npz,0.7427,4.004,60
mây,may,Dataset/Videos/W02195.mp4,motions/may/w02195.json,features/may/w02195.npz,0.8711,4.0374,60
mấy giờ?,may_gio,Dataset/Videos/W02196.mp4,motions/may_gio/w02196.json,features/may_gio/w02196.npz,0.6955,4.2376,60
mét (m),met_m,Dataset/Videos/W02197.mp4,motions/met_m/w02197.json,features/met_m/w02197.npz,0.668,3.1031,60
mét khối (m3),met_khoi_m3,Dataset/Videos/W02198.mp4,motions/met_khoi_m3/w02198.json,features/met_khoi_m3/w02198.npz,0.6784,3.1698,60
mét vuông (m2),met_vuong_m2,Dataset/Videos/W02199.mp4,motions/met_vuong_m2/w02199.json,features/met_vuong_m2/w02199.npz,0.7178,3.8038,60
Mexico (nước Mexico),mexico_nuoc_mexico,Dataset/Videos/W02200B.mp4,motions/mexico_nuoc_mexico/w02200b.json,features/mexico_nuoc_mexico/w02200b.npz,0.6977,3.3367,60
Mexico (nước Mexico),mexico_nuoc_mexico,Dataset/Videos/W02200N.mp4,motions/mexico_nuoc_mexico/w02200n.json,features/mexico_nuoc_mexico/w02200n.npz,0.6785,3.1365,60
Mexico (nước Mexico),mexico_nuoc_mexico,Dataset/Videos/W02200T.mp4,motions/mexico_nuoc_mexico/w02200t.json,features/mexico_nuoc_mexico/w02200t.npz,0.675,3.1365,60
mê say (như: say mê),me_say_nhu_say_me,Dataset/Videos/W02202.mp4,motions/me_say_nhu_say_me/w02202.json,features/me_say_nhu_say_me/w02202.npz,0.6105,4.371,60
mê tín,me_tin,Dataset/Videos/W02203.mp4,motions/me_tin/w02203.json,features/me_tin/w02203.npz,0.7841,4.6713,60
mềm mại,mem_mai,Dataset/Videos/W02204.mp4,motions/mem_mai/w02204.json,features/mem_mai/w02204.npz,0.7682,4.3043,60
mênh mông,menh_mong,Dataset/Videos/W02205.mp4,motions/menh_mong/w02205.json,features/menh_mong/w02205.npz,0.8717,3.8038,60
mi-li-mét (mm),mi_li_met_mm,Dataset/Videos/W02208.mp4,motions/mi_li_met_mm/w02208.json,features/mi_li_met_mm/w02208.npz,0.5608,3.7037,60
mĩ thuật,mi_thuat,Dataset/Videos/W02209.mp4,motions/mi_thuat/w02209.json,features/mi_thuat/w02209.npz,0.8138,3.4368,60
miền Bắc Việt Nam,mien_bac_viet_nam,Dataset/Videos/W02211.mp4,motions/mien_bac_viet_nam/w02211.json,features/mien_bac_viet_nam/w02211.npz,0.7679,3.7371,60
miền Nam Việt Nam,mien_nam_viet_nam,Dataset/Videos/W02212.mp4,motions/mien_nam_viet_nam/w02212.json,features/mien_nam_viet_nam/w02212.npz,0.7129,4.004,60
miêu tả,mieu_ta,Dataset/Videos/W02214.mp4,motions/mieu_ta/w02214.json,features/mieu_ta/w02214.npz,0.5923,3.6703,60
minh hoạ,minh_hoa,Dataset/Videos/W02215.mp4,motions/minh_hoa/w02215.json,features/minh_hoa/w02215.npz,0.7011,3.7371,60
khoan (khoan đã),khoan_khoan_a,Dataset/Videos/W02217.mp4,motions/khoan_khoan_a/w02217.json,features/khoan_khoan_a/w02217.npz,0.5827,2.9363,60
móc áo,moc_ao,Dataset/Videos/W02218.mp4,motions/moc_ao/w02218.json,features/moc_ao/w02218.npz,0.7879,3.9373,60
Mặt trời mọc,mat_troi_moc,Dataset/Videos/W02219.mp4,motions/mat_troi_moc/w02219.json,features/mat_troi_moc/w02219.npz,0.8342,3.2699,60
mõm,mom,Dataset/Videos/W02220.mp4,motions/mom/w02220.json,features/mom/w02220.npz,0.5809,3.8038,60
muốn,muon,Dataset/Videos/W02221B.mp4,motions/muon/w02221b.json,features/muon/w02221b.npz,0.5023,4.2709,60
muốn,muon,Dataset/Videos/W02221N.mp4,motions/muon/w02221n.json,features/muon/w02221n.npz,0.5065,3.7371,60
muốn,muon,Dataset/Videos/W02221T.mp4,motions/muon/w02221t.json,features/muon/w02221t.npz,0.5094,3.7371,60
Mặt trời lặn,mat_troi_lan,Dataset/Videos/W02222.mp4,motions/mat_troi_lan/w02222.json,features/mat_troi_lan/w02222.npz,0.7446,4.2042,60
móng chân,mong_chan,Dataset/Videos/W02223.mp4,motions/mong_chan/w02223.json,features/mong_chan/w02223.npz,0.8168,3.6703,60
móng tay,mong_tay,Dataset/Videos/W02225.mp4,motions/mong_tay/w02225.json,features/mong_tay/w02225.npz,0.863,4.0374,60
móng vuốt,mong_vuot,Dataset/Videos/W02226.mp4,motions/mong_vuot/w02226.json,features/mong_vuot/w02226.npz,0.7386,4.6046,60
mô hình,mo_hinh,Dataset/Videos/W02227.mp4,motions/mo_hinh/w02227.json,features/mo_hinh/w02227.npz,0.555,4.3377,60
mồ côi,mo_coi,Dataset/Videos/W02229.mp4,motions/mo_coi/w02229.json,features/mo_coi/w02229.npz,0.7487,3.2366,60
mồ côi cha mẹ,mo_coi_cha_me,Dataset/Videos/W02230.mp4,motions/mo_coi_cha_me/w02230.json,features/mo_coi_cha_me/w02230.npz,0.7621,3.2366,60
mồ hôi,mo_hoi,Dataset/Videos/W02231.mp4,motions/mo_hoi/w02231.json,features/mo_hoi/w02231.npz,0.8175,4.3377,60
mộc nhĩ,moc_nhi,Dataset/Videos/W02234.mp4,motions/moc_nhi/w02234.json,features/moc_nhi/w02234.npz,0.6491,3.7704,60
môi,moi,Dataset/Videos/W02235.mp4,motions/moi/w02235.json,features/moi/w02235.npz,0.6181,4.004,60
môi trường,moi_truong,Dataset/Videos/W02236.mp4,motions/moi_truong/w02236.json,features/moi_truong/w02236.npz,0.7591,3.8705,60
mỗi,moi,Dataset/Videos/W02237.mp4,motions/moi/w02237.json,features/moi/w02237.npz,0.573,3.4034,60
môn Âm nhạc,mon_am_nhac,Dataset/Videos/W02238.mp4,motions/mon_am_nhac/w02238.json,features/mon_am_nhac/w02238.npz,0.7628,4.5712,60
môn Đạo đức,mon_ao_uc,Dataset/Videos/W02239B.mp4,motions/mon_ao_uc/w02239b.json,features/mon_ao_uc/w02239b.npz,0.6347,3.7704,60
môn Đạo đức,mon_ao_uc,Dataset/Videos/W02239N.mp4,motions/mon_ao_uc/w02239n.json,features/mon_ao_uc/w02239n.npz,0.6672,2.7694,60
môn Đạo đức,mon_ao_uc,Dataset/Videos/W02239T.mp4,motions/mon_ao_uc/w02239t.json,features/mon_ao_uc/w02239t.npz,0.6319,3.7704,60
môn Giáo dục công dân,mon_giao_duc_cong_dan,Dataset/Videos/W02240N.mp4,motions/mon_giao_duc_cong_dan/w02240n.json,features/mon_giao_duc_cong_dan/w02240n.npz,0.796,3.1365,60
môn Giáo dục thể chất,mon_giao_duc_the_chat,Dataset/Videos/W02241.mp4,motions/mon_giao_duc_the_chat/w02241.json,features/mon_giao_duc_the_chat/w02241.npz,0.7508,4.004,60
môn Khoa học,mon_khoa_hoc,Dataset/Videos/W02242.mp4,motions/mon_khoa_hoc/w02242.json,features/mon_khoa_hoc/w02242.npz,0.836,3.5035,60
môn Kĩ thuật,mon_ki_thuat,Dataset/Videos/W02243.mp4,motions/mon_ki_thuat/w02243.json,features/mon_ki_thuat/w02243.npz,0.7002,3.4368,60
môn Kĩ thuật,mon_ki_thuat,Dataset/Videos/W02243B.mp4,motions/mon_ki_thuat/w02243b.json,features/mon_ki_thuat/w02243b.npz,0.7394,3.8705,60
môn Kĩ thuật,mon_ki_thuat,Dataset/Videos/W02243N.mp4,motions/mon_ki_thuat/w02243n.json,features/mon_ki_thuat/w02243n.npz,0.6908,3.4368,60
môn Kĩ thuật,mon_ki_thuat,Dataset/Videos/W02243T.mp4,motions/mon_ki_thuat/w02243t.json,features/mon_ki_thuat/w02243t.npz,0.7097,3.4368,60
môn Lịch sử,mon_lich_su,Dataset/Videos/W02244B.mp4,motions/mon_lich_su/w02244b.json,features/mon_lich_su/w02244b.npz,0.6933,4.7381,60
môn Lịch sử,mon_lich_su,Dataset/Videos/W02244N.mp4,motions/mon_lich_su/w02244n.json,features/mon_lich_su/w02244n.npz,0.6865,2.8362,60
môn Lịch sử,mon_lich_su,Dataset/Videos/W02244T.mp4,motions/mon_lich_su/w02244t.json,features/mon_lich_su/w02244t.npz,0.6941,2.8362,60
môn Mĩ thuật,mon_mi_thuat,Dataset/Videos/W02245.mp4,motions/mon_mi_thuat/w02245.json,features/mon_mi_thuat/w02245.npz,0.7225,4.3377,60
môn Ngoại ngữ,mon_ngoai_ngu,Dataset/Videos/W02246.mp4,motions/mon_ngoai_ngu/w02246.json,features/mon_ngoai_ngu/w02246.npz,0.7851,4.0374,60
môn Sinh học,mon_sinh_hoc,Dataset/Videos/W02247.mp4,motions/mon_sinh_hoc/w02247.json,features/mon_sinh_hoc/w02247.npz,0.7308,4.4711,60
môn Tiếng Việt,mon_tieng_viet,Dataset/Videos/W02248.mp4,motions/mon_tieng_viet/w02248.json,features/mon_tieng_viet/w02248.npz,0.852,4.1041,60
môn Tin học và Công nghệ,mon_tin_hoc_va_cong_nghe,Dataset/Videos/W02249.mp4,motions/mon_tin_hoc_va_cong_nghe/w02249.json,features/mon_tin_hoc_va_cong_nghe/w02249.npz,0.8565,3.7037,60
môn Toán,mon_toan,Dataset/Videos/W02250.mp4,motions/mon_toan/w02250.json,features/mon_toan/w02250.npz,0.85,3.9039,60
môn Tự nhiên và Xã hội,mon_tu_nhien_va_xa_hoi,Dataset/Videos/W02251.mp4,motions/mon_tu_nhien_va_xa_hoi/w02251.json,features/mon_tu_nhien_va_xa_hoi/w02251.npz,0.8901,4.5379,60
một cặp,mot_cap,Dataset/Videos/W02252.mp4,motions/mot_cap/w02252.json,features/mot_cap/w02252.npz,0.7511,3.1365,60
một đôi,mot_oi,Dataset/Videos/W02253.mp4,motions/mot_oi/w02253.json,features/mot_oi/w02253.npz,0.6888,3.1365,60
một mình,mot_minh,Dataset/Videos/W02254.mp4,motions/mot_minh/w02254.json,features/mot_minh/w02254.npz,0.7571,3.3033,60
mơ ngủ,mo_ngu,Dataset/Videos/W02255.mp4,motions/mo_ngu/w02255.json,features/mo_ngu/w02255.npz,0.766,3.3367,60
mơ ước,mo_uoc,Dataset/Videos/W02256.mp4,motions/mo_uoc/w02256.json,features/mo_uoc/w02256.npz,0.5816,2.6693,60
mở,mo,Dataset/Videos/W02257.mp4,motions/mo/w02257.json,features/mo/w02257.npz,0.9261,3.6703,60
mở cửa,mo_cua,Dataset/Videos/W02258.mp4,motions/mo_cua/w02258.json,features/mo_cua/w02258.npz,0.96,4.0707,60
mở đầu,mo_au,Dataset/Videos/W02259.mp4,motions/mo_au/w02259.json,features/mo_au/w02259.npz,0.8887,3.6036,60
mở màn,mo_man,Dataset/Videos/W02260.mp4,motions/mo_man/w02260.json,features/mo_man/w02260.npz,0.8983,4.371,60
mở rộng,mo_rong,Dataset/Videos/W02261.mp4,motions/mo_rong/w02261.json,features/mo_rong/w02261.npz,0.9678,4.0374,60
mớ rau,mo_rau,Dataset/Videos/W02262.mp4,motions/mo_rau/w02262.json,features/mo_rau/w02262.npz,0.9798,4.3043,60
mời,moi,Dataset/Videos/W02263.mp4,motions/moi/w02263.json,features/moi/w02263.npz,0.8283,4.1041,60
mới,moi,Dataset/Videos/W02264B.mp4,motions/moi/w02264b.json,features/moi/w02264b.npz,0.678,3.5702,60
mới,moi,Dataset/Videos/W02264N.mp4,motions/moi/w02264n.json,features/moi/w02264n.npz,0.6796,2.3357,60
mới,moi,Dataset/Videos/W02264T.mp4,motions/moi/w02264t.json,features/moi/w02264t.npz,0.6704,2.369,60
mũ lưỡi trai,mu_luoi_trai,Dataset/Videos/W02265.mp4,motions/mu_luoi_trai/w02265.json,features/mu_luoi_trai/w02265.npz,0.9122,3.7037,60
mua bán,mua_ban,Dataset/Videos/W02266.mp4,motions/mua_ban/w02266.json,features/mua_ban/w02266.npz,0.7662,3.8038,60
mua vé,mua_ve,Dataset/Videos/W02267.mp4,motions/mua_ve/w02267.json,features/mua_ve/w02267.npz,0.7802,3.5035,60
mùa đông,mua_ong,Dataset/Videos/W02269.mp4,motions/mua_ong/w02269.json,features/mua_ong/w02269.npz,0.7092,3.8038,60
mùa hè,mua_he,Dataset/Videos/W02270B.mp4,motions/mua_he/w02270b.json,features/mua_he/w02270b.npz,0.5264,3.5035,60
mùa hè,mua_he,Dataset/Videos/W02270N.mp4,motions/mua_he/w02270n.json,features/mua_he/w02270n.npz,0.5814,2.2022,60
mùa hè,mua_he,Dataset/Videos/W02270T.mp4,motions/mua_he/w02270t.json,features/mua_he/w02270t.npz,0.7354,3.7704,60
mùa thu,mua_thu,Dataset/Videos/W02271.mp4,motions/mua_thu/w02271.json,features/mua_thu/w02271.npz,0.6059,4.2376,60
mùa xuân,mua_xuan,Dataset/Videos/W02272B.mp4,motions/mua_xuan/w02272b.json,features/mua_xuan/w02272b.npz,0.6748,5.1385,60
mùa xuân,mua_xuan,Dataset/Videos/W02272N.mp4,motions/mua_xuan/w02272n.json,features/mua_xuan/w02272n.npz,0.6256,3.9706,60
mùa xuân,mua_xuan,Dataset/Videos/W02272T.mp4,motions/mua_xuan/w02272t.json,features/mua_xuan/w02272t.npz,0.6284,3.9706,60
múa rối,mua_roi,Dataset/Videos/W02273.mp4,motions/mua_roi/w02273.json,features/mua_roi/w02273.npz,0.881,3.7371,60
mũ,mu,Dataset/Videos/W02275.mp4,motions/mu/w02275.json,features/mu/w02275.npz,0.7328,3.003,60
múa,mua,Dataset/Videos/W02276.mp4,motions/mua/w02276.json,features/mua/w02276.npz,0.7636,4.4044,60
múa lân,mua_lan,Dataset/Videos/W02277.mp4,motions/mua_lan/w02277.json,features/mua_lan/w02277.npz,0.7013,3.3033,60
múa sạp,mua_sap,Dataset/Videos/W02278.mp4,motions/mua_sap/w02278.json,features/mua_sap/w02278.npz,0.7315,4.6046,60
mục lục,muc_luc,Dataset/Videos/W02279.mp4,motions/muc_luc/w02279.json,features/muc_luc/w02279.npz,0.7324,3.4034,60
mui xe,mui_xe,Dataset/Videos/W02280.mp4,motions/mui_xe/w02280.json,features/mui_xe/w02280.npz,0.6269,4.5045,60
muộn,muon,Dataset/Videos/W02281.mp4,motions/muon/w02281.json,features/muon/w02281.npz,0.5065,3.6036,60
mưa phùn,mua_phun,Dataset/Videos/W02282.mp4,motions/mua_phun/w02282.json,features/mua_phun/w02282.npz,0.6867,3.7037,60
mứt,mut,Dataset/Videos/W02283.mp4,motions/mut/w02283.json,features/mut/w02283.npz,0.6654,3.4034,60
Nam bán cầu,nam_ban_cau,Dataset/Videos/W02284.mp4,motions/nam_ban_cau/w02284.json,features/nam_ban_cau/w02284.npz,0.6689,3.5369,60
Nam Định,nam_inh,Dataset/Videos/W02285.mp4,motions/nam_inh/w02285.json,features/nam_inh/w02285.npz,0.7554,3.2366,60
nạn nhân,nan_nhan,Dataset/Videos/W02289.mp4,motions/nan_nhan/w02289.json,features/nan_nhan/w02289.npz,0.6615,3.2032,60
"náo động, náo nhiệt",nao_ong_nao_nhiet,Dataset/Videos/W02290.mp4,motions/nao_ong_nao_nhiet/w02290.json,features/nao_ong_nao_nhiet/w02290.npz,0.6262,4.004,60
náo nức,nao_nuc,Dataset/Videos/W02291.mp4,motions/nao_nuc/w02291.json,features/nao_nuc/w02291.npz,0.6828,2.7694,60
nạp điện,nap_ien,Dataset/Videos/W02292B.mp4,motions/nap_ien/w02292b.json,features/nap_ien/w02292b.npz,0.6502,3.9373,60
nạp điện,nap_ien,Dataset/Videos/W02292N.mp4,motions/nap_ien/w02292n.json,features/nap_ien/w02292n.npz,0.7449,2.636,60
nạp điện,nap_ien,Dataset/Videos/W02292T.mp4,motions/nap_ien/w02292t.json,features/nap_ien/w02292t.npz,0.7573,2.636,60
năm ngoái,nam_ngoai,Dataset/Videos/W02294.mp4,motions/nam_ngoai/w02294.json,features/nam_ngoai/w02294.npz,0.7239,3.7704,60
nằm,nam,Dataset/Videos/W02295.mp4,motions/nam/w02295.json,features/nam/w02295.npz,0.6304,3.4034,60
nắn nót,nan_not,Dataset/Videos/W02296.mp4,motions/nan_not/w02296.json,features/nan_not/w02296.npz,0.7431,11.1445,60
năng khiếu,nang_khieu,Dataset/Videos/W02297.mp4,motions/nang_khieu/w02297.json,features/nang_khieu/w02297.npz,0.6377,4.0707,60
năng lực,nang_luc,Dataset/Videos/W02298.mp4,motions/nang_luc/w02298.json,features/nang_luc/w02298.npz,0.6041,3.6703,60
nặn,nan,Dataset/Videos/W02300.mp4,motions/nan/w02300.json,features/nan/w02300.npz,0.6605,3.7371,60
nặng hơn,nang_hon,Dataset/Videos/W02301.mp4,motions/nang_hon/w02301.json,features/nang_hon/w02301.npz,0.6818,3.1698,60
nắp,nap,Dataset/Videos/W02302.mp4,motions/nap/w02302.json,features/nap/w02302.npz,0.6937,2.9029,60
nấm,nam,Dataset/Videos/W02303.mp4,motions/nam/w02303.json,features/nam/w02303.npz,0.675,3.3367,60
nẻ,ne,Dataset/Videos/W02304.mp4,motions/ne/w02304.json,features/ne/w02304.npz,0.6779,3.8038,60
nén,nen,Dataset/Videos/W02305.mp4,motions/nen/w02305.json,features/nen/w02305.npz,0.6491,3.7704,60
nét mặt,net_mat,Dataset/Videos/W02311.mp4,motions/net_mat/w02311.json,features/net_mat/w02311.npz,0.535,4.3377,60
nếm,nem,Dataset/Videos/W02321.mp4,motions/nem/w02321.json,features/nem/w02321.npz,0.5229,3.637,60
nền nhà,nen_nha,Dataset/Videos/W02322.mp4,motions/nen_nha/w02322.json,features/nen_nha/w02322.npz,0.6837,3.7371,60
nến,nen,Dataset/Videos/W02323.mp4,motions/nen/w02323.json,features/nen/w02323.npz,0.675,3.5369,60
ngà voi,nga_voi,Dataset/Videos/W02324.mp4,motions/nga_voi/w02324.json,features/nga_voi/w02324.npz,0.6978,3.8038,60
ngã ba,nga_ba,Dataset/Videos/W02325.mp4,motions/nga_ba/w02325.json,features/nga_ba/w02325.npz,0.7065,7.2406,60
ngày khai trường,ngay_khai_truong,Dataset/Videos/W02327B.mp4,motions/ngay_khai_truong/w02327b.json,features/ngay_khai_truong/w02327b.npz,0.8533,4.8048,60
ngày Nhà giáo Việt nam,ngay_nha_giao_viet_nam,Dataset/Videos/W02328N.mp4,motions/ngay_nha_giao_viet_nam/w02328n.json,features/ngay_nha_giao_viet_nam/w02328n.npz,0.6358,3.8705,60
ngày Nhà giáo Việt nam,ngay_nha_giao_viet_nam,Dataset/Videos/W02328T.mp4,motions/ngay_nha_giao_viet_nam/w02328t.json,features/ngay_nha_giao_viet_nam/w02328t.npz,0.9795,6.3397,60
ngày tháng,ngay_thang,Dataset/Videos/W02329B.mp4,motions/ngay_thang/w02329b.json,features/ngay_thang/w02329b.npz,0.7085,4.2042,60
ngày tháng,ngay_thang,Dataset/Videos/W02329N.mp4,motions/ngay_thang/w02329n.json,features/ngay_thang/w02329n.npz,0.634,3.9706,60
ngày tháng,ngay_thang,Dataset/Videos/W02329T.mp4,motions/ngay_thang/w02329t.json,features/ngay_thang/w02329t.npz,0.7147,4.638,60
ngã,nga,Dataset/Videos/W02330.mp4,motions/nga/w02330.json,features/nga/w02330.npz,0.7341,2.9363,60
ngạc nhiên,ngac_nhien,Dataset/Videos/W02332.mp4,motions/ngac_nhien/w02332.json,features/ngac_nhien/w02332.npz,0.6899,2.9029,60
ngành nghề,nganh_nghe,Dataset/Videos/W02333.mp4,motions/nganh_nghe/w02333.json,features/nganh_nghe/w02333.npz,0.6464,4.1708,60
ngày đêm,ngay_em,Dataset/Videos/W02334.mp4,motions/ngay_em/w02334.json,features/ngay_em/w02334.npz,0.7776,3.8038,60
ngày nay,ngay_nay,Dataset/Videos/W02336B.mp4,motions/ngay_nay/w02336b.json,features/ngay_nay/w02336b.npz,0.6803,4.1041,60
ngày nay,ngay_nay,Dataset/Videos/W02336N.mp4,motions/ngay_nay/w02336n.json,features/ngay_nay/w02336n.npz,0.6087,3.4368,60
ngày nay,ngay_nay,Dataset/Videos/W02336T.mp4,motions/ngay_nay/w02336t.json,features/ngay_nay/w02336t.npz,0.6837,2.5025,60
ngày Quốc tế Lao động,ngay_quoc_te_lao_ong,Dataset/Videos/W02337B.mp4,motions/ngay_quoc_te_lao_ong/w02337b.json,features/ngay_quoc_te_lao_ong/w02337b.npz,0.7224,4.8048,60
ngày Quốc tế Lao động,ngay_quoc_te_lao_ong,Dataset/Videos/W02337N.mp4,motions/ngay_quoc_te_lao_ong/w02337n.json,features/ngay_quoc_te_lao_ong/w02337n.npz,0.6042,5.9726,60
ngày Quốc tế Lao động,ngay_quoc_te_lao_ong,Dataset/Videos/W02337T.mp4,motions/ngay_quoc_te_lao_ong/w02337t.json,features/ngay_quoc_te_lao_ong/w02337t.npz,0.8929,5.7724,60
ngày sinh,ngay_sinh,Dataset/Videos/W02338B.mp4,motions/ngay_sinh/w02338b.json,features/ngay_sinh/w02338b.npz,0.66,4.3377,60
ngày sinh,ngay_sinh,Dataset/Videos/W02338N.mp4,motions/ngay_sinh/w02338n.json,features/ngay_sinh/w02338n.npz,0.7419,2.2689,60
ngày sinh,ngay_sinh,Dataset/Videos/W02338T.mp4,motions/ngay_sinh/w02338t.json,features/ngay_sinh/w02338t.npz,0.9478,4.5712,60
ngày xưa,ngay_xua,Dataset/Videos/W02339.mp4,motions/ngay_xua/w02339.json,features/ngay_xua/w02339.npz,0.6379,3.8038,60
ngăn cản,ngan_can,Dataset/Videos/W02340.mp4,motions/ngan_can/w02340.json,features/ngan_can/w02340.npz,0.6683,6.4731,60
ngăn chặn,ngan_chan,Dataset/Videos/W02342.mp4,motions/ngan_chan/w02342.json,features/ngan_chan/w02342.npz,0.6628,7.1071,60
ngắn,ngan,Dataset/Videos/W02343.mp4,motions/ngan/w02343.json,features/ngan/w02343.npz,0.6837,3.7371,60
ngắn nhất,ngan_nhat,Dataset/Videos/W02344.mp4,motions/ngan_nhat/w02344.json,features/ngan_nhat/w02344.npz,0.6655,3.4368,60
ngắt hoa,ngat_hoa,Dataset/Videos/W02345B.mp4,motions/ngat_hoa/w02345b.json,features/ngat_hoa/w02345b.npz,0.6496,3.8372,60
ngắt hoa,ngat_hoa,Dataset/Videos/W02345N.mp4,motions/ngat_hoa/w02345n.json,features/ngat_hoa/w02345n.npz,0.7644,2.6693,60
ngâm hạt,ngam_hat,Dataset/Videos/W02346.mp4,motions/ngam_hat/w02346.json,features/ngam_hat/w02346.npz,0.6078,3.8705,60
ngân hàng,ngan_hang,Dataset/Videos/W02348.mp4,motions/ngan_hang/w02348.json,features/ngan_hang/w02348.npz,0.6409,4.1375,60
ngẩng đầu,ngang_au,Dataset/Videos/W02349.mp4,motions/ngang_au/w02349.json,features/ngang_au/w02349.npz,0.5312,3.7704,60
ngập lụt,ngap_lut,Dataset/Videos/W02350.mp4,motions/ngap_lut/w02350.json,features/ngap_lut/w02350.npz,0.7192,4.1708,60
ngây thơ,ngay_tho,Dataset/Videos/W02352.mp4,motions/ngay_tho/w02352.json,features/ngay_tho/w02352.npz,0.6652,5.5055,60
nghe,nghe,Dataset/Videos/W02353.mp4,motions/nghe/w02353.json,features/nghe/w02353.npz,0.5199,4.4044,60
nghé,nghe,Dataset/Videos/W02354B.mp4,motions/nghe/w02354b.json,features/nghe/w02354b.npz,0.7091,4.1375,60
nghé,nghe,Dataset/Videos/W02354N.mp4,motions/nghe/w02354n.json,features/nghe/w02354n.npz,0.752,2.5359,60
nghé,nghe,Dataset/Videos/W02354T.mp4,motions/nghe/w02354t.json,features/nghe/w02354t.npz,0.752,2.5359,60
nghẹn ngào,nghen_ngao,Dataset/Videos/W02355.mp4,motions/nghen_ngao/w02355.json,features/nghen_ngao/w02355.npz,0.5709,5.1051,60
nghệ sĩ,nghe_si,Dataset/Videos/W02356.mp4,motions/nghe_si/w02356.json,features/nghe_si/w02356.npz,0.9211,3.4368,60
nghệ thuật,nghe_thuat,Dataset/Videos/W02357B.mp4,motions/nghe_thuat/w02357b.json,features/nghe_thuat/w02357b.npz,0.6455,3.6703,60
nghệ thuật,nghe_thuat,Dataset/Videos/W02357N.mp4,motions/nghe_thuat/w02357n.json,features/nghe_thuat/w02357n.npz,0.7573,2.5025,60
nghệ thuật,nghe_thuat,Dataset/Videos/W02357T.mp4,motions/nghe_thuat/w02357t.json,features/nghe_thuat/w02357t.npz,0.753,2.5025,60
nghi ngờ,nghi_ngo,Dataset/Videos/W02359B.mp4,motions/nghi_ngo/w02359b.json,features/nghi_ngo/w02359b.npz,0.5589,3.7371,60
nghi ngờ,nghi_ngo,Dataset/Videos/W02359N.mp4,motions/nghi_ngo/w02359n.json,features/nghi_ngo/w02359n.npz,0.5184,3.6703,60
nghi ngờ,nghi_ngo,Dataset/Videos/W02359T.mp4,motions/nghi_ngo/w02359t.json,features/nghi_ngo/w02359t.npz,0.5155,3.6703,60
nghỉ hè,nghi_he,Dataset/Videos/W02360B.mp4,motions/nghi_he/w02360b.json,features/nghi_he/w02360b.npz,0.5052,4.4711,60
nghỉ hè,nghi_he,Dataset/Videos/W02360N.mp4,motions/nghi_he/w02360n.json,features/nghi_he/w02360n.npz,0.7859,2.8362,60
nghỉ hè,nghi_he,Dataset/Videos/W02360T.mp4,motions/nghi_he/w02360t.json,features/nghi_he/w02360t.npz,0.9556,3.9039,60
nghỉ học,nghi_hoc,Dataset/Videos/W02361B.mp4,motions/nghi_hoc/w02361b.json,features/nghi_hoc/w02361b.npz,0.5938,3.3367,60
nghỉ học,nghi_hoc,Dataset/Videos/W02361N.mp4,motions/nghi_hoc/w02361n.json,features/nghi_hoc/w02361n.npz,0.6831,2.6693,60
nghỉ học,nghi_hoc,Dataset/Videos/W02361T.mp4,motions/nghi_hoc/w02361t.json,features/nghi_hoc/w02361t.npz,0.5905,3.3367,60
nghỉ hưu,nghi_huu,Dataset/Videos/W02362.mp4,motions/nghi_huu/w02362.json,features/nghi_huu/w02362.npz,0.6872,4.4378,60
nghỉ mát,nghi_mat,Dataset/Videos/W02363.mp4,motions/nghi_mat/w02363.json,features/nghi_mat/w02363.npz,0.5257,4.5045,60
nghỉ ngơi,nghi_ngoi,Dataset/Videos/W02364.mp4,motions/nghi_ngoi/w02364.json,features/nghi_ngoi/w02364.npz,0.7013,4.5379,60
nghĩa đen,nghia_en,Dataset/Videos/W02366.mp4,motions/nghia_en/w02366.json,features/nghia_en/w02366.npz,0.6408,3.8038,60
nghiên cứu,nghien_cuu,Dataset/Videos/W02367.mp4,motions/nghien_cuu/w02367.json,features/nghien_cuu/w02367.npz,0.6935,4.1041,60
nghĩ,nghi,Dataset/Videos/W02368.mp4,motions/nghi/w02368.json,features/nghi/w02368.npz,0.5294,4.1708,60
nghị lực,nghi_luc,Dataset/Videos/W02369.mp4,motions/nghi_luc/w02369.json,features/nghi_luc/w02369.npz,0.6213,3.637,60
nghĩa bóng,nghia_bong,Dataset/Videos/W02370.mp4,motions/nghia_bong/w02370.json,features/nghia_bong/w02370.npz,0.6204,4.1708,60
nghĩa trang,nghia_trang,Dataset/Videos/W02371.mp4,motions/nghia_trang/w02371.json,features/nghia_trang/w02371.npz,0.6234,3.5702,60
nghiêm khắc,nghiem_khac,Dataset/Videos/W02373B.mp4,motions/nghiem_khac/w02373b.json,features/nghiem_khac/w02373b.npz,0.5306,3.003,60
nghiêm khắc,nghiem_khac,Dataset/Videos/W02373N.mp4,motions/nghiem_khac/w02373n.json,features/nghiem_khac/w02373n.npz,0.6385,2.9696,60
nghiêm khắc,nghiem_khac,Dataset/Videos/W02373T.mp4,motions/nghiem_khac/w02373t.json,features/nghiem_khac/w02373t.npz,0.6312,2.9696,60
nghiêm túc,nghiem_tuc,Dataset/Videos/W02374.mp4,motions/nghiem_tuc/w02374.json,features/nghiem_tuc/w02374.npz,0.5113,4.7047,60
nghiến răng,nghien_rang,Dataset/Videos/W02375.mp4,motions/nghien_rang/w02375.json,features/nghien_rang/w02375.npz,0.5645,5.1051,60
ngoại hình,ngoai_hinh,Dataset/Videos/W02378.mp4,motions/ngoai_hinh/w02378.json,features/ngoai_hinh/w02378.npz,0.6859,3.9706,60
xâm hại tình dục,xam_hai_tinh_duc,Dataset/Videos/W02380.mp4,motions/xam_hai_tinh_duc/w02380.json,features/xam_hai_tinh_duc/w02380.npz,0.8961,3.2366,60
ngoan ngoãn,ngoan_ngoan,Dataset/Videos/W02381.mp4,motions/ngoan_ngoan/w02381.json,features/ngoan_ngoan/w02381.npz,0.5432,4.9383,60
ngoắc tay,ngoac_tay,Dataset/Videos/W02382.mp4,motions/ngoac_tay/w02382.json,features/ngoac_tay/w02382.npz,0.701,4.1708,60
ngoặc đơn,ngoac_on,Dataset/Videos/W02383.mp4,motions/ngoac_on/w02383.json,features/ngoac_on/w02383.npz,0.6221,4.3043,60
ngoặc kép,ngoac_kep,Dataset/Videos/W02384.mp4,motions/ngoac_kep/w02384.json,features/ngoac_kep/w02384.npz,0.6038,4.5712,60
ngoằn ngoèo,ngoan_ngoeo,Dataset/Videos/W02385.mp4,motions/ngoan_ngoeo/w02385.json,features/ngoan_ngoeo/w02385.npz,0.6201,4.9383,60
ngói,ngoi,Dataset/Videos/W02387.mp4,motions/ngoi/w02387.json,features/ngoi/w02387.npz,0.6773,4.638,60
ngon giấc,ngon_giac,Dataset/Videos/W02388.mp4,motions/ngon_giac/w02388.json,features/ngon_giac/w02388.npz,0.5248,5.2719,60
ngon miệng,ngon_mieng,Dataset/Videos/W02390.mp4,motions/ngon_mieng/w02390.json,features/ngon_mieng/w02390.npz,0.4977,3.6703,60
ngõ,ngo,Dataset/Videos/W02391.mp4,motions/ngo/w02391.json,features/ngo/w02391.npz,0.5051,4.4044,60
ngón chân,ngon_chan,Dataset/Videos/W02392.mp4,motions/ngon_chan/w02392.json,features/ngon_chan/w02392.npz,0.7018,3.637,60
ngón tay,ngon_tay,Dataset/Videos/W02393.mp4,motions/ngon_tay/w02393.json,features/ngon_tay/w02393.npz,0.7129,4.004,60
ngọn cây,ngon_cay,Dataset/Videos/W02394B.mp4,motions/ngon_cay/w02394b.json,features/ngon_cay/w02394b.npz,0.7427,4.004,60
ngọn cây,ngon_cay,Dataset/Videos/W02394N.mp4,motions/ngon_cay/w02394n.json,features/ngon_cay/w02394n.npz,0.8155,2.4691,60
ngọn cây,ngon_cay,Dataset/Videos/W02394T.mp4,motions/ngon_cay/w02394t.json,features/ngon_cay/w02394t.npz,0.8155,2.4691,60
ngô,ngo,Dataset/Videos/W02395N.mp4,motions/ngo/w02395n.json,features/ngo/w02395n.npz,0.605,2.1688,60
ngô,ngo,Dataset/Videos/W02395T.mp4,motions/ngo/w02395t.json,features/ngo/w02395t.npz,0.6,2.1688,60
ngộ độc,ngo_oc,Dataset/Videos/W02398.mp4,motions/ngo_oc/w02398.json,features/ngo_oc/w02398.npz,0.5505,3.5702,60
ngộ nghĩnh,ngo_nghinh,Dataset/Videos/W02399.mp4,motions/ngo_nghinh/w02399.json,features/ngo_nghinh/w02399.npz,0.4704,5.6723,60
ngồi,ngoi,Dataset/Videos/W02400B.mp4,motions/ngoi/w02400b.json,features/ngoi/w02400b.npz,0.7024,3.1698,60
ngồi,ngoi,Dataset/Videos/W02400N.mp4,motions/ngoi/w02400n.json,features/ngoi/w02400n.npz,0.7897,2.2689,60
ngồi,ngoi,Dataset/Videos/W02400T.mp4,motions/ngoi/w02400t.json,features/ngoi/w02400t.npz,0.7024,3.1698,60
ngôn ngữ,ngon_ngu,Dataset/Videos/W02401.mp4,motions/ngon_ngu/w02401.json,features/ngon_ngu/w02401.npz,0.6452,3.637,60
ngũ quả,ngu_qua,Dataset/Videos/W02402B.mp4,motions/ngu_qua/w02402b.json,features/ngu_qua/w02402b.npz,0.7329,3.37,60
ngũ quả,ngu_qua,Dataset/Videos/W02402N.mp4,motions/ngu_qua/w02402n.json,features/ngu_qua/w02402n.npz,0.7053,3.9373,60
ngũ quả,ngu_qua,Dataset/Videos/W02402T.mp4,motions/ngu_qua/w02402t.json,features/ngu_qua/w02402t.npz,0.7025,3.9373,60
nguệch ngoạc,nguech_ngoac,Dataset/Videos/W02403.mp4,motions/nguech_ngoac/w02403.json,features/nguech_ngoac/w02403.npz,0.6224,3.5035,60
nguồn gốc,nguon_goc,Dataset/Videos/W02404.mp4,motions/nguon_goc/w02404.json,features/nguon_goc/w02404.npz,0.6332,3.37,60
nguy hiểm,nguy_hiem,Dataset/Videos/W02405B.mp4,motions/nguy_hiem/w02405b.json,features/nguy_hiem/w02405b.npz,0.5551,3.4368,60
nguy hiểm,nguy_hiem,Dataset/Videos/W02405N.mp4,motions/nguy_hiem/w02405n.json,features/nguy_hiem/w02405n.npz,0.6072,3.8372,60
nguy hiểm,nguy_hiem,Dataset/Videos/W02405T.mp4,motions/nguy_hiem/w02405t.json,features/nguy_hiem/w02405t.npz,0.61,3.8372,60
nguyên nhân,nguyen_nhan,Dataset/Videos/W02407B.mp4,motions/nguyen_nhan/w02407b.json,features/nguyen_nhan/w02407b.npz,0.7168,3.37,60
nguyện vọng,nguyen_vong,Dataset/Videos/W02418.mp4,motions/nguyen_vong/w02418.json,features/nguyen_vong/w02418.npz,0.475,4.7714,60
ngữ điệu,ngu_ieu,Dataset/Videos/W02421.mp4,motions/ngu_ieu/w02421.json,features/ngu_ieu/w02421.npz,0.5946,3.2366,60
ngước nhìn,nguoc_nhin,Dataset/Videos/W02422.mp4,motions/nguoc_nhin/w02422.json,features/nguoc_nhin/w02422.npz,0.5136,5.0384,60
ngược đãi,nguoc_ai,Dataset/Videos/W02423.mp4,motions/nguoc_ai/w02423.json,features/nguoc_ai/w02423.npz,0.6355,3.5702,60
ngược lại,nguoc_lai,Dataset/Videos/W02424.mp4,motions/nguoc_lai/w02424.json,features/nguoc_lai/w02424.npz,0.5511,4.638,60
người bán hàng,nguoi_ban_hang,Dataset/Videos/W02426.mp4,motions/nguoi_ban_hang/w02426.json,features/nguoi_ban_hang/w02426.npz,0.6302,4.8382,60
người gửi,nguoi_gui,Dataset/Videos/W02428.mp4,motions/nguoi_gui/w02428.json,features/nguoi_gui/w02428.npz,0.6422,4.3043,60
người lái xe (ô tô),nguoi_lai_xe_o_to,Dataset/Videos/W02430B.mp4,motions/nguoi_lai_xe_o_to/w02430b.json,features/nguoi_lai_xe_o_to/w02430b.npz,0.7507,3.4368,60
người lái xe (ô tô),nguoi_lai_xe_o_to,Dataset/Videos/W02430N.mp4,motions/nguoi_lai_xe_o_to/w02430n.json,features/nguoi_lai_xe_o_to/w02430n.npz,0.669,3.6036,60
người lái xe (ô tô),nguoi_lai_xe_o_to,Dataset/Videos/W02430T.mp4,motions/nguoi_lai_xe_o_to/w02430t.json,features/nguoi_lai_xe_o_to/w02430t.npz,0.669,3.6036,60
người lạ,nguoi_la,Dataset/Videos/W02431.mp4,motions/nguoi_la/w02431.json,features/nguoi_la/w02431.npz,0.4918,3.6703,60
người máy,nguoi_may,Dataset/Videos/W02432.mp4,motions/nguoi_may/w02432.json,features/nguoi_may/w02432.npz,0.5677,3.637,60
người nhận,nguoi_nhan,Dataset/Videos/W02433.mp4,motions/nguoi_nhan/w02433.json,features/nguoi_nhan/w02433.npz,0.6073,4.004,60
người quen,nguoi_quen,Dataset/Videos/W02435B.mp4,motions/nguoi_quen/w02435b.json,features/nguoi_quen/w02435b.npz,0.545,3.8372,60
người quen,nguoi_quen,Dataset/Videos/W02435N.mp4,motions/nguoi_quen/w02435n.json,features/nguoi_quen/w02435n.npz,0.5565,2.8362,60
người quen,nguoi_quen,Dataset/Videos/W02435T.mp4,motions/nguoi_quen/w02435t.json,features/nguoi_quen/w02435t.npz,0.5488,2.8362,60
người xấu,nguoi_xau,Dataset/Videos/W02437B.mp4,motions/nguoi_xau/w02437b.json,features/nguoi_xau/w02437b.npz,0.5197,3.7704,60
người xấu,nguoi_xau,Dataset/Videos/W02437N.mp4,motions/nguoi_xau/w02437n.json,features/nguoi_xau/w02437n.npz,0.55,3.0364,60
người xấu,nguoi_xau,Dataset/Videos/W02437T.mp4,motions/nguoi_xau/w02437t.json,features/nguoi_xau/w02437t.npz,0.5536,3.0364,60
người xưa,nguoi_xua,Dataset/Videos/W02438B.mp4,motions/nguoi_xua/w02438b.json,features/nguoi_xua/w02438b.npz,0.5738,3.5369,60
người xưa,nguoi_xua,Dataset/Videos/W02438N.mp4,motions/nguoi_xua/w02438n.json,features/nguoi_xua/w02438n.npz,0.7018,2.8362,60
người xưa,nguoi_xua,Dataset/Videos/W02438T.mp4,motions/nguoi_xua/w02438t.json,features/nguoi_xua/w02438t.npz,0.9042,5.2052,60
người yêu,nguoi_yeu,Dataset/Videos/W02439B.mp4,motions/nguoi_yeu/w02439b.json,features/nguoi_yeu/w02439b.npz,0.5349,6.0394,60
người yêu,nguoi_yeu,Dataset/Videos/W02439N.mp4,motions/nguoi_yeu/w02439n.json,features/nguoi_yeu/w02439n.npz,0.5828,2.4691,60
người yêu,nguoi_yeu,Dataset/Videos/W02439T.mp4,motions/nguoi_yeu/w02439t.json,features/nguoi_yeu/w02439t.npz,0.9813,3.4701,60
ngưỡng mộ,nguong_mo,Dataset/Videos/W02440.mp4,motions/nguong_mo/w02440.json,features/nguong_mo/w02440.npz,0.5139,3.9039,60
nhà bác học,nha_bac_hoc,Dataset/Videos/W02441.mp4,motions/nha_bac_hoc/w02441.json,features/nha_bac_hoc/w02441.npz,0.5782,4.371,60
nhà cửa,nha_cua,Dataset/Videos/W02443.mp4,motions/nha_cua/w02443.json,features/nha_cua/w02443.npz,0.606,3.7704,60
nhà sàn,nha_san,Dataset/Videos/W02447.mp4,motions/nha_san/w02447.json,features/nha_san/w02447.npz,0.6159,4.0374,60
nhà tầng,nha_tang,Dataset/Videos/W02448.mp4,motions/nha_tang/w02448.json,features/nha_tang/w02448.npz,0.5825,4.1041,60
nhà thơ,nha_tho,Dataset/Videos/W02449.mp4,motions/nha_tho/w02449.json,features/nha_tho/w02449.npz,0.6978,3.8038,60
nhà thờ,nha_tho,Dataset/Videos/W02450.mp4,motions/nha_tho/w02450.json,features/nha_tho/w02450.npz,0.6255,5.0384,60
nhà thờ Đức Bà,nha_tho_uc_ba,Dataset/Videos/W02451.mp4,motions/nha_tho_uc_ba/w02451.json,features/nha_tho_uc_ba/w02451.npz,0.6552,4.371,60
nhà toán học,nha_toan_hoc,Dataset/Videos/W02453.mp4,motions/nha_toan_hoc/w02453.json,features/nha_toan_hoc/w02453.npz,0.5938,4.2709,60
nhà trường,nha_truong,Dataset/Videos/W02455B.mp4,motions/nha_truong/w02455b.json,features/nha_truong/w02455b.npz,0.6462,3.7704,60
nhà trường,nha_truong,Dataset/Videos/W02455N.mp4,motions/nha_truong/w02455n.json,features/nha_truong/w02455n.npz,0.625,3.4701,60
nhà trường,nha_truong,Dataset/Videos/W02455T.mp4,motions/nha_truong/w02455t.json,features/nha_truong/w02455t.npz,0.625,3.4701,60
nhà tù,nha_tu,Dataset/Videos/W02456.mp4,motions/nha_tu/w02456.json,features/nha_tu/w02456.npz,0.6141,3.7371,60
nhãn vở,nhan_vo,Dataset/Videos/W02461B.mp4,motions/nhan_vo/w02461b.json,features/nhan_vo/w02461b.npz,0.7991,3.6703,60
nhãn vở,nhan_vo,Dataset/Videos/W02461N.mp4,motions/nhan_vo/w02461n.json,features/nhan_vo/w02461n.npz,0.8967,5.0384,60
nhãn vở,nhan_vo,Dataset/Videos/W02461T.mp4,motions/nhan_vo/w02461t.json,features/nhan_vo/w02461t.npz,0.9611,4.7381,60
nhanh nhẹn,nhanh_nhen,Dataset/Videos/W02462.mp4,motions/nhanh_nhen/w02462.json,features/nhanh_nhen/w02462.npz,0.6368,3.4034,60
nhào lộn,nhao_lon,Dataset/Videos/W02463.mp4,motions/nhao_lon/w02463.json,features/nhao_lon/w02463.npz,0.6492,4.2042,60
nhát gan,nhat_gan,Dataset/Videos/W02464.mp4,motions/nhat_gan/w02464.json,features/nhat_gan/w02464.npz,0.6579,3.1698,60
nhảy cao,nhay_cao,Dataset/Videos/W02465.mp4,motions/nhay_cao/w02465.json,features/nhay_cao/w02465.npz,0.5578,4.0707,60
nhảy dù,nhay_du,Dataset/Videos/W02466.mp4,motions/nhay_du/w02466.json,features/nhay_du/w02466.npz,0.6286,5.6056,60
nhảy múa,nhay_mua,Dataset/Videos/W02467.mp4,motions/nhay_mua/w02467.json,features/nhay_mua/w02467.npz,0.5709,4.2709,60
nháy mắt,nhay_mat,Dataset/Videos/W02468.mp4,motions/nhay_mat/w02468.json,features/nhay_mat/w02468.npz,0.8917,3.003,60
nhạy cảm,nhay_cam,Dataset/Videos/W02469.mp4,motions/nhay_cam/w02469.json,features/nhay_cam/w02469.npz,0.4632,4.3043,60
nhắc nhở,nhac_nho,Dataset/Videos/W02470.mp4,motions/nhac_nho/w02470.json,features/nhac_nho/w02470.npz,0.488,3.5369,60
nhăn mặt,nhan_mat,Dataset/Videos/W02471.mp4,motions/nhan_mat/w02471.json,features/nhan_mat/w02471.npz,0.9209,5.0717,60
nhặt rau,nhat_rau,Dataset/Videos/W02472.mp4,motions/nhat_rau/w02472.json,features/nhat_rau/w02472.npz,0.9145,3.8038,60
nhân (Toán học),nhan_toan_hoc,Dataset/Videos/W02473B.mp4,motions/nhan_toan_hoc/w02473b.json,features/nhan_toan_hoc/w02473b.npz,0.7417,2.6026,60
nhân (Toán học),nhan_toan_hoc,Dataset/Videos/W02473N.mp4,motions/nhan_toan_hoc/w02473n.json,features/nhan_toan_hoc/w02473n.npz,0.6958,2.6026,60
nhân (Toán học),nhan_toan_hoc,Dataset/Videos/W02473T.mp4,motions/nhan_toan_hoc/w02473t.json,features/nhan_toan_hoc/w02473t.npz,0.6958,2.6026,60
nhân cách hoá,nhan_cach_hoa,Dataset/Videos/W02476.mp4,motions/nhan_cach_hoa/w02476.json,features/nhan_cach_hoa/w02476.npz,0.5975,4.0707,60
nhân chứng,nhan_chung,Dataset/Videos/W02477.mp4,motions/nhan_chung/w02477.json,features/nhan_chung/w02477.npz,0.8428,5.1051,60
nhân dân,nhan_dan,Dataset/Videos/W02478.mp4,motions/nhan_dan/w02478.json,features/nhan_dan/w02478.npz,0.8668,4.0707,60
nhân hậu,nhan_hau,Dataset/Videos/W02479B.mp4,motions/nhan_hau/w02479b.json,features/nhan_hau/w02479b.npz,0.9468,3.6703,60
nhân hậu,nhan_hau,Dataset/Videos/W02479N.mp4,motions/nhan_hau/w02479n.json,features/nhan_hau/w02479n.npz,0.5086,2.8028,60
nhân hậu,nhan_hau,Dataset/Videos/W02479T.mp4,motions/nhan_hau/w02479t.json,features/nhan_hau/w02479t.npz,0.5086,2.8028,60
nhân vật,nhan_vat,Dataset/Videos/W02481.mp4,motions/nhan_vat/w02481.json,features/nhan_vat/w02481.npz,0.9046,3.637,60
nhận hàng,nhan_hang,Dataset/Videos/W02483.mp4,motions/nhan_hang/w02483.json,features/nhan_hang/w02483.npz,0.9543,4.5045,60
nhận,nhan,Dataset/Videos/W02485.mp4,motions/nhan/w02485.json,features/nhan/w02485.npz,0.9274,2.8362,60
nhận thức,nhan_thuc,Dataset/Videos/W02486.mp4,motions/nhan_thuc/w02486.json,features/nhan_thuc/w02486.npz,0.8997,3.1365,60
nhận xét,nhan_xet,Dataset/Videos/W02487.mp4,motions/nhan_xet/w02487.json,features/nhan_xet/w02487.npz,0.9194,4.3043,60
nhấp nháy,nhap_nhay,Dataset/Videos/W02488.mp4,motions/nhap_nhay/w02488.json,features/nhap_nhay/w02488.npz,0.9181,4.5045,60
nhập trường,nhap_truong,Dataset/Videos/W02490B.mp4,motions/nhap_truong/w02490b.json,features/nhap_truong/w02490b.npz,0.74,3.5035,60
nhập trường,nhap_truong,Dataset/Videos/W02490N.mp4,motions/nhap_truong/w02490n.json,features/nhap_truong/w02490n.npz,0.7926,3.1365,60
nhập trường,nhap_truong,Dataset/Videos/W02490T.mp4,motions/nhap_truong/w02490t.json,features/nhap_truong/w02490t.npz,0.7787,3.1365,60
Nhật (nước Nhật),nhat_nuoc_nhat,Dataset/Videos/W02492B.mp4,motions/nhat_nuoc_nhat/w02492b.json,features/nhat_nuoc_nhat/w02492b.npz,0.6293,4.2709,60
Nhật (nước Nhật),nhat_nuoc_nhat,Dataset/Videos/W02492N.mp4,motions/nhat_nuoc_nhat/w02492n.json,features/nhat_nuoc_nhat/w02492n.npz,0.585,2.1688,60
Nhật (nước Nhật),nhat_nuoc_nhat,Dataset/Videos/W02492T.mp4,motions/nhat_nuoc_nhat/w02492t.json,features/nhat_nuoc_nhat/w02492t.npz,0.6344,4.2709,60
nhẹ hơn,nhe_hon,Dataset/Videos/W02493.mp4,motions/nhe_hon/w02493.json,features/nhe_hon/w02493.npz,0.8415,4.1041,60
nhẹ nhàng,nhe_nhang,Dataset/Videos/W02494.mp4,motions/nhe_nhang/w02494.json,features/nhe_nhang/w02494.npz,0.8387,4.5712,60
nhi đồng,nhi_ong,Dataset/Videos/W02495.mp4,motions/nhi_ong/w02495.json,features/nhi_ong/w02495.npz,0.8691,2.4024,60
nhiệt kế,nhiet_ke,Dataset/Videos/W02497B.mp4,motions/nhiet_ke/w02497b.json,features/nhiet_ke/w02497b.npz,0.5996,3.7371,60
nhiệt kế,nhiet_ke,Dataset/Videos/W02497N.mp4,motions/nhiet_ke/w02497n.json,features/nhiet_ke/w02497n.npz,0.6254,4.371,60
nhiệt kế,nhiet_ke,Dataset/Videos/W02497T.mp4,motions/nhiet_ke/w02497t.json,features/nhiet_ke/w02497t.npz,0.5996,3.7371,60
nhiều hơn,nhieu_hon,Dataset/Videos/W02498.mp4,motions/nhieu_hon/w02498.json,features/nhieu_hon/w02498.npz,0.935,3.3367,60
nhìn,nhin,Dataset/Videos/W02499.mp4,motions/nhin/w02499.json,features/nhin/w02499.npz,0.5551,5.6056,60
nhỏ/ nhỏ bé,nho_nho_be,Dataset/Videos/W02500.mp4,motions/nho_nho_be/w02500.json,features/nho_nho_be/w02500.npz,0.6644,4.1041,60
nhỏ hơn,nho_hon,Dataset/Videos/W02501.mp4,motions/nho_hon/w02501.json,features/nho_hon/w02501.npz,0.8852,4.4378,60
nhỏ tuổi,nho_tuoi,Dataset/Videos/W02502.mp4,motions/nho_tuoi/w02502.json,features/nho_tuoi/w02502.npz,0.7444,3.9039,60
nhóm,nhom,Dataset/Videos/W02503.mp4,motions/nhom/w02503.json,features/nhom/w02503.npz,0.8167,3.9039,60
nhọn,nhon,Dataset/Videos/W02504.mp4,motions/nhon/w02504.json,features/nhon/w02504.npz,0.9851,5.1051,60
nhọn hoắt,nhon_hoat,Dataset/Videos/W02505.mp4,motions/nhon_hoat/w02505.json,features/nhon_hoat/w02505.npz,0.9705,2.2022,60
nhổ củ cải,nho_cu_cai,Dataset/Videos/W02506.mp4,motions/nho_cu_cai/w02506.json,features/nho_cu_cai/w02506.npz,0.93,4.3377,60
nhu cầu,nhu_cau,Dataset/Videos/W02508.mp4,motions/nhu_cau/w02508.json,features/nhu_cau/w02508.npz,0.984,4.0707,60
nhụy hoa,nhuy_hoa,Dataset/Videos/W02512.mp4,motions/nhuy_hoa/w02512.json,features/nhuy_hoa/w02512.npz,0.9862,3.1365,60
như hình với bóng,nhu_hinh_voi_bong,Dataset/Videos/W02513.mp4,motions/nhu_hinh_voi_bong/w02513.json,features/nhu_hinh_voi_bong/w02513.npz,0.9895,4.1375,60
nhược điểm,nhuoc_iem,Dataset/Videos/W02514.mp4,motions/nhuoc_iem/w02514.json,features/nhuoc_iem/w02514.npz,0.4919,4.2042,60
nhường nhịn,nhuong_nhin,Dataset/Videos/W02515.mp4,motions/nhuong_nhin/w02515.json,features/nhuong_nhin/w02515.npz,0.9856,4.5045,60
niềm vui,niem_vui,Dataset/Videos/W02517.mp4,motions/niem_vui/w02517.json,features/niem_vui/w02517.npz,0.98,3.8038,60
Ninh Bình,ninh_binh,Dataset/Videos/W02518.mp4,motions/ninh_binh/w02518.json,features/ninh_binh/w02518.npz,0.9883,3.7037,60
Ninh Thuận,ninh_thuan,Dataset/Videos/W02519.mp4,motions/ninh_thuan/w02519.json,features/ninh_thuan/w02519.npz,0.9907,3.5035,60
no,no,Dataset/Videos/W02520B.mp4,motions/no/w02520b.json,features/no/w02520b.npz,0.5097,3.9373,60
no,no,Dataset/Videos/W02520N.mp4,motions/no/w02520n.json,features/no/w02520n.npz,0.8835,4.004,60
no,no,Dataset/Videos/W02520T.mp4,motions/no/w02520t.json,features/no/w02520t.npz,0.9938,3.5035,60
nỏ,no,Dataset/Videos/W02521.mp4,motions/no/w02521.json,features/no/w02521.npz,0.9885,5.639,60
nóc nhà,noc_nha,Dataset/Videos/W02522.mp4,motions/noc_nha/w02522.json,features/noc_nha/w02522.npz,0.9633,4.1375,60
nói chuyện,noi_chuyen,Dataset/Videos/W02523.mp4,motions/noi_chuyen/w02523.json,features/noi_chuyen/w02523.npz,0.9807,4.5045,60
nói dối,noi_doi,Dataset/Videos/W02524.mp4,motions/noi_doi/w02524.json,features/noi_doi/w02524.npz,0.9904,4.5045,60
nói leo,noi_leo,Dataset/Videos/W02526.mp4,motions/noi_leo/w02526.json,features/noi_leo/w02526.npz,0.4475,3.6703,60
nón,non,Dataset/Videos/W02527.mp4,motions/non/w02527.json,features/non/w02527.npz,0.942,3.7371,60
nô lệ,no_le,Dataset/Videos/W02528.mp4,motions/no_le/w02528.json,features/no_le/w02528.npz,0.9954,4.7381,60
nổ lốp xe,no_lop_xe,Dataset/Videos/W02529.mp4,motions/no_lop_xe/w02529.json,features/no_lop_xe/w02529.npz,0.994,3.6036,60
nổ mìn,no_min,Dataset/Videos/W02530.mp4,motions/no_min/w02530.json,features/no_min/w02530.npz,0.9848,3.5702,60
nổ súng,no_sung,Dataset/Videos/W02531.mp4,motions/no_sung/w02531.json,features/no_sung/w02531.npz,0.9831,4.5045,60
nồi,noi,Dataset/Videos/W02532.mp4,motions/noi/w02532.json,features/noi/w02532.npz,0.9968,3.4368,60
nồi cơm điện,noi_com_ien,Dataset/Videos/W02534.mp4,motions/noi_com_ien/w02534.json,features/noi_com_ien/w02534.npz,0.9936,5.1051,60
nổi bật,noi_bat,Dataset/Videos/W02535.mp4,motions/noi_bat/w02535.json,features/noi_bat/w02535.npz,0.992,2.7027,60
nổi dậy,noi_day,Dataset/Videos/W02536.mp4,motions/noi_day/w02536.json,features/noi_day/w02536.npz,0.9727,3.5702,60
nổi giận,noi_gian,Dataset/Videos/W02537.mp4,motions/noi_gian/w02537.json,features/noi_gian/w02537.npz,0.9705,3.6703,60
nổi nóng,noi_nong,Dataset/Videos/W02538.mp4,motions/noi_nong/w02538.json,features/noi_nong/w02538.npz,0.9614,3.9373,60
nối tiếp,noi_tiep,Dataset/Videos/W02539.mp4,motions/noi_tiep/w02539.json,features/noi_tiep/w02539.npz,0.9953,4.6046,60
nội dung,noi_dung,Dataset/Videos/W02540B.mp4,motions/noi_dung/w02540b.json,features/noi_dung/w02540b.npz,0.7315,3.0697,60
nội dung,noi_dung,Dataset/Videos/W02540N.mp4,motions/noi_dung/w02540n.json,features/noi_dung/w02540n.npz,0.835,2.1688,60
nội dung,noi_dung,Dataset/Videos/W02540T.mp4,motions/noi_dung/w02540t.json,features/noi_dung/w02540t.npz,0.835,2.1688,60
nội quy,noi_quy,Dataset/Videos/W02541.mp4,motions/noi_quy/w02541.json,features/noi_quy/w02541.npz,0.9797,3.7371,60
nội tiếp,noi_tiep,Dataset/Videos/W02542.mp4,motions/noi_tiep/w02542.json,features/noi_tiep/w02542.npz,0.9613,4.2042,60
nông nghiệp,nong_nghiep,Dataset/Videos/W02544.mp4,motions/nong_nghiep/w02544.json,features/nong_nghiep/w02544.npz,0.9821,4.2376,60
nông thôn,nong_thon,Dataset/Videos/W02546.mp4,motions/nong_thon/w02546.json,features/nong_thon/w02546.npz,1.0,4.2709,60
nốt ruồi,not_ruoi,Dataset/Videos/W02548.mp4,motions/not_ruoi/w02548.json,features/not_ruoi/w02548.npz,0.5699,3.4034,60
nơ,no,Dataset/Videos/W02549.mp4,motions/no/w02549.json,features/no/w02549.npz,0.9867,4.9049,60
nơi chốn,noi_chon,Dataset/Videos/W02550.mp4,motions/noi_chon/w02550.json,features/noi_chon/w02550.npz,0.9953,4.638,60
núi lửa,nui_lua,Dataset/Videos/W02551.mp4,motions/nui_lua/w02551.json,features/nui_lua/w02551.npz,0.9839,4.7047,60
nước mắt,nuoc_mat,Dataset/Videos/W02554.mp4,motions/nuoc_mat/w02554.json,features/nuoc_mat/w02554.npz,0.9938,5.2052,60
nước Việt nam,nuoc_viet_nam,Dataset/Videos/W02555B.mp4,motions/nuoc_viet_nam/w02555b.json,features/nuoc_viet_nam/w02555b.npz,0.542,3.6703,60
nước Việt nam,nuoc_viet_nam,Dataset/Videos/W02555N.mp4,motions/nuoc_viet_nam/w02555n.json,features/nuoc_viet_nam/w02555n.npz,0.5697,2.369,60
nước Việt nam,nuoc_viet_nam,Dataset/Videos/W02555T.mp4,motions/nuoc_viet_nam/w02555t.json,features/nuoc_viet_nam/w02555t.npz,0.5743,2.369,60
Oa-sinh-tơn,oa_sinh_ton,Dataset/Videos/W02556.mp4,motions/oa_sinh_ton/w02556.json,features/oa_sinh_ton/w02556.npz,0.9913,5.005,60
óc,oc,Dataset/Videos/W02557.mp4,motions/oc/w02557.json,features/oc/w02557.npz,1.0,5.3053,60
ô ăn quan,o_an_quan,Dataset/Videos/W02558.mp4,motions/o_an_quan/w02558.json,features/o_an_quan/w02558.npz,0.9883,3.7037,60
ô nhiễm,o_nhiem,Dataset/Videos/W02559.mp4,motions/o_nhiem/w02559.json,features/o_nhiem/w02559.npz,0.9903,4.4711,60
ô tô,o_to,Dataset/Videos/W02561.mp4,motions/o_to/w02561.json,features/o_to/w02561.npz,0.9879,3.5702,60
ốc vít,oc_vit,Dataset/Videos/W02564.mp4,motions/oc_vit/w02564.json,features/oc_vit/w02564.npz,0.6673,7.0737,60
ôm,om,Dataset/Videos/W02565.mp4,motions/om/w02565.json,features/om/w02565.npz,0.9267,3.4034,60
ốm đau,om_au,Dataset/Videos/W02567.mp4,motions/om_au/w02567.json,features/om_au/w02567.npz,0.9935,5.0384,60
ôn luyện,on_luyen,Dataset/Videos/W02569.mp4,motions/on_luyen/w02569.json,features/on_luyen/w02569.npz,0.9629,3.5035,60
ôn tập,on_tap,Dataset/Videos/W02570.mp4,motions/on_tap/w02570.json,features/on_tap/w02570.npz,0.9752,3.5035,60
ổn định,on_inh,Dataset/Videos/W02571.mp4,motions/on_inh/w02571.json,features/on_inh/w02571.npz,0.9731,4.0374,60
ông già,ong_gia,Dataset/Videos/W02572.mp4,motions/ong_gia/w02572.json,features/ong_gia/w02572.npz,0.9947,4.0707,60
ông ngoại,ong_ngoai,Dataset/Videos/W02575B.mp4,motions/ong_ngoai/w02575b.json,features/ong_ngoai/w02575b.npz,0.5647,3.637,60
ông ngoại,ong_ngoai,Dataset/Videos/W02575N.mp4,motions/ong_ngoai/w02575n.json,features/ong_ngoai/w02575n.npz,0.5705,2.8028,60
ông ngoại,ong_ngoai,Dataset/Videos/W02575T.mp4,motions/ong_ngoai/w02575t.json,features/ong_ngoai/w02575t.npz,0.5587,3.637,60
ông nội,ong_noi,Dataset/Videos/W02576B.mp4,motions/ong_noi/w02576b.json,features/ong_noi/w02576b.npz,0.5568,3.6703,60
ông nội,ong_noi,Dataset/Videos/W02576N.mp4,motions/ong_noi/w02576n.json,features/ong_noi/w02576n.npz,0.5899,2.8028,60
ông nội,ong_noi,Dataset/Videos/W02576T.mp4,motions/ong_noi/w02576t.json,features/ong_noi/w02576t.npz,0.9379,5.2386,60
ống nghe,ong_nghe,Dataset/Videos/W02577.mp4,motions/ong_nghe/w02577.json,features/ong_nghe/w02577.npz,0.9631,4.4044,60
ống nhòm,ong_nhom,Dataset/Videos/W02578.mp4,motions/ong_nhom/w02578.json,features/ong_nhom/w02578.npz,0.9486,7.8078,60
ống nước,ong_nuoc,Dataset/Videos/W02579.mp4,motions/ong_nuoc/w02579.json,features/ong_nuoc/w02579.npz,0.985,4.3377,60
ở ngoài,o_ngoai,Dataset/Videos/W02580B.mp4,motions/o_ngoai/w02580b.json,features/o_ngoai/w02580b.npz,0.7024,3.1698,60
ở ngoài,o_ngoai,Dataset/Videos/W02580N.mp4,motions/o_ngoai/w02580n.json,features/o_ngoai/w02580n.npz,0.7605,8.375,60
ở ngoài,o_ngoai,Dataset/Videos/W02580T.mp4,motions/o_ngoai/w02580t.json,features/o_ngoai/w02580t.npz,0.7747,8.375,60
ở trong,o_trong,Dataset/Videos/W02581.mp4,motions/o_trong/w02581.json,features/o_trong/w02581.npz,0.995,4.3043,60
Pa-ki-xtan (nước Pa-ki-xtan),pa_ki_xtan_nuoc_pa_ki_xtan,Dataset/Videos/W02582.mp4,motions/pa_ki_xtan_nuoc_pa_ki_xtan/w02582.json,features/pa_ki_xtan_nuoc_pa_ki_xtan/w02582.npz,0.9838,5.3387,60
Pê-ru (nước Pê-ru),pe_ru_nuoc_pe_ru,Dataset/Videos/W02583.mp4,motions/pe_ru_nuoc_pe_ru/w02583.json,features/pe_ru_nuoc_pe_ru/w02583.npz,0.9831,5.1385,60
pha cà phê,pha_ca_phe,Dataset/Videos/W02584.mp4,motions/pha_ca_phe/w02584.json,features/pha_ca_phe/w02584.npz,0.9776,4.8382,60
pha chế,pha_che,Dataset/Videos/W02585.mp4,motions/pha_che/w02585.json,features/pha_che/w02585.npz,0.9729,3.6036,60
pha lê,pha_le,Dataset/Videos/W02586.mp4,motions/pha_le/w02586.json,features/pha_le/w02586.npz,0.606,3.7704,60
phà,pha,Dataset/Videos/W02587.mp4,motions/pha/w02587.json,features/pha/w02587.npz,0.9707,4.4378,60
phá,pha,Dataset/Videos/W02589B.mp4,motions/pha/w02589b.json,features/pha/w02589b.npz,0.48,4.5045,60
phá,pha,Dataset/Videos/W02589N.mp4,motions/pha/w02589n.json,features/pha/w02589n.npz,0.5877,3.7371,60
phá,pha,Dataset/Videos/W02589T.mp4,motions/pha/w02589t.json,features/pha/w02589t.npz,0.5906,3.7371,60
phản bội,phan_boi,Dataset/Videos/W02597B.mp4,motions/phan_boi/w02597b.json,features/phan_boi/w02597b.npz,0.651,4.9716,60
phản bội,phan_boi,Dataset/Videos/W02597N.mp4,motions/phan_boi/w02597n.json,features/phan_boi/w02597n.npz,0.5677,3.3367,60
phản bội,phan_boi,Dataset/Videos/W02597T.mp4,motions/phan_boi/w02597t.json,features/phan_boi/w02597t.npz,0.571,3.3367,60
phản động,phan_ong,Dataset/Videos/W02598.mp4,motions/phan_ong/w02598.json,features/phan_ong/w02598.npz,0.9399,3.0697,60
phản xạ,phan_xa,Dataset/Videos/W02600.mp4,motions/phan_xa/w02600.json,features/phan_xa/w02600.npz,0.97,4.3377,60
phao,phao,Dataset/Videos/W02602.mp4,motions/phao/w02602.json,features/phao/w02602.npz,0.9943,3.8372,60
pháo hoa,phao_hoa,Dataset/Videos/W02605.mp4,motions/phao_hoa/w02605.json,features/phao_hoa/w02605.npz,0.9412,3.1365,60
pháo sáng,phao_sang,Dataset/Videos/W02606.mp4,motions/phao_sang/w02606.json,features/phao_sang/w02606.npz,0.9806,3.9039,60
phát biểu,phat_bieu,Dataset/Videos/W02608.mp4,motions/phat_bieu/w02608.json,features/phat_bieu/w02608.npz,0.9732,2.8362,60
phát động,phat_ong,Dataset/Videos/W02609.mp4,motions/phat_ong/w02609.json,features/phat_ong/w02609.npz,0.9717,3.0697,60
phát hiện,phat_hien,Dataset/Videos/W02610.mp4,motions/phat_hien/w02610.json,features/phat_hien/w02610.npz,0.987,2.5025,60
phân công,phan_cong,Dataset/Videos/W02614.mp4,motions/phan_cong/w02614.json,features/phan_cong/w02614.npz,0.9831,3.2032,60
phân loại,phan_loai,Dataset/Videos/W02615.mp4,motions/phan_loai/w02615.json,features/phan_loai/w02615.npz,0.9797,5.3387,60
phân số,phan_so,Dataset/Videos/W02616.mp4,motions/phan_so/w02616.json,features/phan_so/w02616.npz,0.9912,3.7037,60
hai phân số bằng nhau,hai_phan_so_bang_nhau,Dataset/Videos/W02617.mp4,motions/hai_phan_so_bang_nhau/w02617.json,features/hai_phan_so_bang_nhau/w02617.npz,0.9616,4.8048,60
phân số thập phân,phan_so_thap_phan,Dataset/Videos/W02618.mp4,motions/phan_so_thap_phan/w02618.json,features/phan_so_thap_phan/w02618.npz,0.9909,4.7714,60
phân số tối giản,phan_so_toi_gian,Dataset/Videos/W02619.mp4,motions/phan_so_toi_gian/w02619.json,features/phan_so_toi_gian/w02619.npz,0.9857,3.8038,60
phân tích,phan_tich,Dataset/Videos/W02620.mp4,motions/phan_tich/w02620.json,features/phan_tich/w02620.npz,0.9868,4.1041,60
giữ nguyên,giu_nguyen,Dataset/Videos/W02626.mp4,motions/giu_nguyen/w02626.json,features/giu_nguyen/w02626.npz,0.9815,2.9363,60
phần trăm,phan_tram,Dataset/Videos/W02628.mp4,motions/phan_tram/w02628.json,features/phan_tram/w02628.npz,0.9811,3.4368,60
phấn (viết bảng),phan_viet_bang,Dataset/Videos/W02630B.mp4,motions/phan_viet_bang/w02630b.json,features/phan_viet_bang/w02630b.npz,0.6089,3.9373,60
phấn (viết bảng),phan_viet_bang,Dataset/Videos/W02630N.mp4,motions/phan_viet_bang/w02630n.json,features/phan_viet_bang/w02630n.npz,0.7594,2.5692,60
phấn (viết bảng),phan_viet_bang,Dataset/Videos/W02630T.mp4,motions/phan_viet_bang/w02630t.json,features/phan_viet_bang/w02630t.npz,0.6089,3.9373,60
phấn đấu,phan_au,Dataset/Videos/W02631.mp4,motions/phan_au/w02631.json,features/phan_au/w02631.npz,0.9745,3.4034,60
phấn trang điểm,phan_trang_iem,Dataset/Videos/W02634.mp4,motions/phan_trang_iem/w02634.json,features/phan_trang_iem/w02634.npz,0.961,3.3367,60
phấp phới,phap_phoi,Dataset/Videos/W02635.mp4,motions/phap_phoi/w02635.json,features/phap_phoi/w02635.npz,0.9687,2.7694,60
phật (tượng),phat_tuong,Dataset/Videos/W02637.mp4,motions/phat_tuong/w02637.json,features/phat_tuong/w02637.npz,0.9956,4.9049,60
phép mầu,phep_mau,Dataset/Videos/W02640.mp4,motions/phep_mau/w02640.json,features/phep_mau/w02640.npz,0.9897,4.2042,60
phép tính,phep_tinh,Dataset/Videos/W02641.mp4,motions/phep_tinh/w02641.json,features/phep_tinh/w02641.npz,0.9854,2.9696,60
phê bình,phe_binh,Dataset/Videos/W02643.mp4,motions/phe_binh/w02643.json,features/phe_binh/w02643.npz,0.9777,3.4034,60
phễu,pheu,Dataset/Videos/W02644.mp4,motions/pheu/w02644.json,features/pheu/w02644.npz,0.9448,5.5055,60
phi công,phi_cong,Dataset/Videos/W02645.mp4,motions/phi_cong/w02645.json,features/phi_cong/w02645.npz,0.965,4.3377,60
phi ngựa,phi_ngua,Dataset/Videos/W02647.mp4,motions/phi_ngua/w02647.json,features/phi_ngua/w02647.npz,0.9678,3.7037,60
phi tiêu,phi_tieu,Dataset/Videos/W02648.mp4,motions/phi_tieu/w02648.json,features/phi_tieu/w02648.npz,0.9829,4.4378,60
phích nước,phich_nuoc,Dataset/Videos/W02649.mp4,motions/phich_nuoc/w02649.json,features/phich_nuoc/w02649.npz,0.639,4.2376,60
phiên dịch,phien_dich,Dataset/Videos/W02651B.mp4,motions/phien_dich/w02651b.json,features/phien_dich/w02651b.npz,0.7628,3.7037,60
phiên dịch,phien_dich,Dataset/Videos/W02651N.mp4,motions/phien_dich/w02651n.json,features/phien_dich/w02651n.npz,0.526,3.2032,60
phiên dịch,phien_dich,Dataset/Videos/W02651T.mp4,motions/phien_dich/w02651t.json,features/phien_dich/w02651t.npz,0.7599,3.7037,60
Phi-líp-pin (nước Phi-líp-pin),phi_lip_pin_nuoc_phi_lip_pin,Dataset/Videos/W02654B.mp4,motions/phi_lip_pin_nuoc_phi_lip_pin/w02654b.json,features/phi_lip_pin_nuoc_phi_lip_pin/w02654b.npz,0.9771,2.8362,60
Phi-líp-pin (nước Phi-líp-pin),phi_lip_pin_nuoc_phi_lip_pin,Dataset/Videos/W02654N.mp4,motions/phi_lip_pin_nuoc_phi_lip_pin/w02654n.json,features/phi_lip_pin_nuoc_phi_lip_pin/w02654n.npz,0.7152,2.9696,60
Phi-líp-pin (nước Phi-líp-pin),phi_lip_pin_nuoc_phi_lip_pin,Dataset/Videos/W02654T.mp4,motions/phi_lip_pin_nuoc_phi_lip_pin/w02654t.json,features/phi_lip_pin_nuoc_phi_lip_pin/w02654t.npz,0.9809,2.8362,60
phim hoạt hình,phim_hoat_hinh,Dataset/Videos/W02656B.mp4,motions/phim_hoat_hinh/w02656b.json,features/phim_hoat_hinh/w02656b.npz,0.9727,3.5702,60
phim hoạt hình,phim_hoat_hinh,Dataset/Videos/W02656N.mp4,motions/phim_hoat_hinh/w02656n.json,features/phim_hoat_hinh/w02656n.npz,0.5726,3.0697,60
phim hoạt hình,phim_hoat_hinh,Dataset/Videos/W02656T.mp4,motions/phim_hoat_hinh/w02656t.json,features/phim_hoat_hinh/w02656t.npz,0.917,4.5712,60
phim tài liệu,phim_tai_lieu,Dataset/Videos/W02657.mp4,motions/phim_tai_lieu/w02657.json,features/phim_tai_lieu/w02657.npz,0.9863,3.9706,60
phim truyện,phim_truyen,Dataset/Videos/W02658B.mp4,motions/phim_truyen/w02658b.json,features/phim_truyen/w02658b.npz,0.9811,2.8695,60
phim truyện,phim_truyen,Dataset/Videos/W02658N.mp4,motions/phim_truyen/w02658n.json,features/phim_truyen/w02658n.npz,0.5292,2.6026,60
phim truyện,phim_truyen,Dataset/Videos/W02658T.mp4,motions/phim_truyen/w02658t.json,features/phim_truyen/w02658t.npz,0.9698,2.8695,60
phong bì,phong_bi,Dataset/Videos/W02660.mp4,motions/phong_bi/w02660.json,features/phong_bi/w02660.npz,0.9187,8.4084,60
phong cách,phong_cach,Dataset/Videos/W02661.mp4,motions/phong_cach/w02661.json,features/phong_cach/w02661.npz,0.9712,3.7704,60
phong kiến,phong_kien,Dataset/Videos/W02662.mp4,motions/phong_kien/w02662.json,features/phong_kien/w02662.npz,0.6377,3.8038,60
phong trào,phong_trao,Dataset/Videos/W02665.mp4,motions/phong_trao/w02665.json,features/phong_trao/w02665.npz,0.9833,3.9039,60
phong tục,phong_tuc,Dataset/Videos/W02666.mp4,motions/phong_tuc/w02666.json,features/phong_tuc/w02666.npz,0.5815,3.8372,60
phòng âm nhạc,phong_am_nhac,Dataset/Videos/W02667.mp4,motions/phong_am_nhac/w02667.json,features/phong_am_nhac/w02667.npz,0.9675,3.3367,60
phòng bệnh,phong_benh,Dataset/Videos/W02668.mp4,motions/phong_benh/w02668.json,features/phong_benh/w02668.npz,0.9645,3.9706,60
phòng chống,phong_chong,Dataset/Videos/W02669.mp4,motions/phong_chong/w02669.json,features/phong_chong/w02669.npz,0.9716,3.4368,60
phòng chức năng,phong_chuc_nang,Dataset/Videos/W02670.mp4,motions/phong_chuc_nang/w02670.json,features/phong_chuc_nang/w02670.npz,0.9472,2.6693,60
phòng đa năng,phong_a_nang,Dataset/Videos/W02672.mp4,motions/phong_a_nang/w02672.json,features/phong_a_nang/w02672.npz,0.9602,3.2699,60
phòng học tin học,phong_hoc_tin_hoc,Dataset/Videos/W02675.mp4,motions/phong_hoc_tin_hoc/w02675.json,features/phong_hoc_tin_hoc/w02675.npz,0.9973,4.0374,60
phòng máy tính,phong_may_tinh,Dataset/Videos/W02677.mp4,motions/phong_may_tinh/w02677.json,features/phong_may_tinh/w02677.npz,0.8662,4.2542,60
phòng mĩ thuật,phong_mi_thuat,Dataset/Videos/W02678.mp4,motions/phong_mi_thuat/w02678.json,features/phong_mi_thuat/w02678.npz,0.9658,4.4378,60
phòng thí nghiệm,phong_thi_nghiem,Dataset/Videos/W02679.mp4,motions/phong_thi_nghiem/w02679.json,features/phong_thi_nghiem/w02679.npz,0.9025,3.6703,60
phòng thư viện,phong_thu_vien,Dataset/Videos/W02680.mp4,motions/phong_thu_vien/w02680.json,features/phong_thu_vien/w02680.npz,0.9889,3.9039,60
phòng y tế,phong_y_te,Dataset/Videos/W02682.mp4,motions/phong_y_te/w02682.json,features/phong_y_te/w02682.npz,0.9868,4.1041,60
phô tô,pho_to,Dataset/Videos/W02685.mp4,motions/pho_to/w02685.json,features/pho_to/w02685.npz,0.9795,3.1698,60
phổ biến,pho_bien,Dataset/Videos/W02686.mp4,motions/pho_bien/w02686.json,features/pho_bien/w02686.npz,0.9598,3.2366,60
phố,pho,Dataset/Videos/W02689.mp4,motions/pho/w02689.json,features/pho/w02689.npz,0.6664,2.5359,60
phố cổ,pho_co,Dataset/Videos/W02690.mp4,motions/pho_co/w02690.json,features/pho_co/w02690.npz,0.9924,4.3043,60
phố cổ Hội an,pho_co_hoi_an,Dataset/Videos/W02691.mp4,motions/pho_co_hoi_an/w02691.json,features/pho_co_hoi_an/w02691.npz,0.9889,4.8715,60
phổi,phoi,Dataset/Videos/W02693.mp4,motions/phoi/w02693.json,features/phoi/w02693.npz,0.9886,3.8038,60
phở,pho,Dataset/Videos/W02696B.mp4,motions/pho/w02696b.json,features/pho/w02696b.npz,0.972,3.1031,60
phở,pho,Dataset/Videos/W02696N.mp4,motions/pho/w02696n.json,features/pho/w02696n.npz,0.7299,2.369,60
phở,pho,Dataset/Videos/W02696T.mp4,motions/pho/w02696t.json,features/pho/w02696t.npz,0.7345,2.369,60
phở cuốn,pho_cuon,Dataset/Videos/W02697B.mp4,motions/pho_cuon/w02697b.json,features/pho_cuon/w02697b.npz,0.989,2.9696,60
phở cuốn,pho_cuon,Dataset/Videos/W02697N.mp4,motions/pho_cuon/w02697n.json,features/pho_cuon/w02697n.npz,0.7457,3.0697,60
phở cuốn,pho_cuon,Dataset/Videos/W02697T.mp4,motions/pho_cuon/w02697t.json,features/pho_cuon/w02697t.npz,0.7457,3.0697,60
phơi quần áo,phoi_quan_ao,Dataset/Videos/W02698.mp4,motions/phoi_quan_ao/w02698.json,features/phoi_quan_ao/w02698.npz,0.9468,3.8705,60
phù hợp,phu_hop,Dataset/Videos/W02699.mp4,motions/phu_hop/w02699.json,features/phu_hop/w02699.npz,0.9819,3.6036,60
phủ nhận,phu_nhan,Dataset/Videos/W02701.mp4,motions/phu_nhan/w02701.json,features/phu_nhan/w02701.npz,0.9411,6.0727,60
Phú Thọ,phu_tho,Dataset/Videos/W02702.mp4,motions/phu_tho/w02702.json,features/phu_tho/w02702.npz,0.9793,3.6703,60
phụ huynh,phu_huynh,Dataset/Videos/W02704.mp4,motions/phu_huynh/w02704.json,features/phu_huynh/w02704.npz,0.9869,4.1375,60
phục hồi,phuc_hoi,Dataset/Videos/W02707.mp4,motions/phuc_hoi/w02707.json,features/phuc_hoi/w02707.npz,0.85,4.3377,60
phục vụ,phuc_vu,Dataset/Videos/W02709.mp4,motions/phuc_vu/w02709.json,features/phuc_vu/w02709.npz,0.9468,3.6703,60
phun nước,phun_nuoc,Dataset/Videos/W02710.mp4,motions/phun_nuoc/w02710.json,features/phun_nuoc/w02710.npz,0.9143,3.0364,60
phức tạp,phuc_tap,Dataset/Videos/W02712.mp4,motions/phuc_tap/w02712.json,features/phuc_tap/w02712.npz,0.9961,2.8028,60
phương hướng,phuong_huong,Dataset/Videos/W02713.mp4,motions/phuong_huong/w02713.json,features/phuong_huong/w02713.npz,0.9968,3.3367,60
phương pháp,phuong_phap,Dataset/Videos/W02714.mp4,motions/phuong_phap/w02714.json,features/phuong_phap/w02714.npz,0.988,3.6036,60
phương tiện,phuong_tien,Dataset/Videos/W02715.mp4,motions/phuong_tien/w02715.json,features/phuong_tien/w02715.npz,0.9874,3.4368,60
phương tiện giao thông,phuong_tien_giao_thong,Dataset/Videos/W02716B.mp4,motions/phuong_tien_giao_thong/w02716b.json,features/phuong_tien_giao_thong/w02716b.npz,0.987,3.3367,60
phương tiện giao thông,phuong_tien_giao_thong,Dataset/Videos/W02716N.mp4,motions/phuong_tien_giao_thong/w02716n.json,features/phuong_tien_giao_thong/w02716n.npz,0.7468,3.1698,60
phương tiện giao thông,phuong_tien_giao_thong,Dataset/Videos/W02716T.mp4,motions/phuong_tien_giao_thong/w02716t.json,features/phuong_tien_giao_thong/w02716t.npz,0.9837,3.3367,60
pi-a-nô (dương cầm),pi_a_no_duong_cam,Dataset/Videos/W02718.mp4,motions/pi_a_no_duong_cam/w02718.json,features/pi_a_no_duong_cam/w02718.npz,0.9905,3.4368,60
quả,qua,Dataset/Videos/W02721.mp4,motions/qua/w02721.json,features/qua/w02721.npz,0.9933,3.2366,60
quả bầu,qua_bau,Dataset/Videos/W02722.mp4,motions/qua_bau/w02722.json,features/qua_bau/w02722.npz,0.9485,4.004,60
quả bưởi,qua_buoi,Dataset/Videos/W02724B.mp4,motions/qua_buoi/w02724b.json,features/qua_buoi/w02724b.npz,0.8276,3.2699,60
quả bưởi,qua_buoi,Dataset/Videos/W02724N.mp4,motions/qua_buoi/w02724n.json,features/qua_buoi/w02724n.npz,0.7833,2.3023,60
quả bưởi,qua_buoi,Dataset/Videos/W02724T.mp4,motions/qua_buoi/w02724t.json,features/qua_buoi/w02724t.npz,0.7833,2.3023,60
quả cam,qua_cam,Dataset/Videos/W02725.mp4,motions/qua_cam/w02725.json,features/qua_cam/w02725.npz,0.9974,4.2042,60
quả chanh,qua_chanh,Dataset/Videos/W02728.mp4,motions/qua_chanh/w02728.json,features/qua_chanh/w02728.npz,0.9938,3.4701,60
quả chôm chôm,qua_chom_chom,Dataset/Videos/W02729.mp4,motions/qua_chom_chom/w02729.json,features/qua_chom_chom/w02729.npz,0.9855,3.7371,60
quả chuối,qua_chuoi,Dataset/Videos/W02730.mp4,motions/qua_chuoi/w02730.json,features/qua_chuoi/w02730.npz,0.9669,3.9373,60
quả dưa hấu,qua_dua_hau,Dataset/Videos/W02731B.mp4,motions/qua_dua_hau/w02731b.json,features/qua_dua_hau/w02731b.npz,0.9759,2.7027,60
quả dưa hấu,qua_dua_hau,Dataset/Videos/W02731N.mp4,motions/qua_dua_hau/w02731n.json,features/qua_dua_hau/w02731n.npz,0.7517,2.9696,60
quả dưa hấu,qua_dua_hau,Dataset/Videos/W02731T.mp4,motions/qua_dua_hau/w02731t.json,features/qua_dua_hau/w02731t.npz,0.9719,2.7027,60
quả dừa,qua_dua,Dataset/Videos/W02732B.mp4,motions/qua_dua/w02732b.json,features/qua_dua/w02732b.npz,0.9658,3.1698,60
quả dừa,qua_dua,Dataset/Videos/W02732N.mp4,motions/qua_dua/w02732n.json,features/qua_dua/w02732n.npz,0.82,2.1688,60
quả dừa,qua_dua,Dataset/Videos/W02732T.mp4,motions/qua_dua/w02732t.json,features/qua_dua/w02732t.npz,0.82,2.1688,60
quả dừa xiêm,qua_dua_xiem,Dataset/Videos/W02733B.mp4,motions/qua_dua_xiem/w02733b.json,features/qua_dua_xiem/w02733b.npz,0.9748,3.8705,60
quả dừa xiêm,qua_dua_xiem,Dataset/Videos/W02733N.mp4,motions/qua_dua_xiem/w02733n.json,features/qua_dua_xiem/w02733n.npz,0.9167,4.0374,60
quả dừa xiêm,qua_dua_xiem,Dataset/Videos/W02733T.mp4,motions/qua_dua_xiem/w02733t.json,features/qua_dua_xiem/w02733t.npz,0.9355,4.0374,60
quả đất,qua_at,Dataset/Videos/W02734.mp4,motions/qua_at/w02734.json,features/qua_at/w02734.npz,0.9555,3.1698,60
quả địa cầu,qua_ia_cau,Dataset/Videos/W02735.mp4,motions/qua_ia_cau/w02735.json,features/qua_ia_cau/w02735.npz,0.9727,3.9706,60
quả đu đủ,qua_u_u,Dataset/Videos/W02737B.mp4,motions/qua_u_u/w02737b.json,features/qua_u_u/w02737b.npz,0.9599,2.7027,60
quả đu đủ,qua_u_u,Dataset/Videos/W02737N.mp4,motions/qua_u_u/w02737n.json,features/qua_u_u/w02737n.npz,0.7493,5.8392,60
quả đu đủ,qua_u_u,Dataset/Videos/W02737T.mp4,motions/qua_u_u/w02737t.json,features/qua_u_u/w02737t.npz,0.7821,8.9089,60
quả gấc,qua_gac,Dataset/Videos/W02739.mp4,motions/qua_gac/w02739.json,features/qua_gac/w02739.npz,0.8457,3.3033,60
quả hồng,qua_hong,Dataset/Videos/W02740.mp4,motions/qua_hong/w02740.json,features/qua_hong/w02740.npz,0.978,2.4691,60
quả hồng xiêm,qua_hong_xiem,Dataset/Videos/W02741.mp4,motions/qua_hong_xiem/w02741.json,features/qua_hong_xiem/w02741.npz,0.9902,4.4378,60
quả khế,qua_khe,Dataset/Videos/W02742B.mp4,motions/qua_khe/w02742b.json,features/qua_khe/w02742b.npz,0.9702,3.2699,60
quả khế,qua_khe,Dataset/Videos/W02742N.mp4,motions/qua_khe/w02742n.json,features/qua_khe/w02742n.npz,0.6269,3.6036,60
quả khế,qua_khe,Dataset/Videos/W02742T.mp4,motions/qua_khe/w02742t.json,features/qua_khe/w02742t.npz,0.6299,3.6036,60
quả lê,qua_le,Dataset/Videos/W02744.mp4,motions/qua_le/w02744.json,features/qua_le/w02744.npz,0.9947,4.1041,60
quả mít,qua_mit,Dataset/Videos/W02745.mp4,motions/qua_mit/w02745.json,features/qua_mit/w02745.npz,0.9845,4.2042,60
quả mướp,qua_muop,Dataset/Videos/W02746.mp4,motions/qua_muop/w02746.json,features/qua_muop/w02746.npz,0.9765,3.2366,60
quả na,qua_na,Dataset/Videos/W02747.mp4,motions/qua_na/w02747.json,features/qua_na/w02747.npz,0.9544,3.5702,60
quả nhãn,qua_nhan,Dataset/Videos/W02748B.mp4,motions/qua_nhan/w02748b.json,features/qua_nhan/w02748b.npz,0.9695,3.2032,60
quả nhãn,qua_nhan,Dataset/Videos/W02748N.mp4,motions/qua_nhan/w02748n.json,features/qua_nhan/w02748n.npz,0.752,2.5359,60
quả nhãn,qua_nhan,Dataset/Videos/W02748T.mp4,motions/qua_nhan/w02748t.json,features/qua_nhan/w02748t.npz,0.7434,2.5359,60
quả nho,qua_nho,Dataset/Videos/W02749.mp4,motions/qua_nho/w02749.json,features/qua_nho/w02749.npz,0.9747,3.003,60
quả ổi,qua_oi,Dataset/Videos/W02750.mp4,motions/qua_oi/w02750.json,features/qua_oi/w02750.npz,0.988,3.6036,60
quả ớt,qua_ot,Dataset/Videos/W02751.mp4,motions/qua_ot/w02751.json,features/qua_ot/w02751.npz,0.9883,2.7694,60
quả quất,qua_quat,Dataset/Videos/W02752.mp4,motions/qua_quat/w02752.json,features/qua_quat/w02752.npz,0.9923,4.2376,60
quả quýt,qua_quyt,Dataset/Videos/W02753.mp4,motions/qua_quyt/w02753.json,features/qua_quyt/w02753.npz,0.9682,3.0697,60
quả roi,qua_roi,Dataset/Videos/W02754B.mp4,motions/qua_roi/w02754b.json,features/qua_roi/w02754b.npz,0.9854,2.9696,60
quả roi,qua_roi,Dataset/Videos/W02754N.mp4,motions/qua_roi/w02754n.json,features/qua_roi/w02754n.npz,0.7244,2.636,60
quả roi,qua_roi,Dataset/Videos/W02754T.mp4,motions/qua_roi/w02754t.json,features/qua_roi/w02754t.npz,0.6215,2.636,60
quả sầu riêng,qua_sau_rieng,Dataset/Videos/W02755.mp4,motions/qua_sau_rieng/w02755.json,features/qua_sau_rieng/w02755.npz,0.9829,3.1698,60
quả su su,qua_su_su,Dataset/Videos/W02756.mp4,motions/qua_su_su/w02756.json,features/qua_su_su/w02756.npz,0.9871,4.2042,60
quả táo,qua_tao,Dataset/Videos/W02757B.mp4,motions/qua_tao/w02757b.json,features/qua_tao/w02757b.npz,0.9866,3.2366,60
quả táo,qua_tao,Dataset/Videos/W02757N.mp4,motions/qua_tao/w02757n.json,features/qua_tao/w02757n.npz,0.5636,2.3357,60
quả thanh long,qua_thanh_long,Dataset/Videos/W02758.mp4,motions/qua_thanh_long/w02758.json,features/qua_thanh_long/w02758.npz,0.9716,3.4368,60
quả vải,qua_vai,Dataset/Videos/W02759.mp4,motions/qua_vai/w02759.json,features/qua_vai/w02759.npz,0.9768,4.2042,60
quả xoài,qua_xoai,Dataset/Videos/W02760.mp4,motions/qua_xoai/w02760.json,features/qua_xoai/w02760.npz,0.9915,3.8372,60
quá cảnh,qua_canh,Dataset/Videos/W02761.mp4,motions/qua_canh/w02761.json,features/qua_canh/w02761.npz,0.7018,3.2366,60
quan điểm,quan_iem,Dataset/Videos/W02762.mp4,motions/quan_iem/w02762.json,features/quan_iem/w02762.npz,0.9848,3.5702,60
quan hệ,quan_he,Dataset/Videos/W02763.mp4,motions/quan_he/w02763.json,features/quan_he/w02763.npz,0.6644,4.1041,60
quan tâm,quan_tam,Dataset/Videos/W02765.mp4,motions/quan_tam/w02765.json,features/quan_tam/w02765.npz,0.5338,3.7037,60
quan trọng,quan_trong,Dataset/Videos/W02766.mp4,motions/quan_trong/w02766.json,features/quan_trong/w02766.npz,0.9809,2.8362,60
quang hợp,quang_hop,Dataset/Videos/W02769.mp4,motions/quang_hop/w02769.json,features/quang_hop/w02769.npz,0.9705,3.6703,60
quàng khăn,quang_khan,Dataset/Videos/W02771.mp4,motions/quang_khan/w02771.json,features/quang_khan/w02771.npz,0.8556,4.2042,60
Quảng Bình,quang_binh,Dataset/Videos/W02772.mp4,motions/quang_binh/w02772.json,features/quang_binh/w02772.npz,0.9598,3.5035,60
quảng cáo,quang_cao,Dataset/Videos/W02773.mp4,motions/quang_cao/w02773.json,features/quang_cao/w02773.npz,0.9779,3.4368,60
Quảng Ngãi,quang_ngai,Dataset/Videos/W02774.mp4,motions/quang_ngai/w02774.json,features/quang_ngai/w02774.npz,0.9832,3.2366,60
Quảng Ninh,quang_ninh,Dataset/Videos/W02775.mp4,motions/quang_ninh/w02775.json,features/quang_ninh/w02775.npz,0.9798,7.5075,60
quát mắng,quat_mang,Dataset/Videos/W02776.mp4,motions/quat_mang/w02776.json,features/quat_mang/w02776.npz,0.9755,3.5369,60
quạt cây,quat_cay,Dataset/Videos/W02777.mp4,motions/quat_cay/w02777.json,features/quat_cay/w02777.npz,0.9829,3.8038,60
quay cóp,quay_cop,Dataset/Videos/W02778.mp4,motions/quay_cop/w02778.json,features/quay_cop/w02778.npz,0.9685,3.1031,60
quay phim,quay_phim,Dataset/Videos/W02779.mp4,motions/quay_phim/w02779.json,features/quay_phim/w02779.npz,0.9829,3.1698,60
quà,qua,Dataset/Videos/W02780.mp4,motions/qua/w02780.json,features/qua/w02780.npz,0.9936,3.37,60
Quảng Nam,quang_nam,Dataset/Videos/W02781.mp4,motions/quang_nam/w02781.json,features/quang_nam/w02781.npz,0.9898,4.2376,60
Quảng Trị,quang_tri,Dataset/Videos/W02782.mp4,motions/quang_tri/w02782.json,features/quang_tri/w02782.npz,0.9443,3.5035,60
quạt treo tường,quat_treo_tuong,Dataset/Videos/W02783.mp4,motions/quat_treo_tuong/w02783.json,features/quat_treo_tuong/w02783.npz,0.8752,4.6046,60
quân đội,quan_oi,Dataset/Videos/W02784B.mp4,motions/quan_oi/w02784b.json,features/quan_oi/w02784b.npz,0.9856,3.003,60
quân đội,quan_oi,Dataset/Videos/W02784N.mp4,motions/quan_oi/w02784n.json,features/quan_oi/w02784n.npz,0.7878,2.4024,60
quần âu,quan_au,Dataset/Videos/W02786.mp4,motions/quan_au/w02786.json,features/quan_au/w02786.npz,0.9911,3.637,60
quần bò,quan_bo,Dataset/Videos/W02787B.mp4,motions/quan_bo/w02787b.json,features/quan_bo/w02787b.npz,0.9481,3.1365,60
quần bò,quan_bo,Dataset/Videos/W02787N.mp4,motions/quan_bo/w02787n.json,features/quan_bo/w02787n.npz,0.9829,3.1698,60
quần bò,quan_bo,Dataset/Videos/W02787T.mp4,motions/quan_bo/w02787t.json,features/quan_bo/w02787t.npz,0.9829,3.1698,60
quần đùi,quan_ui,Dataset/Videos/W02788.mp4,motions/quan_ui/w02788.json,features/quan_ui/w02788.npz,1.0,3.3367,60
quần yếm,quan_yem,Dataset/Videos/W02789.mp4,motions/quan_yem/w02789.json,features/quan_yem/w02789.npz,0.993,4.638,60
quận,quan,Dataset/Videos/W02790B.mp4,motions/quan/w02790b.json,features/quan/w02790b.npz,0.9904,3.4034,60
quận,quan,Dataset/Videos/W02790N.mp4,motions/quan/w02790n.json,features/quan/w02790n.npz,0.9863,2.369,60
quận,quan,Dataset/Videos/W02790T.mp4,motions/quan/w02790t.json,features/quan/w02790t.npz,0.9863,2.369,60
quét dọn,quet_don,Dataset/Videos/W02794.mp4,motions/quet_don/w02794.json,features/quet_don/w02794.npz,0.9668,3.2699,60
quét nhà,quet_nha,Dataset/Videos/W02795.mp4,motions/quet_nha/w02795.json,features/quet_nha/w02795.npz,0.9881,2.7361,60
quê,que,Dataset/Videos/W02797B.mp4,motions/que/w02797b.json,features/que/w02797b.npz,0.9961,2.8028,60
quê,que,Dataset/Videos/W02797N.mp4,motions/que/w02797n.json,features/que/w02797n.npz,0.8365,5.1718,60
quê,que,Dataset/Videos/W02797T.mp4,motions/que/w02797t.json,features/que/w02797t.npz,0.8448,5.1718,60
quên,quen,Dataset/Videos/W02798.mp4,motions/quen/w02798.json,features/quen/w02798.npz,0.9571,3.5369,60
quốc ca,quoc_ca,Dataset/Videos/W02799.mp4,motions/quoc_ca/w02799.json,features/quoc_ca/w02799.npz,0.9715,3.8038,60
quốc gia,quoc_gia,Dataset/Videos/W02800.mp4,motions/quoc_gia/w02800.json,features/quoc_gia/w02800.npz,0.9904,3.4034,60
quốc hội,quoc_hoi,Dataset/Videos/W02801.mp4,motions/quoc_hoi/w02801.json,features/quoc_hoi/w02801.npz,0.9667,3.9039,60
quốc khánh,quoc_khanh,Dataset/Videos/W02802.mp4,motions/quoc_khanh/w02802.json,features/quoc_khanh/w02802.npz,0.9819,3.6036,60
đề phòng,e_phong,Dataset/Videos/W02804.mp4,motions/e_phong/w02804.json,features/e_phong/w02804.npz,0.9887,3.8372,60
quốc tế,quoc_te,Dataset/Videos/W02805.mp4,motions/quoc_te/w02805.json,features/quoc_te/w02805.npz,0.9839,4.0374,60
Trần Quốc Toản,tran_quoc_toan,Dataset/Videos/W02806.mp4,motions/tran_quoc_toan/w02806.json,features/tran_quoc_toan/w02806.npz,0.997,3.6036,60
Quốc Tử Giám,quoc_tu_giam,Dataset/Videos/W02807.mp4,motions/quoc_tu_giam/w02807.json,features/quoc_tu_giam/w02807.npz,0.9557,2.9363,60
quy định,quy_inh,Dataset/Videos/W02808.mp4,motions/quy_inh/w02808.json,features/quy_inh/w02808.npz,0.9735,2.8695,60
quy đồng mẫu số,quy_ong_mau_so,Dataset/Videos/W02809.mp4,motions/quy_ong_mau_so/w02809.json,features/quy_ong_mau_so/w02809.npz,0.9896,3.1365,60
quy nạp,quy_nap,Dataset/Videos/W02810.mp4,motions/quy_nap/w02810.json,features/quy_nap/w02810.npz,0.6396,3.37,60
quy tắc,quy_tac,Dataset/Videos/W02811.mp4,motions/quy_tac/w02811.json,features/quy_tac/w02811.npz,0.9812,4.0374,60
quý giá,quy_gia,Dataset/Videos/W02812.mp4,motions/quy_gia/w02812.json,features/quy_gia/w02812.npz,0.9869,4.1375,60
quyền lợi,quyen_loi,Dataset/Videos/W02813B.mp4,motions/quyen_loi/w02813b.json,features/quyen_loi/w02813b.npz,0.9825,3.1031,60
quyền lợi,quyen_loi,Dataset/Videos/W02813N.mp4,motions/quyen_loi/w02813n.json,features/quyen_loi/w02813n.npz,0.9817,2.9696,60
quyền lợi,quyen_loi,Dataset/Videos/W02813T.mp4,motions/quyen_loi/w02813t.json,features/quyen_loi/w02813t.npz,0.9755,3.1031,60
quyết định,quyet_inh,Dataset/Videos/W02814B.mp4,motions/quyet_inh/w02814b.json,features/quyet_inh/w02814b.npz,0.9126,3.1031,60
quyết định,quyet_inh,Dataset/Videos/W02814N.mp4,motions/quyet_inh/w02814n.json,features/quyet_inh/w02814n.npz,0.9869,3.3033,60
quyết định,quyet_inh,Dataset/Videos/W02814T.mp4,motions/quyet_inh/w02814t.json,features/quyet_inh/w02814t.npz,0.9371,3.1031,60
quỳ,quy,Dataset/Videos/W02815.mp4,motions/quy/w02815.json,features/quy/w02815.npz,0.9972,3.8372,60
quý hiếm,quy_hiem,Dataset/Videos/W02816.mp4,motions/quy_hiem/w02816.json,features/quy_hiem/w02816.npz,0.9866,3.2366,60
quyển vở,quyen_vo,Dataset/Videos/W02818B.mp4,motions/quyen_vo/w02818b.json,features/quyen_vo/w02818b.npz,0.9675,2.6693,60
quyển vở,quyen_vo,Dataset/Videos/W02818N.mp4,motions/quyen_vo/w02818n.json,features/quyen_vo/w02818n.npz,0.9822,2.4358,60
quyển vở,quyen_vo,Dataset/Videos/W02818T.mp4,motions/quyen_vo/w02818t.json,features/quyen_vo/w02818t.npz,0.9866,2.4358,60
quyết tâm,quyet_tam,Dataset/Videos/W02820B.mp4,motions/quyet_tam/w02820b.json,features/quyet_tam/w02820b.npz,0.9694,2.8362,60
quyết tâm,quyet_tam,Dataset/Videos/W02820N.mp4,motions/quyet_tam/w02820n.json,features/quyet_tam/w02820n.npz,0.9599,2.7027,60
quyết tâm,quyet_tam,Dataset/Videos/W02820T.mp4,motions/quyet_tam/w02820t.json,features/quyet_tam/w02820t.npz,0.9559,2.7027,60
ra lệnh,ra_lenh,Dataset/Videos/W02823.mp4,motions/ra_lenh/w02823.json,features/ra_lenh/w02823.npz,0.9839,4.0374,60
ra ngoài,ra_ngoai,Dataset/Videos/W02825B.mp4,motions/ra_ngoai/w02825b.json,features/ra_ngoai/w02825b.npz,0.5176,3.1698,60
ra ngoài,ra_ngoai,Dataset/Videos/W02825N.mp4,motions/ra_ngoai/w02825n.json,features/ra_ngoai/w02825n.npz,0.6328,2.5692,60
ra ngoài,ra_ngoai,Dataset/Videos/W02825T.mp4,motions/ra_ngoai/w02825t.json,features/ra_ngoai/w02825t.npz,0.6328,2.5692,60
rách,rach,Dataset/Videos/W02828.mp4,motions/rach/w02828.json,features/rach/w02828.npz,0.9912,3.7037,60
rạch,rach,Dataset/Videos/W02831.mp4,motions/rach/w02831.json,features/rach/w02831.npz,0.9966,3.2032,60
rào chắn,rao_chan,Dataset/Videos/W02832.mp4,motions/rao_chan/w02832.json,features/rao_chan/w02832.npz,0.9883,4.638,60
rạp chiếu phim,rap_chieu_phim,Dataset/Videos/W02833.mp4,motions/rap_chieu_phim/w02833.json,features/rap_chieu_phim/w02833.npz,0.9806,3.9039,60
rau,rau,Dataset/Videos/W02835.mp4,motions/rau/w02835.json,features/rau/w02835.npz,0.9786,3.0364,60
rau bắp cải,rau_bap_cai,Dataset/Videos/W02836.mp4,motions/rau_bap_cai/w02836.json,features/rau_bap_cai/w02836.npz,0.9752,3.5035,60
rau cải,rau_cai,Dataset/Videos/W02837.mp4,motions/rau_cai/w02837.json,features/rau_cai/w02837.npz,0.9709,4.8382,60
rau cải thảo,rau_cai_thao,Dataset/Videos/W02839.mp4,motions/rau_cai_thao/w02839.json,features/rau_cai_thao/w02839.npz,0.9275,3.7371,60
rau dền,rau_den,Dataset/Videos/W02841.mp4,motions/rau_den/w02841.json,features/rau_den/w02841.npz,0.9692,3.1698,60
rau mùng tơi,rau_mung_toi,Dataset/Videos/W02844.mp4,motions/rau_mung_toi/w02844.json,features/rau_mung_toi/w02844.npz,0.9779,3.4368,60
rau ngót,rau_ngot,Dataset/Videos/W02845.mp4,motions/rau_ngot/w02845.json,features/rau_ngot/w02845.npz,0.9776,3.8705,60
rằm trung thu,ram_trung_thu,Dataset/Videos/W02847B.mp4,motions/ram_trung_thu/w02847b.json,features/ram_trung_thu/w02847b.npz,0.9678,3.7037,60
rằm trung thu,ram_trung_thu,Dataset/Videos/W02847N.mp4,motions/ram_trung_thu/w02847n.json,features/ram_trung_thu/w02847n.npz,0.9552,2.9029,60
rằm trung thu,ram_trung_thu,Dataset/Videos/W02847T.mp4,motions/ram_trung_thu/w02847t.json,features/ram_trung_thu/w02847t.npz,0.9552,2.9029,60
răng,rang,Dataset/Videos/W02848.mp4,motions/rang/w02848.json,features/rang/w02848.npz,0.9832,3.8705,60
răng cưa,rang_cua,Dataset/Videos/W02849.mp4,motions/rang_cua/w02849.json,features/rang_cua/w02849.npz,0.9404,4.004,60
râu,rau,Dataset/Videos/W02851.mp4,motions/rau/w02851.json,features/rau/w02851.npz,0.9894,4.1041,60
rẽ phải,re_phai,Dataset/Videos/W02852.mp4,motions/re_phai/w02852.json,features/re_phai/w02852.npz,0.9886,3.8038,60
rèn sắt,ren_sat,Dataset/Videos/W02853.mp4,motions/ren_sat/w02853.json,features/ren_sat/w02853.npz,0.9735,3.2699,60
rèn luyện,ren_luyen,Dataset/Videos/W02854.mp4,motions/ren_luyen/w02854.json,features/ren_luyen/w02854.npz,0.9871,5.0384,60
reo hò,reo_ho,Dataset/Videos/W02855.mp4,motions/reo_ho/w02855.json,features/reo_ho/w02855.npz,0.9306,3.4368,60
rễ cây,re_cay,Dataset/Videos/W02856.mp4,motions/re_cay/w02856.json,features/re_cay/w02856.npz,0.9824,4.3043,60
rễ chùm,re_chum,Dataset/Videos/W02857.mp4,motions/re_chum/w02857.json,features/re_chum/w02857.npz,0.9797,4.2709,60
rễ cọc,re_coc,Dataset/Videos/W02858.mp4,motions/re_coc/w02858.json,features/re_coc/w02858.npz,0.9815,2.9363,60
rế,re,Dataset/Videos/W02859.mp4,motions/re/w02859.json,features/re/w02859.npz,0.9077,2.9363,60
riêng biệt,rieng_biet,Dataset/Videos/W02860.mp4,motions/rieng_biet/w02860.json,features/rieng_biet/w02860.npz,0.9785,4.0374,60
riêng tư,rieng_tu,Dataset/Videos/W02861.mp4,motions/rieng_tu/w02861.json,features/rieng_tu/w02861.npz,0.9876,3.5035,60
rình mò,rinh_mo,Dataset/Videos/W02862.mp4,motions/rinh_mo/w02862.json,features/rinh_mo/w02862.npz,0.8082,3.3367,60
rìu,riu,Dataset/Videos/W02863.mp4,motions/riu/w02863.json,features/riu/w02863.npz,0.8994,6.5732,60
rõ ràng,ro_rang,Dataset/Videos/W02864B.mp4,motions/ro_rang/w02864b.json,features/ro_rang/w02864b.npz,0.9762,2.7361,60
rõ ràng,ro_rang,Dataset/Videos/W02864T.mp4,motions/ro_rang/w02864t.json,features/ro_rang/w02864t.npz,0.9802,2.7361,60
róc rách,roc_rach,Dataset/Videos/W02865N.mp4,motions/roc_rach/w02865n.json,features/roc_rach/w02865n.npz,0.9726,2.7694,60
rón rén,ron_ren,Dataset/Videos/W02866.mp4,motions/ron_ren/w02866.json,features/ron_ren/w02866.npz,0.9799,3.2366,60
rong biển,rong_bien,Dataset/Videos/W02867.mp4,motions/rong_bien/w02867.json,features/rong_bien/w02867.npz,0.983,3.8372,60
rong chơi,rong_choi,Dataset/Videos/W02868B.mp4,motions/rong_choi/w02868b.json,features/rong_choi/w02868b.npz,0.9614,3.37,60
rong chơi,rong_choi,Dataset/Videos/W02868N.mp4,motions/rong_choi/w02868n.json,features/rong_choi/w02868n.npz,0.9519,2.7027,60
rong chơi,rong_choi,Dataset/Videos/W02868T.mp4,motions/rong_choi/w02868t.json,features/rong_choi/w02868t.npz,0.9582,3.37,60
rổ,ro,Dataset/Videos/W02870.mp4,motions/ro/w02870.json,features/ro/w02870.npz,0.9888,2.9029,60
rộng lớn,rong_lon,Dataset/Videos/W02872.mp4,motions/rong_lon/w02872.json,features/rong_lon/w02872.npz,0.9737,3.3033,60
rộng rãi,rong_rai,Dataset/Videos/W02873.mp4,motions/rong_rai/w02873.json,features/rong_rai/w02873.npz,0.9675,3.3367,60
rơi,roi,Dataset/Videos/W02874.mp4,motions/roi/w02874.json,features/roi/w02874.npz,0.9874,3.4368,60
rơm,rom,Dataset/Videos/W02875.mp4,motions/rom/w02875.json,features/rom/w02875.npz,0.9827,3.7704,60
ru ngủ,ru_ngu,Dataset/Videos/W02876.mp4,motions/ru_ngu/w02876.json,features/ru_ngu/w02876.npz,0.9974,4.1375,60
rụng tóc (đt),rung_toc_t,Dataset/Videos/W02877.mp4,motions/rung_toc_t/w02877.json,features/rung_toc_t/w02877.npz,0.4996,3.8372,60
ruộng bậc thang,ruong_bac_thang,Dataset/Videos/W02878.mp4,motions/ruong_bac_thang/w02878.json,features/ruong_bac_thang/w02878.npz,0.9409,3.6703,60
ruột già,ruot_gia,Dataset/Videos/W02879.mp4,motions/ruot_gia/w02879.json,features/ruot_gia/w02879.npz,0.7633,3.0697,60
ruột non,ruot_non,Dataset/Videos/W02880.mp4,motions/ruot_non/w02880.json,features/ruot_non/w02880.npz,0.7338,3.1365,60
rút gọn,rut_gon,Dataset/Videos/W02883.mp4,motions/rut_gon/w02883.json,features/rut_gon/w02883.npz,0.9821,3.637,60
rút gọn phân số,rut_gon_phan_so,Dataset/Videos/W02884.mp4,motions/rut_gon_phan_so/w02884.json,features/rut_gon_phan_so/w02884.npz,0.9857,3.8038,60
rửa bát,rua_bat,Dataset/Videos/W02885.mp4,motions/rua_bat/w02885.json,features/rua_bat/w02885.npz,0.9579,3.6036,60
rửa chân,rua_chan,Dataset/Videos/W02886.mp4,motions/rua_chan/w02886.json,features/rua_chan/w02886.npz,0.9909,3.5702,60
rửa mặt,rua_mat,Dataset/Videos/W02887.mp4,motions/rua_mat/w02887.json,features/rua_mat/w02887.npz,0.9679,3.0364,60
rửa tay,rua_tay,Dataset/Videos/W02888.mp4,motions/rua_tay/w02888.json,features/rua_tay/w02888.npz,0.9844,3.4701,60
rừng núi,rung_nui,Dataset/Videos/W02892.mp4,motions/rung_nui/w02892.json,features/rung_nui/w02892.npz,0.9869,4.1375,60
rừng rậm,rung_ram,Dataset/Videos/W02893.mp4,motions/rung_ram/w02893.json,features/rung_ram/w02893.npz,0.948,3.3367,60
rừng thưa,rung_thua,Dataset/Videos/W02894.mp4,motions/rung_thua/w02894.json,features/rung_thua/w02894.npz,0.9913,3.7371,60
rước đèn,ruoc_en,Dataset/Videos/W02895.mp4,motions/ruoc_en/w02895.json,features/ruoc_en/w02895.npz,0.9941,3.7037,60
rưỡi,ruoi,Dataset/Videos/W02897B.mp4,motions/ruoi/w02897b.json,features/ruoi/w02897b.npz,0.9666,3.5702,60
rưỡi,ruoi,Dataset/Videos/W02897N.mp4,motions/ruoi/w02897n.json,features/ruoi/w02897n.npz,0.9803,3.3033,60
rưỡi,ruoi,Dataset/Videos/W02897T.mp4,motions/ruoi/w02897t.json,features/ruoi/w02897t.npz,0.9575,3.5702,60
rượu,ruou,Dataset/Videos/W02898B.mp4,motions/ruou/w02898b.json,features/ruou/w02898b.npz,0.9847,3.5369,60
rượu,ruou,Dataset/Videos/W02898N.mp4,motions/ruou/w02898n.json,features/ruou/w02898n.npz,0.9871,3.37,60
rượu,ruou,Dataset/Videos/W02898T.mp4,motions/ruou/w02898t.json,features/ruou/w02898t.npz,0.9871,3.37,60
sách,sach,Dataset/Videos/W02900.mp4,motions/sach/w02900.json,features/sach/w02900.npz,0.9729,3.2032,60
sách giáo khoa,sach_giao_khoa,Dataset/Videos/W02901.mp4,motions/sach_giao_khoa/w02901.json,features/sach_giao_khoa/w02901.npz,0.9507,3.7371,60
sách toán,sach_toan,Dataset/Videos/W02902.mp4,motions/sach_toan/w02902.json,features/sach_toan/w02902.npz,0.9748,3.4368,60
san hô,san_ho,Dataset/Videos/W02903.mp4,motions/san_ho/w02903.json,features/san_ho/w02903.npz,0.9898,4.2709,60
san sẻ,san_se,Dataset/Videos/W02906.mp4,motions/san_se/w02906.json,features/san_se/w02906.npz,0.9936,3.37,60
sản xuất,san_xuat,Dataset/Videos/W02912.mp4,motions/san_xuat/w02912.json,features/san_xuat/w02912.npz,0.9737,3.3033,60
sáng chói,sang_choi,Dataset/Videos/W02915.mp4,motions/sang_choi/w02915.json,features/sang_choi/w02915.npz,0.9824,3.7037,60
sáng kiến,sang_kien,Dataset/Videos/W02916.mp4,motions/sang_kien/w02916.json,features/sang_kien/w02916.npz,0.9818,3.5702,60
sáng tạo,sang_tao,Dataset/Videos/W02918.mp4,motions/sang_tao/w02918.json,features/sang_tao/w02918.npz,0.8875,2.6026,60
sao,sao,Dataset/Videos/W02919N.mp4,motions/sao/w02919n.json,features/sao/w02919n.npz,0.9446,2.9363,60
sao,sao,Dataset/Videos/W02919T.mp4,motions/sao/w02919t.json,features/sao/w02919t.npz,0.9557,2.9363,60
sao chép,sao_chep,Dataset/Videos/W02921.mp4,motions/sao_chep/w02921.json,features/sao_chep/w02921.npz,0.6307,2.9363,60
đỏ thắm,o_tham,Dataset/Videos/W02922.mp4,motions/o_tham/w02922.json,features/o_tham/w02922.npz,0.8129,3.3033,60
sáo,sao,Dataset/Videos/W02923.mp4,motions/sao/w02923.json,features/sao/w02923.npz,0.6204,7.5409,60
Sapa,sapa,Dataset/Videos/W02925.mp4,motions/sapa/w02925.json,features/sapa/w02925.npz,0.9705,3.6703,60
sau,sau,Dataset/Videos/W02926.mp4,motions/sau/w02926.json,features/sau/w02926.npz,0.9871,3.37,60
say sưa,say_sua,Dataset/Videos/W02927.mp4,motions/say_sua/w02927.json,features/say_sua/w02927.npz,0.9839,4.7047,60
săn bắn,san_ban,Dataset/Videos/W02929.mp4,motions/san_ban/w02929.json,features/san_ban/w02929.npz,0.9127,3.6036,60
sắp xếp,sap_xep,Dataset/Videos/W02931B.mp4,motions/sap_xep/w02931b.json,features/sap_xep/w02931b.npz,0.9492,2.1355,60
sắp xếp,sap_xep,Dataset/Videos/W02931N.mp4,motions/sap_xep/w02931n.json,features/sap_xep/w02931n.npz,0.9292,2.6026,60
sắp xếp,sap_xep,Dataset/Videos/W02931T.mp4,motions/sap_xep/w02931t.json,features/sap_xep/w02931t.npz,0.9375,2.6026,60
sắt,sat,Dataset/Videos/W02932B.mp4,motions/sat/w02932b.json,features/sat/w02932b.npz,0.9748,3.4368,60
sắt,sat,Dataset/Videos/W02932N.mp4,motions/sat/w02932n.json,features/sat/w02932n.npz,0.9898,3.2032,60
sắt,sat,Dataset/Videos/W02932T.mp4,motions/sat/w02932t.json,features/sat/w02932t.npz,0.6326,4.6046,60
sấm chớp,sam_chop,Dataset/Videos/W02934.mp4,motions/sam_chop/w02934.json,features/sam_chop/w02934.npz,0.9831,3.2032,60
sấm sét,sam_set,Dataset/Videos/W02935.mp4,motions/sam_set/w02935.json,features/sam_set/w02935.npz,0.9631,3.2366,60
sân chơi,san_choi,Dataset/Videos/W02936B.mp4,motions/san_choi/w02936b.json,features/san_choi/w02936b.npz,0.7689,4.5045,60
sân chơi,san_choi,Dataset/Videos/W02936T.mp4,motions/san_choi/w02936t.json,features/san_choi/w02936t.npz,0.7713,4.5045,60
sân khấu,san_khau,Dataset/Videos/W02937.mp4,motions/san_khau/w02937.json,features/san_khau/w02937.npz,0.9803,3.3033,60
sân nhà,san_nha,Dataset/Videos/W02938.mp4,motions/san_nha/w02938.json,features/san_nha/w02938.npz,0.954,3.7704,60
sân thượng,san_thuong,Dataset/Videos/W02939.mp4,motions/san_thuong/w02939.json,features/san_thuong/w02939.npz,0.9778,4.4044,60
sân trường,san_truong,Dataset/Videos/W02940B.mp4,motions/san_truong/w02940b.json,features/san_truong/w02940b.npz,0.945,4.3377,60
sân trường,san_truong,Dataset/Videos/W02940N.mp4,motions/san_truong/w02940n.json,features/san_truong/w02940n.npz,0.9693,3.5369,60
sân trường,san_truong,Dataset/Videos/W02940T.mp4,motions/san_truong/w02940t.json,features/san_truong/w02940t.npz,0.9632,3.5369,60
sân vận động,san_van_ong,Dataset/Videos/W02941.mp4,motions/san_van_ong/w02941.json,features/san_van_ong/w02941.npz,0.9729,4.004,60
sâu,sau,Dataset/Videos/W02943.mp4,motions/sau/w02943.json,features/sau/w02943.npz,0.985,4.3377,60
sâu bọ,sau_bo,Dataset/Videos/W02944.mp4,motions/sau_bo/w02944.json,features/sau_bo/w02944.npz,0.9937,3.4368,60
sâu răng,sau_rang,Dataset/Videos/W02945.mp4,motions/sau_rang/w02945.json,features/sau_rang/w02945.npz,0.9896,3.1365,60
sâu thẳm,sau_tham,Dataset/Videos/W02946.mp4,motions/sau_tham/w02946.json,features/sau_tham/w02946.npz,0.9783,4.004,60
sĩ diện,si_dien,Dataset/Videos/W02947B.mp4,motions/si_dien/w02947b.json,features/si_dien/w02947b.npz,0.9857,3.8038,60
sĩ diện,si_dien,Dataset/Videos/W02947N.mp4,motions/si_dien/w02947n.json,features/si_dien/w02947n.npz,0.539,3.2699,60
siêng năng,sieng_nang,Dataset/Videos/W02948.mp4,motions/sieng_nang/w02948.json,features/sieng_nang/w02948.npz,0.9921,4.1375,60
siêu âm,sieu_am,Dataset/Videos/W02949.mp4,motions/sieu_am/w02949.json,features/sieu_am/w02949.npz,1.0,3.4701,60
siêu thị,sieu_thi,Dataset/Videos/W02951.mp4,motions/sieu_thi/w02951.json,features/sieu_thi/w02951.npz,0.9898,4.2376,60
siêu tốc,sieu_toc,Dataset/Videos/W02952.mp4,motions/sieu_toc/w02952.json,features/sieu_toc/w02952.npz,0.9839,3.37,60
sinh đẻ,sinh_e,Dataset/Videos/W02953B.mp4,motions/sinh_e/w02953b.json,features/sinh_e/w02953b.npz,0.9904,4.5045,60
sinh đẻ,sinh_e,Dataset/Videos/W02953N.mp4,motions/sinh_e/w02953n.json,features/sinh_e/w02953n.npz,0.9755,3.1031,60
sinh đẻ,sinh_e,Dataset/Videos/W02953T.mp4,motions/sinh_e/w02953t.json,features/sinh_e/w02953t.npz,0.9266,3.1031,60
sinh động,sinh_ong,Dataset/Videos/W02954.mp4,motions/sinh_ong/w02954.json,features/sinh_ong/w02954.npz,0.9639,3.6036,60
sinh hoạt,sinh_hoat,Dataset/Videos/W02955.mp4,motions/sinh_hoat/w02955.json,features/sinh_hoat/w02955.npz,0.9579,3.6036,60
sinh sản,sinh_san,Dataset/Videos/W02956B.mp4,motions/sinh_san/w02956b.json,features/sinh_san/w02956b.npz,0.9882,3.6703,60
sinh sản,sinh_san,Dataset/Videos/W02956N.mp4,motions/sinh_san/w02956n.json,features/sinh_san/w02956n.npz,0.9757,2.2356,60
sinh sản,sinh_san,Dataset/Videos/W02956T.mp4,motions/sinh_san/w02956t.json,features/sinh_san/w02956t.npz,0.9757,2.2356,60
sinh sống,sinh_song,Dataset/Videos/W02957.mp4,motions/sinh_song/w02957.json,features/sinh_song/w02957.npz,0.9925,2.9029,60
sinh tố,sinh_to,Dataset/Videos/W02958.mp4,motions/sinh_to/w02958.json,features/sinh_to/w02958.npz,0.9854,2.9696,60
sinh vật,sinh_vat,Dataset/Videos/W02960.mp4,motions/sinh_vat/w02960.json,features/sinh_vat/w02960.npz,0.9807,3.9373,60
Sóc Trăng,soc_trang,Dataset/Videos/W02961.mp4,motions/soc_trang/w02961.json,features/soc_trang/w02961.npz,0.9857,3.8038,60
soi,soi,Dataset/Videos/W02962.mp4,motions/soi/w02962.json,features/soi/w02962.npz,0.9832,3.2366,60
son môi,son_moi,Dataset/Videos/W02964.mp4,motions/son_moi/w02964.json,features/son_moi/w02964.npz,0.988,4.5045,60
song song,song_song,Dataset/Videos/W02965.mp4,motions/song_song/w02965.json,features/song_song/w02965.npz,0.9781,2.9696,60
sóng biển,song_bien,Dataset/Videos/W02967.mp4,motions/song_bien/w02967.json,features/song_bien/w02967.npz,0.9668,3.2699,60
sóng thần,song_than,Dataset/Videos/W02968.mp4,motions/song_than/w02968.json,features/song_than/w02968.npz,0.9618,3.9706,60
sổ đầu bài,so_au_bai,Dataset/Videos/W02970.mp4,motions/so_au_bai/w02970.json,features/so_au_bai/w02970.npz,0.9261,6.3063,60
sổ điểm danh,so_iem_danh,Dataset/Videos/W02972.mp4,motions/so_iem_danh/w02972.json,features/so_iem_danh/w02972.npz,0.9536,3.5035,60
sổ tay,so_tay,Dataset/Videos/W02974.mp4,motions/so_tay/w02974.json,features/so_tay/w02974.npz,0.9659,4.1375,60
số bé,so_be,Dataset/Videos/W02975.mp4,motions/so_be/w02975.json,features/so_be/w02975.npz,0.9916,2.5692,60
số chẵn,so_chan,Dataset/Videos/W02979.mp4,motions/so_chan/w02979.json,features/so_chan/w02979.npz,0.9712,4.1375,60
số chín,so_chin,Dataset/Videos/W02981.mp4,motions/so_chin/w02981.json,features/so_chin/w02981.npz,0.9882,3.6703,60
số đo,so_o,Dataset/Videos/W02987.mp4,motions/so_o/w02987.json,features/so_o/w02987.npz,0.8856,3.6036,60
số lẻ,so_le,Dataset/Videos/W02989.mp4,motions/so_le/w02989.json,features/so_le/w02989.npz,0.9884,5.6056,60
số liền sau,so_lien_sau,Dataset/Videos/W02990.mp4,motions/so_lien_sau/w02990.json,features/so_lien_sau/w02990.npz,0.6213,4.0374,60
số liền trước,so_lien_truoc,Dataset/Videos/W02991.mp4,motions/so_lien_truoc/w02991.json,features/so_lien_truoc/w02991.npz,0.5758,5.1385,60
số lớn,so_lon,Dataset/Videos/W02992.mp4,motions/so_lon/w02992.json,features/so_lon/w02992.npz,0.9909,3.5702,60
số thập phân,so_thap_phan,Dataset/Videos/W02996.mp4,motions/so_thap_phan/w02996.json,features/so_thap_phan/w02996.npz,0.9935,3.3367,60
sông Hồng,song_hong,Dataset/Videos/W03005.mp4,motions/song_hong/w03005.json,features/song_hong/w03005.npz,0.9919,4.0374,60
sốt,sot,Dataset/Videos/W03008.mp4,motions/sot/w03008.json,features/sot/w03008.npz,0.9833,4.5379,60
sơ đồ,so_o,Dataset/Videos/W03010N.mp4,motions/so_o/w03010n.json,features/so_o/w03010n.npz,0.9658,3.1698,60
sơ đồ,so_o,Dataset/Videos/W03010T.mp4,motions/so_o/w03010t.json,features/so_o/w03010t.npz,0.9795,3.1698,60
sơ mi,so_mi,Dataset/Videos/W03011B.mp4,motions/so_mi/w03011b.json,features/so_mi/w03011b.npz,0.9799,2.7027,60
sơ mi,so_mi,Dataset/Videos/W03011N.mp4,motions/so_mi/w03011n.json,features/so_mi/w03011n.npz,0.9705,3.3033,60
sơ mi,so_mi,Dataset/Videos/W03011T.mp4,motions/so_mi/w03011t.json,features/so_mi/w03011t.npz,0.8006,4.4044,60
sợi,soi,Dataset/Videos/W03014.mp4,motions/soi/w03014.json,features/soi/w03014.npz,0.9523,3.637,60
sợi chỉ,soi_chi,Dataset/Videos/W03015.mp4,motions/soi_chi/w03015.json,features/soi_chi/w03015.npz,0.9789,3.6036,60
sợi dây,soi_day,Dataset/Videos/W03016.mp4,motions/soi_day/w03016.json,features/soi_day/w03016.npz,0.9829,3.8038,60
sợi len,soi_len,Dataset/Videos/W03017.mp4,motions/soi_len/w03017.json,features/soi_len/w03017.npz,0.9895,4.1375,60
sơn,son,Dataset/Videos/W03018.mp4,motions/son/w03018.json,features/son/w03018.npz,0.9942,3.7371,60
súc miệng,suc_mieng,Dataset/Videos/W03021.mp4,motions/suc_mieng/w03021.json,features/suc_mieng/w03021.npz,0.9936,3.37,60
sum họp,sum_hop,Dataset/Videos/W03023.mp4,motions/sum_hop/w03023.json,features/sum_hop/w03023.npz,0.9809,4.5379,60
suối,suoi,Dataset/Videos/W03024.mp4,motions/suoi/w03024.json,features/suoi/w03024.npz,0.9843,2.7694,60
suy nghĩ,suy_nghi,Dataset/Videos/W03025N.mp4,motions/suy_nghi/w03025n.json,features/suy_nghi/w03025n.npz,0.9759,2.7027,60
suy nghĩ,suy_nghi,Dataset/Videos/W03025T.mp4,motions/suy_nghi/w03025t.json,features/suy_nghi/w03025t.npz,0.6643,4.0707,60
sự thật,su_that,Dataset/Videos/W03031.mp4,motions/su_that/w03031.json,features/su_that/w03031.npz,0.9901,3.2699,60
sửa chữa,sua_chua,Dataset/Videos/W03034.mp4,motions/sua_chua/w03034.json,features/sua_chua/w03034.npz,0.9726,3.1698,60
sữa bò,sua_bo,Dataset/Videos/W03036B.mp4,motions/sua_bo/w03036b.json,features/sua_bo/w03036b.npz,0.9686,3.8038,60
sữa bò,sua_bo,Dataset/Videos/W03036N.mp4,motions/sua_bo/w03036n.json,features/sua_bo/w03036n.npz,0.9438,2.7027,60
sữa bò,sua_bo,Dataset/Videos/W03036T.mp4,motions/sua_bo/w03036t.json,features/sua_bo/w03036t.npz,0.9478,2.7027,60
sữa bột,sua_bot,Dataset/Videos/W03037B.mp4,motions/sua_bot/w03037b.json,features/sua_bot/w03037b.npz,0.978,4.4378,60
sữa bột,sua_bot,Dataset/Videos/W03037N.mp4,motions/sua_bot/w03037n.json,features/sua_bot/w03037n.npz,0.9685,3.1031,60
sữa bột,sua_bot,Dataset/Videos/W03037T.mp4,motions/sua_bot/w03037t.json,features/sua_bot/w03037t.npz,0.9825,3.1031,60
sữa dê,sua_de,Dataset/Videos/W03038B.mp4,motions/sua_de/w03038b.json,features/sua_de/w03038b.npz,0.9714,3.0364,60
sữa dê,sua_de,Dataset/Videos/W03038N.mp4,motions/sua_de/w03038n.json,features/sua_de/w03038n.npz,0.9536,2.5692,60
sữa dê,sua_de,Dataset/Videos/W03038T.mp4,motions/sua_de/w03038t.json,features/sua_de/w03038t.npz,0.9578,2.5692,60
sữa đặc,sua_ac,Dataset/Videos/W03039.mp4,motions/sua_ac/w03039.json,features/sua_ac/w03039.npz,0.9797,3.2032,60
sữa hộp,sua_hop,Dataset/Videos/W03040B.mp4,motions/sua_hop/w03040b.json,features/sua_hop/w03040b.npz,0.9896,5.2052,60
sữa hộp,sua_hop,Dataset/Videos/W03040N.mp4,motions/sua_hop/w03040n.json,features/sua_hop/w03040n.npz,0.9842,3.4368,60
sữa hộp,sua_hop,Dataset/Videos/W03040T.mp4,motions/sua_hop/w03040t.json,features/sua_hop/w03040t.npz,0.9896,5.2052,60
sữa rửa mặt,sua_rua_mat,Dataset/Videos/W03041.mp4,motions/sua_rua_mat/w03041.json,features/sua_rua_mat/w03041.npz,0.9741,3.7704,60
sữa,sua,Dataset/Videos/W03042B.mp4,motions/sua/w03042b.json,features/sua/w03042b.npz,0.5531,4.004,60
sữa,sua,Dataset/Videos/W03042N.mp4,motions/sua/w03042n.json,features/sua/w03042n.npz,0.5857,4.0707,60
sữa,sua,Dataset/Videos/W03042T.mp4,motions/sua/w03042t.json,features/sua/w03042t.npz,0.5558,4.004,60
sức khỏe,suc_khoe,Dataset/Videos/W03043.mp4,motions/suc_khoe/w03043.json,features/suc_khoe/w03043.npz,0.9694,2.8362,60
sừng,sung,Dataset/Videos/W03046.mp4,motions/sung/w03046.json,features/sung/w03046.npz,0.9636,4.1708,60
sừng bò,sung_bo,Dataset/Videos/W03047.mp4,motions/sung_bo/w03047.json,features/sung_bo/w03047.npz,0.9125,2.6026,60
sừng trâu,sung_trau,Dataset/Videos/W03048.mp4,motions/sung_trau/w03048.json,features/sung_trau/w03048.npz,0.9403,3.2699,60
sương gió,suong_gio,Dataset/Videos/W03050.mp4,motions/suong_gio/w03050.json,features/suong_gio/w03050.npz,0.9793,3.6703,60
sườn,suon,Dataset/Videos/W03051.mp4,motions/suon/w03051.json,features/suon/w03051.npz,0.9935,3.3367,60
tác dụng,tac_dung,Dataset/Videos/W03054.mp4,motions/tac_dung/w03054.json,features/tac_dung/w03054.npz,0.9777,3.4034,60
tác động,tac_ong,Dataset/Videos/W03055.mp4,motions/tac_ong/w03055.json,features/tac_ong/w03055.npz,0.9899,3.2366,60
tác giả,tac_gia,Dataset/Videos/W03056.mp4,motions/tac_gia/w03056.json,features/tac_gia/w03056.npz,0.9755,3.1031,60
tác phẩm,tac_pham,Dataset/Videos/W03058.mp4,motions/tac_pham/w03058.json,features/tac_pham/w03058.npz,0.9217,2.7694,60
tách,tach,Dataset/Videos/W03059.mp4,motions/tach/w03059.json,features/tach/w03059.npz,0.9903,3.37,60
tách lớp,tach_lop,Dataset/Videos/W03060.mp4,motions/tach_lop/w03060.json,features/tach_lop/w03060.npz,0.979,3.1031,60
tai,tai,Dataset/Videos/W03061.mp4,motions/tai/w03061.json,features/tai/w03061.npz,0.9783,3.003,60
tai nạn,tai_nan,Dataset/Videos/W03062.mp4,motions/tai_nan/w03062.json,features/tai_nan/w03062.npz,0.9714,3.0364,60
tài giỏi,tai_gioi,Dataset/Videos/W03063.mp4,motions/tai_gioi/w03063.json,features/tai_gioi/w03063.npz,0.9911,3.637,60
tài năng,tai_nang,Dataset/Videos/W03064.mp4,motions/tai_nang/w03064.json,features/tai_nang/w03064.npz,0.9899,3.2366,60
tài trợ,tai_tro,Dataset/Videos/W03067.mp4,motions/tai_tro/w03067.json,features/tai_tro/w03067.npz,0.9931,3.1365,60
tái phát,tai_phat,Dataset/Videos/W03070.mp4,motions/tai_phat/w03070.json,features/tai_phat/w03070.npz,0.4962,4.6713,60
tái phạm,tai_pham,Dataset/Videos/W03071B.mp4,motions/tai_pham/w03071b.json,features/tai_pham/w03071b.npz,0.9613,2.8028,60
tái phạm,tai_pham,Dataset/Videos/W03071N.mp4,motions/tai_pham/w03071n.json,features/tai_pham/w03071n.npz,0.9731,4.0374,60
tái phạm,tai_pham,Dataset/Videos/W03071T.mp4,motions/tai_pham/w03071t.json,features/tai_pham/w03071t.npz,0.9866,4.0374,60
đảo Trường Sa,ao_truong_sa,Dataset/Videos/W03073.mp4,motions/ao_truong_sa/w03073.json,features/ao_truong_sa/w03073.npz,0.9773,2.8695,60
tam giác,tam_giac,Dataset/Videos/W03074.mp4,motions/tam_giac/w03074.json,features/tam_giac/w03074.npz,0.9655,3.7704,60
tạm biệt,tam_biet,Dataset/Videos/W03075.mp4,motions/tam_biet/w03075.json,features/tam_biet/w03075.npz,0.9862,3.1365,60
đảo Hoàng Sa,ao_hoang_sa,Dataset/Videos/W03076.mp4,motions/ao_hoang_sa/w03076.json,features/ao_hoang_sa/w03076.npz,0.9671,2.9696,60
tán thành,tan_thanh,Dataset/Videos/W03077.mp4,motions/tan_thanh/w03077.json,features/tan_thanh/w03077.npz,0.9531,3.2366,60
tạo dáng,tao_dang,Dataset/Videos/W03081.mp4,motions/tao_dang/w03081.json,features/tao_dang/w03081.npz,0.7381,3.4368,60
tát,tat,Dataset/Videos/W03084.mp4,motions/tat/w03084.json,features/tat/w03084.npz,0.9773,2.8695,60
tàu hoả,tau_hoa,Dataset/Videos/W03085B.mp4,motions/tau_hoa/w03085b.json,features/tau_hoa/w03085b.npz,0.9126,3.1031,60
tàu hoả,tau_hoa,Dataset/Videos/W03085N.mp4,motions/tau_hoa/w03085n.json,features/tau_hoa/w03085n.npz,0.8976,3.0697,60
tàu hoả,tau_hoa,Dataset/Videos/W03085T.mp4,motions/tau_hoa/w03085t.json,features/tau_hoa/w03085t.npz,0.8962,6.1728,60
tàu ngầm,tau_ngam,Dataset/Videos/W03086.mp4,motions/tau_ngam/w03086.json,features/tau_ngam/w03086.npz,0.8103,7.374,60
tàu thuyền,tau_thuyen,Dataset/Videos/W03087.mp4,motions/tau_thuyen/w03087.json,features/tau_thuyen/w03087.npz,0.8592,4.004,60
tàu thủy,tau_thuy,Dataset/Videos/W03088.mp4,motions/tau_thuy/w03088.json,features/tau_thuy/w03088.npz,0.9876,3.5035,60
taxi,taxi,Dataset/Videos/W03089.mp4,motions/taxi/w03089.json,features/taxi/w03089.npz,0.9779,3.4368,60
tay,tay,Dataset/Videos/W03090.mp4,motions/tay/w03090.json,features/tay/w03090.npz,0.9881,3.637,60
tay phải,tay_phai,Dataset/Videos/W03095.mp4,motions/tay_phai/w03095.json,features/tay_phai/w03095.npz,0.9897,3.1698,60
tay trái,tay_trai,Dataset/Videos/W03097.mp4,motions/tay_trai/w03097.json,features/tay_trai/w03097.npz,0.9873,2.5692,60
tặc lưỡi,tac_luoi,Dataset/Videos/W03099.mp4,motions/tac_luoi/w03099.json,features/tac_luoi/w03099.npz,0.9893,3.0364,60
tăm,tam,Dataset/Videos/W03100.mp4,motions/tam/w03100.json,features/tam/w03100.npz,0.9875,3.4701,60
tâm thần,tam_than,Dataset/Videos/W03103.mp4,motions/tam_than/w03103.json,features/tam_than/w03103.npz,0.9786,3.0364,60
tấm vải,tam_vai,Dataset/Videos/W03105B.mp4,motions/tam_vai/w03105b.json,features/tam_vai/w03105b.npz,0.9549,4.5712,60
tấm vải,tam_vai,Dataset/Videos/W03105N.mp4,motions/tam_vai/w03105n.json,features/tam_vai/w03105n.npz,0.943,3.2366,60
tấm vải,tam_vai,Dataset/Videos/W03105T.mp4,motions/tam_vai/w03105t.json,features/tam_vai/w03105t.npz,0.9454,4.5712,60
tấn công,tan_cong,Dataset/Videos/W03107.mp4,motions/tan_cong/w03107.json,features/tan_cong/w03107.npz,0.9221,3.2032,60
tập hợp (Toán học),tap_hop_toan_hoc,Dataset/Videos/W03110.mp4,motions/tap_hop_toan_hoc/w03110.json,features/tap_hop_toan_hoc/w03110.npz,0.9615,2.5359,60
tập hợp rỗng,tap_hop_rong,Dataset/Videos/W03111.mp4,motions/tap_hop_rong/w03111.json,features/tap_hop_rong/w03111.npz,0.9733,2.4358,60
tập làm văn,tap_lam_van,Dataset/Videos/W03112.mp4,motions/tap_lam_van/w03112.json,features/tap_lam_van/w03112.npz,0.9781,3.4701,60
tập thể,tap_the,Dataset/Videos/W03115N.mp4,motions/tap_the/w03115n.json,features/tap_the/w03115n.npz,0.9465,2.636,60
tập thể dục,tap_the_duc,Dataset/Videos/W03116B.mp4,motions/tap_the_duc/w03116b.json,features/tap_the_duc/w03116b.npz,0.9341,4.6046,60
tập thể dục,tap_the_duc,Dataset/Videos/W03116T.mp4,motions/tap_the_duc/w03116t.json,features/tap_the_duc/w03116t.npz,0.9435,4.6046,60
tập trung,tap_trung,Dataset/Videos/W03117.mp4,motions/tap_trung/w03117.json,features/tap_trung/w03117.npz,0.9726,3.1698,60
tập viết,tap_viet,Dataset/Videos/W03118.mp4,motions/tap_viet/w03118.json,features/tap_viet/w03118.npz,0.9932,4.7714,60
Tây Bắc,tay_bac,Dataset/Videos/W03121.mp4,motions/tay_bac/w03121.json,features/tay_bac/w03121.npz,0.987,3.3367,60
Tây Nguyên,tay_nguyen,Dataset/Videos/W03123.mp4,motions/tay_nguyen/w03123.json,features/tay_nguyen/w03123.npz,0.9797,3.2032,60
Tây Ninh,tay_ninh,Dataset/Videos/W03124.mp4,motions/tay_ninh/w03124.json,features/tay_ninh/w03124.npz,0.9811,2.8695,60
tên là gì?,ten_la_gi,Dataset/Videos/W03129N.mp4,motions/ten_la_gi/w03129n.json,features/ten_la_gi/w03129n.npz,0.9799,3.2366,60
tên là gì?,ten_la_gi,Dataset/Videos/W03129T.mp4,motions/ten_la_gi/w03129t.json,features/ten_la_gi/w03129t.npz,0.7421,4.2042,60
tên riêng,ten_rieng,Dataset/Videos/W03130N.mp4,motions/ten_rieng/w03130n.json,features/ten_rieng/w03130n.npz,0.987,2.5025,60
Tết Âm,tet_am,Dataset/Videos/W03131N.mp4,motions/tet_am/w03131n.json,features/tet_am/w03131n.npz,0.9683,2.7361,60
Tết Âm,tet_am,Dataset/Videos/W03131T.mp4,motions/tet_am/w03131t.json,features/tet_am/w03131t.npz,0.7617,4.004,60
Tết Dương,tet_duong,Dataset/Videos/W03132N.mp4,motions/tet_duong/w03132n.json,features/tet_duong/w03132n.npz,0.9559,2.7027,60
Tết Dương,tet_duong,Dataset/Videos/W03132T.mp4,motions/tet_duong/w03132t.json,features/tet_duong/w03132t.npz,0.692,4.4711,60
Tết Thiếu nhi,tet_thieu_nhi,Dataset/Videos/W03133N.mp4,motions/tet_thieu_nhi/w03133n.json,features/tet_thieu_nhi/w03133n.npz,0.9458,3.003,60
Tết Trung thu,tet_trung_thu,Dataset/Videos/W03134B.mp4,motions/tet_trung_thu/w03134b.json,features/tet_trung_thu/w03134b.npz,0.9759,3.6036,60
Tết Trung thu,tet_trung_thu,Dataset/Videos/W03134N.mp4,motions/tet_trung_thu/w03134n.json,features/tet_trung_thu/w03134n.npz,0.9584,2.8695,60
Tết Trung thu,tet_trung_thu,Dataset/Videos/W03134T.mp4,motions/tet_trung_thu/w03134t.json,features/tet_trung_thu/w03134t.npz,0.9584,2.8695,60
tha,tha,Dataset/Videos/W03135.mp4,motions/tha/w03135.json,features/tha/w03135.npz,0.9702,3.2699,60
tha mồi,tha_moi,Dataset/Videos/W03136.mp4,motions/tha_moi/w03136.json,features/tha_moi/w03136.npz,0.9768,3.2699,60
tha thứ,tha_thu,Dataset/Videos/W03138B.mp4,motions/tha_thu/w03138b.json,features/tha_thu/w03138b.npz,0.9393,7.1405,60
tha thứ,tha_thu,Dataset/Videos/W03138N.mp4,motions/tha_thu/w03138n.json,features/tha_thu/w03138n.npz,0.975,2.6026,60
tha thứ,tha_thu,Dataset/Videos/W03138T.mp4,motions/tha_thu/w03138t.json,features/tha_thu/w03138t.npz,0.6893,3.8038,60
thả diều,tha_dieu,Dataset/Videos/W03139.mp4,motions/tha_dieu/w03139.json,features/tha_dieu/w03139.npz,0.9705,3.6703,60
thả mồi,tha_moi,Dataset/Videos/W03140.mp4,motions/tha_moi/w03140.json,features/tha_moi/w03140.npz,0.9569,2.7694,60
thác,thac,Dataset/Videos/W03141.mp4,motions/thac/w03141.json,features/thac/w03141.npz,0.9719,2.7027,60
thái độ,thai_o,Dataset/Videos/W03148B.mp4,motions/thai_o/w03148b.json,features/thai_o/w03148b.npz,0.9851,7.2739,60
thái độ,thai_o,Dataset/Videos/W03148N.mp4,motions/thai_o/w03148n.json,features/thai_o/w03148n.npz,0.9872,2.5359,60
thái độ,thai_o,Dataset/Videos/W03148T.mp4,motions/thai_o/w03148t.json,features/thai_o/w03148t.npz,0.9872,2.5359,60
Thái Nguyên,thai_nguyen,Dataset/Videos/W03150.mp4,motions/thai_nguyen/w03150.json,features/thai_nguyen/w03150.npz,0.9652,2.8028,60
tham dự,tham_du,Dataset/Videos/W03153B.mp4,motions/tham_du/w03153b.json,features/tham_du/w03153b.npz,0.9877,4.4044,60
tham dự,tham_du,Dataset/Videos/W03153N.mp4,motions/tham_du/w03153n.json,features/tham_du/w03153n.npz,0.9682,3.0697,60
tham dự,tham_du,Dataset/Videos/W03153T.mp4,motions/tham_du/w03153t.json,features/tham_du/w03153t.npz,0.9753,3.0697,60
tham khảo,tham_khao,Dataset/Videos/W03154.mp4,motions/tham_khao/w03154.json,features/tham_khao/w03154.npz,0.9672,3.9706,60
tham lam,tham_lam,Dataset/Videos/W03155.mp4,motions/tham_lam/w03155.json,features/tham_lam/w03155.npz,0.984,2.7027,60
tham quan,tham_quan,Dataset/Videos/W03156B.mp4,motions/tham_quan/w03156b.json,features/tham_quan/w03156b.npz,0.9782,4.4711,60
tham quan,tham_quan,Dataset/Videos/W03156N.mp4,motions/tham_quan/w03156n.json,features/tham_quan/w03156n.npz,0.9195,3.637,60
tham quan,tham_quan,Dataset/Videos/W03156T.mp4,motions/tham_quan/w03156t.json,features/tham_quan/w03156t.npz,0.9135,3.637,60
thám tử,tham_tu,Dataset/Videos/W03160.mp4,motions/tham_tu/w03160.json,features/tham_tu/w03160.npz,0.5598,4.2376,60
thản nhiên,than_nhien,Dataset/Videos/W03163.mp4,motions/than_nhien/w03163.json,features/than_nhien/w03163.npz,1.0,3.3367,60
thán phục,than_phuc,Dataset/Videos/W03164.mp4,motions/than_phuc/w03164.json,features/than_phuc/w03164.npz,0.9139,3.9039,60
cầu thang,cau_thang,Dataset/Videos/W03165.mp4,motions/cau_thang/w03165.json,features/cau_thang/w03165.npz,0.7525,3.637,60
tháng,thang,Dataset/Videos/W03167B.mp4,motions/thang/w03167b.json,features/thang/w03167b.npz,0.9678,3.37,60
tháng,thang,Dataset/Videos/W03167N.mp4,motions/thang/w03167n.json,features/thang/w03167n.npz,0.7593,3.6036,60
tháng,thang,Dataset/Videos/W03167T.mp4,motions/thang/w03167t.json,features/thang/w03167t.npz,0.7562,3.6036,60
Thanh Hóa,thanh_hoa,Dataset/Videos/W03168.mp4,motions/thanh_hoa/w03168.json,features/thanh_hoa/w03168.npz,0.9721,3.5035,60
thanh niên,thanh_nien,Dataset/Videos/W03171.mp4,motions/thanh_nien/w03171.json,features/thanh_nien/w03171.npz,0.9536,3.0364,60
đường ray xe lửa,uong_ray_xe_lua,Dataset/Videos/W03172.mp4,motions/uong_ray_xe_lua/w03172.json,features/uong_ray_xe_lua/w03172.npz,0.6805,3.9373,60
thành công,thanh_cong,Dataset/Videos/W03173.mp4,motions/thanh_cong/w03173.json,features/thanh_cong/w03173.npz,0.9426,3.4034,60
thành lập,thanh_lap,Dataset/Videos/W03175.mp4,motions/thanh_lap/w03175.json,features/thanh_lap/w03175.npz,0.9679,2.7027,60
thành lập,thanh_lap,Dataset/Videos/W03175B.mp4,motions/thanh_lap/w03175b.json,features/thanh_lap/w03175b.npz,0.9868,4.1041,60
thành lập,thanh_lap,Dataset/Videos/W03175N.mp4,motions/thanh_lap/w03175n.json,features/thanh_lap/w03175n.npz,0.9712,4.1375,60
thành lập,thanh_lap,Dataset/Videos/W03175T.mp4,motions/thanh_lap/w03175t.json,features/thanh_lap/w03175t.npz,0.9894,4.1041,60
thành thạo,thanh_thao,Dataset/Videos/W03180.mp4,motions/thanh_thao/w03180.json,features/thanh_thao/w03180.npz,0.6502,3.5035,60
thành thị,thanh_thi,Dataset/Videos/W03181.mp4,motions/thanh_thi/w03181.json,features/thanh_thi/w03181.npz,0.9589,3.1698,60
thành viên,thanh_vien,Dataset/Videos/W03185.mp4,motions/thanh_vien/w03185.json,features/thanh_vien/w03185.npz,0.9688,4.1708,60
thánh địa Mỹ Sơn,thanh_ia_my_son,Dataset/Videos/W03186.mp4,motions/thanh_ia_my_son/w03186.json,features/thanh_ia_my_son/w03186.npz,0.74,4.3377,60
tháo gỡ,thao_go,Dataset/Videos/W03191.mp4,motions/thao_go/w03191.json,features/thao_go/w03191.npz,0.9464,3.0364,60
tháp,thap,Dataset/Videos/W03192.mp4,motions/thap/w03192.json,features/thap/w03192.npz,0.9233,2.9696,60
tháp Rùa,thap_rua,Dataset/Videos/W03193.mp4,motions/thap_rua/w03193.json,features/thap_rua/w03193.npz,0.9975,4.371,60
thắc mắc,thac_mac,Dataset/Videos/W03196.mp4,motions/thac_mac/w03196.json,features/thac_mac/w03196.npz,0.9761,3.1698,60
thăm hỏi,tham_hoi,Dataset/Videos/W03197B.mp4,motions/tham_hoi/w03197b.json,features/tham_hoi/w03197b.npz,0.9849,4.3043,60
thăm hỏi,tham_hoi,Dataset/Videos/W03197N.mp4,motions/tham_hoi/w03197n.json,features/tham_hoi/w03197n.npz,0.979,3.1031,60
thăm hỏi,tham_hoi,Dataset/Videos/W03197T.mp4,motions/tham_hoi/w03197t.json,features/tham_hoi/w03197t.npz,0.9672,4.3043,60
thăng bằng,thang_bang,Dataset/Videos/W03199.mp4,motions/thang_bang/w03199.json,features/thang_bang/w03199.npz,0.9773,2.8695,60
thẳng hàng (Toán học),thang_hang_toan_hoc,Dataset/Videos/W03201.mp4,motions/thang_hang_toan_hoc/w03201.json,features/thang_hang_toan_hoc/w03201.npz,0.9613,2.8028,60
thẳng tắp,thang_tap,Dataset/Videos/W03202.mp4,motions/thang_tap/w03202.json,features/thang_tap/w03202.npz,0.9815,4.1041,60
thắng lợi,thang_loi,Dataset/Videos/W03203.mp4,motions/thang_loi/w03203.json,features/thang_loi/w03203.npz,0.9614,3.37,60
thân cây,than_cay,Dataset/Videos/W03204B.mp4,motions/than_cay/w03204b.json,features/than_cay/w03204b.npz,0.9814,4.0707,60
thân cây,than_cay,Dataset/Videos/W03204N.mp4,motions/than_cay/w03204n.json,features/than_cay/w03204n.npz,0.9712,3.7704,60
thân cây,than_cay,Dataset/Videos/W03204T.mp4,motions/than_cay/w03204t.json,features/than_cay/w03204t.npz,0.9712,3.7704,60
thân hình,than_hinh,Dataset/Videos/W03205.mp4,motions/than_hinh/w03205.json,features/than_hinh/w03205.npz,0.975,3.4701,60
thân thiết,than_thiet,Dataset/Videos/W03207.mp4,motions/than_thiet/w03207.json,features/than_thiet/w03207.npz,0.9795,3.1698,60
thân thiện,than_thien,Dataset/Videos/W03208.mp4,motions/than_thien/w03208.json,features/than_thien/w03208.npz,0.9701,2.9029,60
thần chết,than_chet,Dataset/Videos/W03210.mp4,motions/than_chet/w03210.json,features/than_chet/w03210.npz,0.9859,3.0697,60
thần kinh,than_kinh,Dataset/Videos/W03211N.mp4,motions/than_kinh/w03211n.json,features/than_kinh/w03211n.npz,0.9689,3.1365,60
thận,than,Dataset/Videos/W03214.mp4,motions/than/w03214.json,features/than/w03214.npz,0.9933,3.2366,60
thấp hơn,thap_hon,Dataset/Videos/W03215.mp4,motions/thap_hon/w03215.json,features/thap_hon/w03215.npz,0.9743,3.37,60
thấp nhất,thap_nhat,Dataset/Videos/W03216.mp4,motions/thap_nhat/w03216.json,features/thap_nhat/w03216.npz,0.9653,3.4368,60
thập thò,thap_tho,Dataset/Videos/W03219.mp4,motions/thap_tho/w03219.json,features/thap_tho/w03219.npz,0.833,3.637,60
thật thà,that_tha,Dataset/Videos/W03221.mp4,motions/that_tha/w03221.json,features/that_tha/w03221.npz,0.9899,3.2366,60
thầy cô,thay_co,Dataset/Videos/W03222B.mp4,motions/thay_co/w03222b.json,features/thay_co/w03222b.npz,0.9902,5.5389,60
thầy cô,thay_co,Dataset/Videos/W03222N.mp4,motions/thay_co/w03222n.json,features/thay_co/w03222n.npz,0.5806,3.1031,60
thầy cô,thay_co,Dataset/Videos/W03222T.mp4,motions/thay_co/w03222t.json,features/thay_co/w03222t.npz,0.5876,3.1031,60
thầy cúng,thay_cung,Dataset/Videos/W03223.mp4,motions/thay_cung/w03223.json,features/thay_cung/w03223.npz,0.9661,3.2032,60
thầy giáo,thay_giao,Dataset/Videos/W03224B.mp4,motions/thay_giao/w03224b.json,features/thay_giao/w03224b.npz,0.9834,3.2699,60
thầy giáo,thay_giao,Dataset/Videos/W03224N.mp4,motions/thay_giao/w03224n.json,features/thay_giao/w03224n.npz,0.5644,3.2366,60
thầy giáo,thay_giao,Dataset/Videos/W03224T.mp4,motions/thay_giao/w03224t.json,features/thay_giao/w03224t.npz,0.5644,3.2366,60
theo dõi,theo_doi,Dataset/Videos/W03228.mp4,motions/theo_doi/w03228.json,features/theo_doi/w03228.npz,0.8565,3.7037,60
theo đuổi,theo_uoi,Dataset/Videos/W03229.mp4,motions/theo_uoi/w03229.json,features/theo_uoi/w03229.npz,0.9753,2.636,60
thẻ,the,Dataset/Videos/W03230.mp4,motions/the/w03230.json,features/the/w03230.npz,1.0,2.9363,60
thét,thet,Dataset/Videos/W03232.mp4,motions/thet/w03232.json,features/thet/w03232.npz,0.9635,3.2699,60
thề,the,Dataset/Videos/W03233.mp4,motions/the/w03233.json,features/the/w03233.npz,0.9817,2.9696,60
thế hệ,the_he,Dataset/Videos/W03237.mp4,motions/the_he/w03237.json,features/the_he/w03237.npz,0.9619,3.7037,60
tri kỉ,tri_ki,Dataset/Videos/W03238.mp4,motions/tri_ki/w03238.json,features/tri_ki/w03238.npz,0.5945,3.7704,60
thế nào?,the_nao,Dataset/Videos/W03239B.mp4,motions/the_nao/w03239b.json,features/the_nao/w03239b.npz,0.9871,3.37,60
thế nào?,the_nao,Dataset/Videos/W03239N.mp4,motions/the_nao/w03239n.json,features/the_nao/w03239n.npz,0.8137,2.5025,60
thế nào?,the_nao,Dataset/Videos/W03239T.mp4,motions/the_nao/w03239t.json,features/the_nao/w03239t.npz,0.805,2.5025,60
thêm,them,Dataset/Videos/W03240.mp4,motions/them/w03240.json,features/them/w03240.npz,0.6876,3.37,60
thềm,them,Dataset/Videos/W03241.mp4,motions/them/w03241.json,features/them/w03241.npz,0.7623,4.4711,60
thêu,theu,Dataset/Videos/W03242B.mp4,motions/theu/w03242b.json,features/theu/w03242b.npz,0.9552,3.8705,60
thêu,theu,Dataset/Videos/W03242N.mp4,motions/theu/w03242n.json,features/theu/w03242n.npz,0.6895,3.7371,60
thi cử,thi_cu,Dataset/Videos/W03243B.mp4,motions/thi_cu/w03243b.json,features/thi_cu/w03243b.npz,0.9608,2.7694,60
thi cử,thi_cu,Dataset/Videos/W03243N.mp4,motions/thi_cu/w03243n.json,features/thi_cu/w03243n.npz,0.713,2.5692,60
thi cử,thi_cu,Dataset/Videos/W03243T.mp4,motions/thi_cu/w03243t.json,features/thi_cu/w03243t.npz,0.9608,2.7694,60
thị giác,thi_giac,Dataset/Videos/W03247.mp4,motions/thi_giac/w03247.json,features/thi_giac/w03247.npz,0.4864,4.6046,60
thị lực,thi_luc,Dataset/Videos/W03248.mp4,motions/thi_luc/w03248.json,features/thi_luc/w03248.npz,0.4965,4.7381,60
thìa,thia,Dataset/Videos/W03251B.mp4,motions/thia/w03251b.json,features/thia/w03251b.npz,0.5081,8.5752,60
thìa,thia,Dataset/Videos/W03251N.mp4,motions/thia/w03251n.json,features/thia/w03251n.npz,0.4893,4.4378,60
thìa,thia,Dataset/Videos/W03251T.mp4,motions/thia/w03251t.json,features/thia/w03251t.npz,0.4893,4.4378,60
thích thú,thich_thu,Dataset/Videos/W03252B.mp4,motions/thich_thu/w03252b.json,features/thich_thu/w03252b.npz,0.5018,4.0707,60
thích thú,thich_thu,Dataset/Videos/W03252N.mp4,motions/thich_thu/w03252n.json,features/thich_thu/w03252n.npz,0.5184,3.5369,60
thích thú,thich_thu,Dataset/Videos/W03252T.mp4,motions/thich_thu/w03252t.json,features/thich_thu/w03252t.npz,0.6062,4.7381,60
thiên đình,thien_inh,Dataset/Videos/W03254.mp4,motions/thien_inh/w03254.json,features/thien_inh/w03254.npz,0.7092,4.4378,60
thiên nhiên,thien_nhien,Dataset/Videos/W03256.mp4,motions/thien_nhien/w03256.json,features/thien_nhien/w03256.npz,0.5993,4.8715,60
thiên thần,thien_than,Dataset/Videos/W03258.mp4,motions/thien_than/w03258.json,features/thien_than/w03258.npz,0.6163,5.1718,60
thiếp đi,thiep_i,Dataset/Videos/W03262.mp4,motions/thiep_i/w03262.json,features/thiep_i/w03262.npz,0.5194,5.372,60
thiếp mời,thiep_moi,Dataset/Videos/W03263.mp4,motions/thiep_moi/w03263.json,features/thiep_moi/w03263.npz,0.6469,4.2709,60
thiết kế,thiet_ke,Dataset/Videos/W03265B.mp4,motions/thiet_ke/w03265b.json,features/thiet_ke/w03265b.npz,0.9844,4.1708,60
thiết kế,thiet_ke,Dataset/Videos/W03265N.mp4,motions/thiet_ke/w03265n.json,features/thiet_ke/w03265n.npz,0.672,3.5702,60
thiết kế,thiet_ke,Dataset/Videos/W03265T.mp4,motions/thiet_ke/w03265t.json,features/thiet_ke/w03265t.npz,0.9818,4.1708,60
thiệt thòi,thiet_thoi,Dataset/Videos/W03268.mp4,motions/thiet_thoi/w03268.json,features/thiet_thoi/w03268.npz,0.4925,4.1041,60
thiếu nhi,thieu_nhi,Dataset/Videos/W03269.mp4,motions/thieu_nhi/w03269.json,features/thieu_nhi/w03269.npz,0.6131,3.5035,60
thiếu niên,thieu_nien,Dataset/Videos/W03270.mp4,motions/thieu_nien/w03270.json,features/thieu_nien/w03270.npz,0.684,3.5369,60
thím,thim,Dataset/Videos/W03272.mp4,motions/thim/w03272.json,features/thim/w03272.npz,0.5123,3.8705,60
thoát hiểm,thoat_hiem,Dataset/Videos/W03276.mp4,motions/thoat_hiem/w03276.json,features/thoat_hiem/w03276.npz,0.4659,4.3043,60
thóc (gạo),thoc_gao,Dataset/Videos/W03278.mp4,motions/thoc_gao/w03278.json,features/thoc_gao/w03278.npz,0.6171,4.1375,60
thổi,thoi,Dataset/Videos/W03281.mp4,motions/thoi/w03281.json,features/thoi/w03281.npz,0.4934,4.5379,60
thổi bóng,thoi_bong,Dataset/Videos/W03282.mp4,motions/thoi_bong/w03282.json,features/thoi_bong/w03282.npz,0.7252,4.7381,60
thổi kèn,thoi_ken,Dataset/Videos/W03283.mp4,motions/thoi_ken/w03283.json,features/thoi_ken/w03283.npz,0.6183,4.9716,60
thông báo,thong_bao,Dataset/Videos/W03285.mp4,motions/thong_bao/w03285.json,features/thong_bao/w03285.npz,0.6173,3.7704,60
thông cảm,thong_cam,Dataset/Videos/W03286.mp4,motions/thong_cam/w03286.json,features/thong_cam/w03286.npz,0.5059,7.374,60
thông minh,thong_minh,Dataset/Videos/W03288B.mp4,motions/thong_minh/w03288b.json,features/thong_minh/w03288b.npz,0.9705,2.9363,60
thông minh,thong_minh,Dataset/Videos/W03288N.mp4,motions/thong_minh/w03288n.json,features/thong_minh/w03288n.npz,0.5847,2.4024,60
thông minh,thong_minh,Dataset/Videos/W03288T.mp4,motions/thong_minh/w03288t.json,features/thong_minh/w03288t.npz,0.5892,2.4024,60
thông qua,thong_qua,Dataset/Videos/W03289.mp4,motions/thong_qua/w03289.json,features/thong_qua/w03289.npz,0.5841,4.3043,60
thông thường,thong_thuong,Dataset/Videos/W03291.mp4,motions/thong_thuong/w03291.json,features/thong_thuong/w03291.npz,0.4951,4.1041,60
thông tin,thong_tin,Dataset/Videos/W03292B.mp4,motions/thong_tin/w03292b.json,features/thong_tin/w03292b.npz,0.9807,3.37,60
thông tin,thong_tin,Dataset/Videos/W03292N.mp4,motions/thong_tin/w03292n.json,features/thong_tin/w03292n.npz,0.7307,2.3357,60
thông tin,thong_tin,Dataset/Videos/W03292T.mp4,motions/thong_tin/w03292t.json,features/thong_tin/w03292t.npz,0.7307,2.3357,60
thống nhất,thong_nhat,Dataset/Videos/W03294.mp4,motions/thong_nhat/w03294.json,features/thong_nhat/w03294.npz,0.5781,4.371,60
tuổi thơ ấu,tuoi_tho_au,Dataset/Videos/W03297.mp4,motions/tuoi_tho_au/w03297.json,features/tuoi_tho_au/w03297.npz,0.8593,4.2376,60
thờ cúng,tho_cung,Dataset/Videos/W03299.mp4,motions/tho_cung/w03299.json,features/tho_cung/w03299.npz,0.7949,4.0707,60
thở dài,tho_dai,Dataset/Videos/W03300.mp4,motions/tho_dai/w03300.json,features/tho_dai/w03300.npz,0.9397,5.5722,60
thời gian biểu,thoi_gian_bieu,Dataset/Videos/W03303.mp4,motions/thoi_gian_bieu/w03303.json,features/thoi_gian_bieu/w03303.npz,0.6228,4.1708,60
thở,tho,Dataset/Videos/W03305.mp4,motions/tho/w03305.json,features/tho/w03305.npz,0.5658,5.1718,60
thợ kim hoàn,tho_kim_hoan,Dataset/Videos/W03306.mp4,motions/tho_kim_hoan/w03306.json,features/tho_kim_hoan/w03306.npz,0.6215,4.4711,60
thợ rèn,tho_ren,Dataset/Videos/W03308.mp4,motions/tho_ren/w03308.json,features/tho_ren/w03308.npz,0.6588,4.0707,60
thợ thêu,tho_theu,Dataset/Videos/W03309.mp4,motions/tho_theu/w03309.json,features/tho_theu/w03309.npz,0.6268,4.7381,60
thơm,thom,Dataset/Videos/W03314B.mp4,motions/thom/w03314b.json,features/thom/w03314b.npz,0.9914,3.7704,60
thơm,thom,Dataset/Videos/W03314N.mp4,motions/thom/w03314n.json,features/thom/w03314n.npz,0.533,2.9029,60
thơm,thom,Dataset/Videos/W03314T.mp4,motions/thom/w03314t.json,features/thom/w03314t.npz,0.533,2.9029,60
thu mua,thu_mua,Dataset/Videos/W03316.mp4,motions/thu_mua/w03316.json,features/thu_mua/w03316.npz,0.7339,3.6703,60
thu nhỏ,thu_nho,Dataset/Videos/W03317.mp4,motions/thu_nho/w03317.json,features/thu_nho/w03317.npz,0.6953,3.7371,60
thu thập,thu_thap,Dataset/Videos/W03318.mp4,motions/thu_thap/w03318.json,features/thu_thap/w03318.npz,0.6696,4.1708,60
thù lao,thu_lao,Dataset/Videos/W03319.mp4,motions/thu_lao/w03319.json,features/thu_lao/w03319.npz,0.6528,3.9039,60
thủ công,thu_cong,Dataset/Videos/W03320B.mp4,motions/thu_cong/w03320b.json,features/thu_cong/w03320b.npz,0.6231,4.8048,60
thủ công,thu_cong,Dataset/Videos/W03320N.mp4,motions/thu_cong/w03320n.json,features/thu_cong/w03320n.npz,0.6504,3.9706,60
thủ công,thu_cong,Dataset/Videos/W03320T.mp4,motions/thu_cong/w03320t.json,features/thu_cong/w03320t.npz,0.6408,3.8038,60
thủ tướng,thu_tuong,Dataset/Videos/W03321B.mp4,motions/thu_tuong/w03321b.json,features/thu_tuong/w03321b.npz,0.9758,3.1365,60
thủ tướng,thu_tuong,Dataset/Videos/W03321N.mp4,motions/thu_tuong/w03321n.json,features/thu_tuong/w03321n.npz,0.5006,4.5379,60
thủ tướng,thu_tuong,Dataset/Videos/W03321T.mp4,motions/thu_tuong/w03321t.json,features/thu_tuong/w03321t.npz,0.5053,4.5379,60
thú dữ,thu_du,Dataset/Videos/W03323B.mp4,motions/thu_du/w03323b.json,features/thu_du/w03323b.npz,0.9898,3.2032,60
thú dữ,thu_du,Dataset/Videos/W03323N.mp4,motions/thu_du/w03323n.json,features/thu_du/w03323n.npz,0.5718,2.8362,60
thú dữ,thu_du,Dataset/Videos/W03323T.mp4,motions/thu_du/w03323t.json,features/thu_du/w03323t.npz,0.5756,2.8362,60
thú y,thu_y,Dataset/Videos/W03324B.mp4,motions/thu_y/w03324b.json,features/thu_y/w03324b.npz,0.9832,3.8705,60
thú y,thu_y,Dataset/Videos/W03324N.mp4,motions/thu_y/w03324n.json,features/thu_y/w03324n.npz,0.6312,3.4701,60
thú y,thu_y,Dataset/Videos/W03324T.mp4,motions/thu_y/w03324t.json,features/thu_y/w03324t.npz,0.6312,3.4701,60
thuận lợi,thuan_loi,Dataset/Videos/W03326.mp4,motions/thuan_loi/w03326.json,features/thuan_loi/w03326.npz,0.5008,4.1708,60
ngữ pháp,ngu_phap,Dataset/Videos/W03327B.mp4,motions/ngu_phap/w03327b.json,features/ngu_phap/w03327b.npz,0.9151,2.9363,60
ngữ pháp,ngu_phap,Dataset/Videos/W03327N.mp4,motions/ngu_phap/w03327n.json,features/ngu_phap/w03327n.npz,0.7355,3.4034,60
ngữ pháp,ngu_phap,Dataset/Videos/W03327T.mp4,motions/ngu_phap/w03327t.json,features/ngu_phap/w03327t.npz,0.7355,3.4034,60
thúc đẩy,thuc_ay,Dataset/Videos/W03328.mp4,motions/thuc_ay/w03328.json,features/thuc_ay/w03328.npz,0.6393,3.6703,60
thuê,thue,Dataset/Videos/W03329B.mp4,motions/thue/w03329b.json,features/thue/w03329b.npz,0.9811,2.8695,60
thuê,thue,Dataset/Videos/W03329N.mp4,motions/thue/w03329n.json,features/thue/w03329n.npz,0.6828,2.7694,60
thuê,thue,Dataset/Videos/W03329T.mp4,motions/thue/w03329t.json,features/thue/w03329t.npz,0.9811,2.8695,60
thùng,thung,Dataset/Videos/W03330.mp4,motions/thung/w03330.json,features/thung/w03330.npz,0.6412,4.1708,60
thủng,thung,Dataset/Videos/W03331.mp4,motions/thung/w03331.json,features/thung/w03331.npz,0.6601,3.7037,60
thuốc bắc,thuoc_bac,Dataset/Videos/W03333.mp4,motions/thuoc_bac/w03333.json,features/thuoc_bac/w03333.npz,0.5004,4.1041,60
thuốc bổ,thuoc_bo,Dataset/Videos/W03334.mp4,motions/thuoc_bo/w03334.json,features/thuoc_bo/w03334.npz,0.5333,3.6036,60
thuốc lá,thuoc_la,Dataset/Videos/W03335.mp4,motions/thuoc_la/w03335.json,features/thuoc_la/w03335.npz,0.4963,4.0707,60
thuộc lòng,thuoc_long,Dataset/Videos/W03338.mp4,motions/thuoc_long/w03338.json,features/thuoc_long/w03338.npz,0.4964,3.7037,60
thuỷ điện,thuy_ien,Dataset/Videos/W03339B.mp4,motions/thuy_ien/w03339b.json,features/thuy_ien/w03339b.npz,0.6579,2.5359,60
thuỷ điện,thuy_ien,Dataset/Videos/W03339N.mp4,motions/thuy_ien/w03339n.json,features/thuy_ien/w03339n.npz,0.6445,3.2032,60
thuỷ điện,thuy_ien,Dataset/Videos/W03339T.mp4,motions/thuy_ien/w03339t.json,features/thuy_ien/w03339t.npz,0.6445,3.2032,60
thuỷ thủ,thuy_thu,Dataset/Videos/W03341.mp4,motions/thuy_thu/w03341.json,features/thuy_thu/w03341.npz,0.6246,3.8705,60
tinh trùng,tinh_trung,Dataset/Videos/W03342.mp4,motions/tinh_trung/w03342.json,features/tinh_trung/w03342.npz,0.5609,3.1365,60
thủy chung,thuy_chung,Dataset/Videos/W03344.mp4,motions/thuy_chung/w03344.json,features/thuy_chung/w03344.npz,0.7441,4.5379,60
Thủy Điện Hòa Bình,thuy_ien_hoa_binh,Dataset/Videos/W03345B.mp4,motions/thuy_ien_hoa_binh/w03345b.json,features/thuy_ien_hoa_binh/w03345b.npz,0.7175,3.5702,60
Thủy Điện Hòa Bình,thuy_ien_hoa_binh,Dataset/Videos/W03345N.mp4,motions/thuy_ien_hoa_binh/w03345n.json,features/thuy_ien_hoa_binh/w03345n.npz,0.6776,4.2376,60
Thủy Điện Hòa Bình,thuy_ien_hoa_binh,Dataset/Videos/W03345T.mp4,motions/thuy_ien_hoa_binh/w03345t.json,features/thuy_ien_hoa_binh/w03345t.npz,0.6776,4.2376,60
thuyền chài,thuyen_chai,Dataset/Videos/W03347.mp4,motions/thuyen_chai/w03347.json,features/thuyen_chai/w03347.npz,0.6164,4.4378,60
thuyền rồng,thuyen_rong,Dataset/Videos/W03349.mp4,motions/thuyen_rong/w03349.json,features/thuyen_rong/w03349.npz,0.6043,4.9049,60
trưởng thành,truong_thanh,Dataset/Videos/W03350.mp4,motions/truong_thanh/w03350.json,features/truong_thanh/w03350.npz,0.7653,3.6036,60
thuyết phục,thuyet_phuc,Dataset/Videos/W03351.mp4,motions/thuyet_phuc/w03351.json,features/thuyet_phuc/w03351.npz,0.6066,4.7714,60
thuyết trình,thuyet_trinh,Dataset/Videos/W03352.mp4,motions/thuyet_trinh/w03352.json,features/thuyet_trinh/w03352.npz,0.6306,4.1708,60
thư giãn,thu_gian,Dataset/Videos/W03354.mp4,motions/thu_gian/w03354.json,features/thu_gian/w03354.npz,0.7129,4.2709,60
mục đích,muc_ich,Dataset/Videos/W03355.mp4,motions/muc_ich/w03355.json,features/muc_ich/w03355.npz,0.7421,3.0697,60
thứ tự,thu_tu,Dataset/Videos/W03357.mp4,motions/thu_tu/w03357.json,features/thu_tu/w03357.npz,0.9184,7.0404,60
thừa,thua,Dataset/Videos/W03359B.mp4,motions/thua/w03359b.json,features/thua/w03359b.npz,0.977,3.3033,60
thừa,thua,Dataset/Videos/W03359N.mp4,motions/thua/w03359n.json,features/thua/w03359n.npz,0.7439,2.2022,60
thừa,thua,Dataset/Videos/W03359T.mp4,motions/thua/w03359t.json,features/thua/w03359t.npz,0.7193,2.2022,60
Thừa Thiên – Huế,thua_thien_hue,Dataset/Videos/W03361B.mp4,motions/thua_thien_hue/w03361b.json,features/thua_thien_hue/w03361b.npz,0.9741,3.7704,60
Thừa Thiên – Huế,thua_thien_hue,Dataset/Videos/W03361N.mp4,motions/thua_thien_hue/w03361n.json,features/thua_thien_hue/w03361n.npz,0.6458,2.9696,60
Thừa Thiên – Huế,thua_thien_hue,Dataset/Videos/W03361T.mp4,motions/thua_thien_hue/w03361t.json,features/thua_thien_hue/w03361t.npz,0.9806,3.9039,60
thực hành,thuc_hanh,Dataset/Videos/W03364.mp4,motions/thuc_hanh/w03364.json,features/thuc_hanh/w03364.npz,0.9668,3.2699,60
thực hiện,thuc_hien,Dataset/Videos/W03365.mp4,motions/thuc_hien/w03365.json,features/thuc_hien/w03365.npz,0.9715,3.8038,60
thực phẩm,thuc_pham,Dataset/Videos/W03366.mp4,motions/thuc_pham/w03366.json,features/thuc_pham/w03366.npz,0.6878,2.5359,60
thực sự,thuc_su,Dataset/Videos/W03367.mp4,motions/thuc_su/w03367.json,features/thuc_su/w03367.npz,0.9823,3.0697,60
thực tế,thuc_te,Dataset/Videos/W03368.mp4,motions/thuc_te/w03368.json,features/thuc_te/w03368.npz,0.9829,2.5359,60
thực vật,thuc_vat,Dataset/Videos/W03369.mp4,motions/thuc_vat/w03369.json,features/thuc_vat/w03369.npz,0.9781,3.4701,60
thương (số),thuong_so,Dataset/Videos/W03370.mp4,motions/thuong_so/w03370.json,features/thuong_so/w03370.npz,0.9855,3.7371,60
bùng binh,bung_binh,Dataset/Videos/W03371.mp4,motions/bung_binh/w03371.json,features/bung_binh/w03371.npz,0.7332,3.1698,60
thương yêu,thuong_yeu,Dataset/Videos/W03373B.mp4,motions/thuong_yeu/w03373b.json,features/thuong_yeu/w03373b.npz,0.9744,4.2376,60
thương yêu,thuong_yeu,Dataset/Videos/W03373N.mp4,motions/thuong_yeu/w03373n.json,features/thuong_yeu/w03373n.npz,0.5572,2.6693,60
thương yêu,thuong_yeu,Dataset/Videos/W03373T.mp4,motions/thuong_yeu/w03373t.json,features/thuong_yeu/w03373t.npz,0.9744,4.2376,60
tỉ lệ,ti_le,Dataset/Videos/W03377.mp4,motions/ti_le/w03377.json,features/ti_le/w03377.npz,0.9787,3.5702,60
tỉ mỉ,ti_mi,Dataset/Videos/W03379.mp4,motions/ti_mi/w03379.json,features/ti_mi/w03379.npz,0.9888,3.8705,60
tỉ số,ti_so,Dataset/Videos/W03380.mp4,motions/ti_so/w03380.json,features/ti_so/w03380.npz,0.952,3.8372,60
tỉ số phần trăm,ti_so_phan_tram,Dataset/Videos/W03381.mp4,motions/ti_so_phan_tram/w03381.json,features/ti_so_phan_tram/w03381.npz,0.9739,2.9029,60
tí hon,ti_hon,Dataset/Videos/W03383.mp4,motions/ti_hon/w03383.json,features/ti_hon/w03383.npz,0.9935,3.3367,60
tia chớp,tia_chop,Dataset/Videos/W03386.mp4,motions/tia_chop/w03386.json,features/tia_chop/w03386.npz,0.9739,2.9029,60
tia nắng,tia_nang,Dataset/Videos/W03387.mp4,motions/tia_nang/w03387.json,features/tia_nang/w03387.npz,0.9816,3.5369,60
tia số,tia_so,Dataset/Videos/W03388.mp4,motions/tia_so/w03388.json,features/tia_so/w03388.npz,0.965,3.4034,60
tích (số),tich_so,Dataset/Videos/W03390.mp4,motions/tich_so/w03390.json,features/tich_so/w03390.npz,0.9901,4.371,60
tích cực,tich_cuc,Dataset/Videos/W03391.mp4,motions/tich_cuc/w03391.json,features/tich_cuc/w03391.npz,0.9594,3.4701,60
tiếc,tiec,Dataset/Videos/W03392B.mp4,motions/tiec/w03392b.json,features/tiec/w03392b.npz,0.9853,4.4378,60
tiếc,tiec,Dataset/Videos/W03392N.mp4,motions/tiec/w03392n.json,features/tiec/w03392n.npz,0.6732,6.006,60
tiếc,tiec,Dataset/Videos/W03392T.mp4,motions/tiec/w03392t.json,features/tiec/w03392t.npz,0.9902,4.4378,60
tiệc,tiec,Dataset/Videos/W03393.mp4,motions/tiec/w03393.json,features/tiec/w03393.npz,0.9847,2.8362,60
tiêm,tiem,Dataset/Videos/W03394.mp4,motions/tiem/w03394.json,features/tiem/w03394.npz,0.9972,3.9373,60
Tiền Giang,tien_giang,Dataset/Videos/W03398.mp4,motions/tien_giang/w03398.json,features/tien_giang/w03398.npz,0.9327,7.5742,60
tiến sĩ,tien_si,Dataset/Videos/W03405.mp4,motions/tien_si/w03405.json,features/tien_si/w03405.npz,0.9821,3.637,60
tiện nghi,tien_nghi,Dataset/Videos/W03407.mp4,motions/tien_nghi/w03407.json,features/tien_nghi/w03407.npz,0.9732,3.2366,60
tiếng Anh,tieng_anh,Dataset/Videos/W03409B.mp4,motions/tieng_anh/w03409b.json,features/tieng_anh/w03409b.npz,0.9867,4.0707,60
tiếng Anh,tieng_anh,Dataset/Videos/W03409N.mp4,motions/tieng_anh/w03409n.json,features/tieng_anh/w03409n.npz,0.562,2.3023,60
tiếng Anh,tieng_anh,Dataset/Videos/W03409T.mp4,motions/tieng_anh/w03409t.json,features/tieng_anh/w03409t.npz,0.562,2.3023,60
tiếng nói,tieng_noi,Dataset/Videos/W03414.mp4,motions/tieng_noi/w03414.json,features/tieng_noi/w03414.npz,0.9859,3.0697,60
tiếp nhận,tiep_nhan,Dataset/Videos/W03416.mp4,motions/tiep_nhan/w03416.json,features/tiep_nhan/w03416.npz,0.9723,3.1365,60
tiếp theo,tiep_theo,Dataset/Videos/W03418.mp4,motions/tiep_theo/w03418.json,features/tiep_theo/w03418.npz,0.9485,2.7361,60
tiếp thu,tiep_thu,Dataset/Videos/W03419.mp4,motions/tiep_thu/w03419.json,features/tiep_thu/w03419.npz,0.9649,3.7037,60
tiếp tục,tiep_tuc,Dataset/Videos/W03421B.mp4,motions/tiep_tuc/w03421b.json,features/tiep_tuc/w03421b.npz,0.9888,4.8382,60
tiếp tục,tiep_tuc,Dataset/Videos/W03421N.mp4,motions/tiep_tuc/w03421n.json,features/tiep_tuc/w03421n.npz,0.675,2.2689,60
tiếp tục,tiep_tuc,Dataset/Videos/W03421T.mp4,motions/tiep_tuc/w03421t.json,features/tiep_tuc/w03421t.npz,0.6654,2.2689,60
tiết kiệm,tiet_kiem,Dataset/Videos/W03422B.mp4,motions/tiet_kiem/w03422b.json,features/tiet_kiem/w03422b.npz,0.959,6.373,60
tiết kiệm,tiet_kiem,Dataset/Videos/W03422N.mp4,motions/tiet_kiem/w03422n.json,features/tiet_kiem/w03422n.npz,0.6491,2.9363,60
tiết kiệm,tiet_kiem,Dataset/Videos/W03422T.mp4,motions/tiet_kiem/w03422t.json,features/tiet_kiem/w03422t.npz,0.9832,3.2366,60
tiêu cực,tieu_cuc,Dataset/Videos/W03424.mp4,motions/tieu_cuc/w03424.json,features/tieu_cuc/w03424.npz,0.8992,3.3367,60
tiêu diệt,tieu_diet,Dataset/Videos/W03425.mp4,motions/tieu_diet/w03425.json,features/tieu_diet/w03425.npz,0.9145,3.1698,60
tiêu hoá,tieu_hoa,Dataset/Videos/W03426.mp4,motions/tieu_hoa/w03426.json,features/tieu_hoa/w03426.npz,0.9938,3.4701,60
thụ phấn (hoa),thu_phan_hoa,Dataset/Videos/W03427.mp4,motions/thu_phan_hoa/w03427.json,features/thu_phan_hoa/w03427.npz,0.686,3.9373,60
tiểu học,tieu_hoc,Dataset/Videos/W03430.mp4,motions/tieu_hoc/w03430.json,features/tieu_hoc/w03430.npz,0.9901,3.2699,60
tim,tim,Dataset/Videos/W03431.mp4,motions/tim/w03431.json,features/tim/w03431.npz,0.9945,3.9373,60
tìm hiểu,tim_hieu,Dataset/Videos/W03433B.mp4,motions/tim_hieu/w03433b.json,features/tim_hieu/w03433b.npz,0.9857,4.5379,60
tìm hiểu,tim_hieu,Dataset/Videos/W03433N.mp4,motions/tim_hieu/w03433n.json,features/tim_hieu/w03433n.npz,0.5827,2.7027,60
tìm hiểu,tim_hieu,Dataset/Videos/W03433T.mp4,motions/tim_hieu/w03433t.json,features/tim_hieu/w03433t.npz,0.9857,4.5379,60
tím tái,tim_tai,Dataset/Videos/W03434.mp4,motions/tim_tai/w03434.json,features/tim_tai/w03434.npz,0.9744,2.9696,60
tin cậy,tin_cay,Dataset/Videos/W03435.mp4,motions/tin_cay/w03435.json,features/tin_cay/w03435.npz,0.986,3.1031,60
tin học,tin_hoc,Dataset/Videos/W03436.mp4,motions/tin_hoc/w03436.json,features/tin_hoc/w03436.npz,0.9748,3.8705,60
tin nhắn,tin_nhan,Dataset/Videos/W03437.mp4,motions/tin_nhan/w03437.json,features/tin_nhan/w03437.npz,0.9793,3.1365,60
tin tức,tin_tuc,Dataset/Videos/W03438.mp4,motions/tin_tuc/w03438.json,features/tin_tuc/w03438.npz,0.9753,2.636,60
thần kì,than_ki,Dataset/Videos/W03445.mp4,motions/than_ki/w03445.json,features/than_ki/w03445.npz,0.5231,3.5702,60
tình cảm,tinh_cam,Dataset/Videos/W03447.mp4,motions/tinh_cam/w03447.json,features/tinh_cam/w03447.npz,0.9952,4.5045,60
tình cờ,tinh_co,Dataset/Videos/W03448.mp4,motions/tinh_co/w03448.json,features/tinh_co/w03448.npz,0.4419,4.9383,60
tình huống,tinh_huong,Dataset/Videos/W03449.mp4,motions/tinh_huong/w03449.json,features/tinh_huong/w03449.npz,0.9705,4.4044,60
thương yêu,thuong_yeu,Dataset/Videos/W03450B.mp4,motions/thuong_yeu/w03450b.json,features/thuong_yeu/w03450b.npz,0.9873,3.4034,60
thương yêu,thuong_yeu,Dataset/Videos/W03450N.mp4,motions/thuong_yeu/w03450n.json,features/thuong_yeu/w03450n.npz,0.5638,3.8038,60
thương yêu,thuong_yeu,Dataset/Videos/W03450T.mp4,motions/thuong_yeu/w03450t.json,features/thuong_yeu/w03450t.npz,0.5667,3.8038,60
tình yêu,tinh_yeu,Dataset/Videos/W03451.mp4,motions/tinh_yeu/w03451.json,features/tinh_yeu/w03451.npz,0.9772,3.8038,60
tĩnh lặng,tinh_lang,Dataset/Videos/W03452.mp4,motions/tinh_lang/w03452.json,features/tinh_lang/w03452.npz,0.966,5.1051,60
tính cách,tinh_cach,Dataset/Videos/W03454.mp4,motions/tinh_cach/w03454.json,features/tinh_cach/w03454.npz,0.9971,3.7371,60
tính chất,tinh_chat,Dataset/Videos/W03455.mp4,motions/tinh_chat/w03455.json,features/tinh_chat/w03455.npz,0.9726,3.1698,60
tính chất bằng nhau,tinh_chat_bang_nhau,Dataset/Videos/W03456.mp4,motions/tinh_chat_bang_nhau/w03456.json,features/tinh_chat_bang_nhau/w03456.npz,0.9407,4.2042,60
tính chất cơ bản của phân số,tinh_chat_co_ban_cua_phan_so,Dataset/Videos/W03457.mp4,motions/tinh_chat_co_ban_cua_phan_so/w03457.json,features/tinh_chat_co_ban_cua_phan_so/w03457.npz,0.9856,5.2719,60
tính chất giao hoán,tinh_chat_giao_hoan,Dataset/Videos/W03458.mp4,motions/tinh_chat_giao_hoan/w03458.json,features/tinh_chat_giao_hoan/w03458.npz,0.9423,3.5702,60
tính chất kết hợp,tinh_chat_ket_hop,Dataset/Videos/W03459.mp4,motions/tinh_chat_ket_hop/w03459.json,features/tinh_chat_ket_hop/w03459.npz,0.9645,3.6703,60
tính nhẩm,tinh_nham,Dataset/Videos/W03461.mp4,motions/tinh_nham/w03461.json,features/tinh_nham/w03461.npz,0.9765,2.7694,60
tính toán,tinh_toan,Dataset/Videos/W03463.mp4,motions/tinh_toan/w03463.json,features/tinh_toan/w03463.npz,0.9725,4.7381,60
tính từ,tinh_tu,Dataset/Videos/W03464.mp4,motions/tinh_tu/w03464.json,features/tinh_tu/w03464.npz,0.9716,4.2042,60
to lớn,to_lon,Dataset/Videos/W03466.mp4,motions/to_lon/w03466.json,features/to_lon/w03466.npz,0.9597,4.3043,60
tò mò,to_mo,Dataset/Videos/W03467B.mp4,motions/to_mo/w03467b.json,features/to_mo/w03467b.npz,0.4664,4.9383,60
tò mò,to_mo,Dataset/Videos/W03467T.mp4,motions/to_mo/w03467t.json,features/to_mo/w03467t.npz,0.4664,4.9383,60
toa lét,toa_let,Dataset/Videos/W03469.mp4,motions/toa_let/w03469.json,features/toa_let/w03469.npz,0.9852,3.6703,60
toa xe,toa_xe,Dataset/Videos/W03471B.mp4,motions/toa_xe/w03471b.json,features/toa_xe/w03471b.npz,0.6214,5.2719,60
toa xe,toa_xe,Dataset/Videos/W03471N.mp4,motions/toa_xe/w03471n.json,features/toa_xe/w03471n.npz,0.6648,4.2709,60
toa xe,toa_xe,Dataset/Videos/W03471T.mp4,motions/toa_xe/w03471t.json,features/toa_xe/w03471t.npz,0.6648,4.2709,60
toà án,toa_an,Dataset/Videos/W03472B.mp4,motions/toa_an/w03472b.json,features/toa_an/w03472b.npz,0.5725,4.3377,60
toà án,toa_an,Dataset/Videos/W03472N.mp4,motions/toa_an/w03472n.json,features/toa_an/w03472n.npz,0.574,4.8382,60
toà án,toa_an,Dataset/Videos/W03472T.mp4,motions/toa_an/w03472t.json,features/toa_an/w03472t.npz,0.574,4.8382,60
tòa soạn,toa_soan,Dataset/Videos/W03473.mp4,motions/toa_soan/w03473.json,features/toa_soan/w03473.npz,0.983,3.8372,60
tỏa hương,toa_huong,Dataset/Videos/W03474.mp4,motions/toa_huong/w03474.json,features/toa_huong/w03474.npz,0.9801,4.9049,60
toàn cầu,toan_cau,Dataset/Videos/W03476.mp4,motions/toan_cau/w03476.json,features/toan_cau/w03476.npz,0.9881,4.5712,60
tóc xoăn,toc_xoan,Dataset/Videos/W03479.mp4,motions/toc_xoan/w03479.json,features/toc_xoan/w03479.npz,0.9849,4.3043,60
tóm cổ,tom_co,Dataset/Videos/W03480.mp4,motions/tom_co/w03480.json,features/tom_co/w03480.npz,0.9889,4.8715,60
tóm lược,tom_luoc,Dataset/Videos/W03481.mp4,motions/tom_luoc/w03481.json,features/tom_luoc/w03481.npz,0.9976,4.5712,60
tóm tắt,tom_tat,Dataset/Videos/W03482.mp4,motions/tom_tat/w03482.json,features/tom_tat/w03482.npz,0.9838,7.3407,60
tô màu,to_mau,Dataset/Videos/W03486B.mp4,motions/to_mau/w03486b.json,features/to_mau/w03486b.npz,0.6376,4.638,60
tô màu,to_mau,Dataset/Videos/W03486N.mp4,motions/to_mau/w03486n.json,features/to_mau/w03486n.npz,0.5673,4.638,60
tô màu,to_mau,Dataset/Videos/W03486T.mp4,motions/to_mau/w03486t.json,features/to_mau/w03486t.npz,0.5649,4.638,60
tổ chim,to_chim,Dataset/Videos/W03488.mp4,motions/to_chim/w03488.json,features/to_chim/w03488.npz,0.9812,4.0374,60
tôn trọng,ton_trong,Dataset/Videos/W03491.mp4,motions/ton_trong/w03491.json,features/ton_trong/w03491.npz,0.5579,3.7037,60
tôn thờ,ton_tho,Dataset/Videos/W03492.mp4,motions/ton_tho/w03492.json,features/ton_tho/w03492.npz,0.9065,4.8715,60
tổ tiên,to_tien,Dataset/Videos/W03494.mp4,motions/to_tien/w03494.json,features/to_tien/w03494.npz,0.6286,3.7371,60
tổ trưởng,to_truong,Dataset/Videos/W03495.mp4,motions/to_truong/w03495.json,features/to_truong/w03495.npz,0.9879,4.4711,60
tôn trọng,ton_trong,Dataset/Videos/W03501.mp4,motions/ton_trong/w03501.json,features/ton_trong/w03501.npz,0.9844,4.1708,60
tổng (số),tong_so,Dataset/Videos/W03502.mp4,motions/tong_so/w03502.json,features/tong_so/w03502.npz,0.9256,3.9373,60
tổng hợp,tong_hop,Dataset/Videos/W03503.mp4,motions/tong_hop/w03503.json,features/tong_hop/w03503.npz,0.9463,3.8372,60
tổng thống,tong_thong,Dataset/Videos/W03505B.mp4,motions/tong_thong/w03505b.json,features/tong_thong/w03505b.npz,0.4627,4.8048,60
tổng thống,tong_thong,Dataset/Videos/W03505N.mp4,motions/tong_thong/w03505n.json,features/tong_thong/w03505n.npz,0.5765,4.4044,60
tổng thống,tong_thong,Dataset/Videos/W03505T.mp4,motions/tong_thong/w03505t.json,features/tong_thong/w03505t.npz,0.5716,4.4044,60
tống tiền,tong_tien,Dataset/Videos/W03507.mp4,motions/tong_tien/w03507.json,features/tong_tien/w03507.npz,0.9822,4.2709,60
tờ báo,to_bao,Dataset/Videos/W03508B.mp4,motions/to_bao/w03508b.json,features/to_bao/w03508b.npz,0.6023,4.3377,60
tờ báo,to_bao,Dataset/Videos/W03508N.mp4,motions/to_bao/w03508n.json,features/to_bao/w03508n.npz,0.5799,4.1041,60
tờ báo,to_bao,Dataset/Videos/W03508T.mp4,motions/to_bao/w03508t.json,features/to_bao/w03508t.npz,0.5799,4.1041,60
tờ giấy,to_giay,Dataset/Videos/W03509B.mp4,motions/to_giay/w03509b.json,features/to_giay/w03509b.npz,0.6723,4.2709,60
tờ giấy,to_giay,Dataset/Videos/W03509N.mp4,motions/to_giay/w03509n.json,features/to_giay/w03509n.npz,0.5371,4.4044,60
tờ giấy,to_giay,Dataset/Videos/W03509T.mp4,motions/to_giay/w03509t.json,features/to_giay/w03509t.npz,0.5322,4.4044,60
tờ tiền,to_tien,Dataset/Videos/W03512.mp4,motions/to_tien/w03512.json,features/to_tien/w03512.npz,0.9901,4.371,60
Trà Vinh,tra_vinh,Dataset/Videos/W03513.mp4,motions/tra_vinh/w03513.json,features/tra_vinh/w03513.npz,0.9861,3.9039,60
trách mắng,trach_mang,Dataset/Videos/W03514.mp4,motions/trach_mang/w03514.json,features/trach_mang/w03514.npz,0.9818,3.5702,60
trại giam,trai_giam,Dataset/Videos/W03517.mp4,motions/trai_giam/w03517.json,features/trai_giam/w03517.npz,0.9398,3.6036,60
trang trí,trang_tri,Dataset/Videos/W03519.mp4,motions/trang_tri/w03519.json,features/trang_tri/w03519.npz,0.9626,5.5055,60
trà,tra,Dataset/Videos/W03524.mp4,motions/tra/w03524.json,features/tra/w03524.npz,0.6293,4.2709,60
trả (đt),tra_t,Dataset/Videos/W03525.mp4,motions/tra_t/w03525.json,features/tra_t/w03525.npz,0.55,3.0364,60
trả lời,tra_loi,Dataset/Videos/W03526.mp4,motions/tra_loi/w03526.json,features/tra_loi/w03526.npz,0.9558,4.1708,60
trách nhiệm,trach_nhiem,Dataset/Videos/W03528.mp4,motions/trach_nhiem/w03528.json,features/trach_nhiem/w03528.npz,0.9789,5.1385,60
trái nghĩa,trai_nghia,Dataset/Videos/W03531N.mp4,motions/trai_nghia/w03531n.json,features/trai_nghia/w03531n.npz,0.5874,3.8372,60
trái nghĩa,trai_nghia,Dataset/Videos/W03531T.mp4,motions/trai_nghia/w03531t.json,features/trai_nghia/w03531t.npz,0.5846,3.8372,60
trạm xe buýt,tram_xe_buyt,Dataset/Videos/W03534.mp4,motions/tram_xe_buyt/w03534.json,features/tram_xe_buyt/w03534.npz,0.9936,5.0717,60
trạm y tế,tram_y_te,Dataset/Videos/W03535.mp4,motions/tram_y_te/w03535.json,features/tram_y_te/w03535.npz,0.9809,4.5379,60
tràn ngập (nước),tran_ngap_nuoc,Dataset/Videos/W03536.mp4,motions/tran_ngap_nuoc/w03536.json,features/tran_ngap_nuoc/w03536.npz,0.9393,3.5702,60
trang phục,trang_phuc,Dataset/Videos/W03537.mp4,motions/trang_phuc/w03537.json,features/trang_phuc/w03537.npz,0.8461,5.0717,60
tranh luận,tranh_luan,Dataset/Videos/W03542.mp4,motions/tranh_luan/w03542.json,features/tranh_luan/w03542.npz,0.9675,2.3357,60
tai nạn giao thông,tai_nan_giao_thong,Dataset/Videos/W03543.mp4,motions/tai_nan_giao_thong/w03543.json,features/tai_nan_giao_thong/w03543.npz,0.7668,2.8362,60
tránh thai,tranh_thai,Dataset/Videos/W03544.mp4,motions/tranh_thai/w03544.json,features/tranh_thai/w03544.npz,0.9677,4.371,60
trao tặng,trao_tang,Dataset/Videos/W03545.mp4,motions/trao_tang/w03545.json,features/trao_tang/w03545.npz,0.9977,4.8048,60
trăng,trang,Dataset/Videos/W03550B.mp4,motions/trang/w03550b.json,features/trang/w03550b.npz,0.48,4.6713,60
trăng,trang,Dataset/Videos/W03550N.mp4,motions/trang/w03550n.json,features/trang/w03550n.npz,0.4905,7.4074,60
trăng,trang,Dataset/Videos/W03550T.mp4,motions/trang/w03550t.json,features/trang/w03550t.npz,0.492,7.4074,60
trắng muốt,trang_muot,Dataset/Videos/W03552B.mp4,motions/trang_muot/w03552b.json,features/trang_muot/w03552b.npz,0.5625,3.4701,60
trắng muốt,trang_muot,Dataset/Videos/W03552N.mp4,motions/trang_muot/w03552n.json,features/trang_muot/w03552n.npz,0.4626,4.0374,60
trắng muốt,trang_muot,Dataset/Videos/W03552T.mp4,motions/trang_muot/w03552t.json,features/trang_muot/w03552t.npz,0.4653,4.0374,60
trắng tay,trang_tay,Dataset/Videos/W03553.mp4,motions/trang_tay/w03553.json,features/trang_tay/w03553.npz,0.6207,5.4054,60
trầm trồ,tram_tro,Dataset/Videos/W03554.mp4,motions/tram_tro/w03554.json,features/tram_tro/w03554.npz,0.6277,2.7694,60
quạt trần,quat_tran,Dataset/Videos/W03560.mp4,motions/quat_tran/w03560.json,features/quat_tran/w03560.npz,0.5482,4.7047,60
trần nhà,tran_nha,Dataset/Videos/W03562.mp4,motions/tran_nha/w03562.json,features/tran_nha/w03562.npz,0.808,3.6703,60
tự (tự làm),tu_tu_lam,Dataset/Videos/W03568.mp4,motions/tu_tu_lam/w03568.json,features/tu_tu_lam/w03568.npz,0.5643,3.0364,60
tre,tre,Dataset/Videos/W03571B.mp4,motions/tre/w03571b.json,features/tre/w03571b.npz,0.6151,4.7047,60
tre,tre,Dataset/Videos/W03571N.mp4,motions/tre/w03571n.json,features/tre/w03571n.npz,0.6914,3.3033,60
tre,tre,Dataset/Videos/W03571T.mp4,motions/tre/w03571t.json,features/tre/w03571t.npz,0.6389,3.9039,60
trêu,treu,Dataset/Videos/W03573.mp4,motions/treu/w03573.json,features/treu/w03573.npz,0.979,5.1718,60
trêu tức,treu_tuc,Dataset/Videos/W03575.mp4,motions/treu_tuc/w03575.json,features/treu_tuc/w03575.npz,0.9796,5.3053,60
trí khôn,tri_khon,Dataset/Videos/W03576.mp4,motions/tri_khon/w03576.json,features/tri_khon/w03576.npz,0.9862,3.9373,60
trí thức,tri_thuc,Dataset/Videos/W03578.mp4,motions/tri_thuc/w03578.json,features/tri_thuc/w03578.npz,0.9557,8.8088,60
triều cường,trieu_cuong,Dataset/Videos/W03585.mp4,motions/trieu_cuong/w03585.json,features/trieu_cuong/w03585.npz,0.9797,5.3387,60
triều đình,trieu_inh,Dataset/Videos/W03587.mp4,motions/trieu_inh/w03587.json,features/trieu_inh/w03587.npz,0.9515,4.4711,60
trình bày,trinh_bay,Dataset/Videos/W03593.mp4,motions/trinh_bay/w03593.json,features/trinh_bay/w03593.npz,0.6121,4.1375,60
trình độ,trinh_o,Dataset/Videos/W03594.mp4,motions/trinh_o/w03594.json,features/trinh_o/w03594.npz,0.5197,8.2416,60
trò chơi,tro_choi,Dataset/Videos/W03599.mp4,motions/tro_choi/w03599.json,features/tro_choi/w03599.npz,0.5793,4.4378,60
trọc đầu,troc_au,Dataset/Videos/W03602B.mp4,motions/troc_au/w03602b.json,features/troc_au/w03602b.npz,0.4949,5.2386,60
trọc đầu,troc_au,Dataset/Videos/W03602N.mp4,motions/troc_au/w03602n.json,features/troc_au/w03602n.npz,0.6047,4.4711,60
trọc đầu,troc_au,Dataset/Videos/W03602T.mp4,motions/troc_au/w03602t.json,features/troc_au/w03602t.npz,0.6047,4.4711,60
trói tay,troi_tay,Dataset/Videos/W03603.mp4,motions/troi_tay/w03603.json,features/troi_tay/w03603.npz,0.7411,3.9373,60
tròn trịa (mặt),tron_tria_mat,Dataset/Videos/W03605.mp4,motions/tron_tria_mat/w03605.json,features/tron_tria_mat/w03605.npz,0.5572,4.6046,60
trong sáng,trong_sang,Dataset/Videos/W03606.mp4,motions/trong_sang/w03606.json,features/trong_sang/w03606.npz,0.732,3.8038,60
tròn,tron,Dataset/Videos/W03607.mp4,motions/tron/w03607.json,features/tron/w03607.npz,0.6834,9.009,60
trong ngoài,trong_ngoai,Dataset/Videos/W03611B.mp4,motions/trong_ngoai/w03611b.json,features/trong_ngoai/w03611b.npz,0.623,4.1708,60
trong ngoài,trong_ngoai,Dataset/Videos/W03611N.mp4,motions/trong_ngoai/w03611n.json,features/trong_ngoai/w03611n.npz,0.5806,9.3093,60
trong ngoài,trong_ngoai,Dataset/Videos/W03611T.mp4,motions/trong_ngoai/w03611t.json,features/trong_ngoai/w03611t.npz,0.5818,9.3093,60
trong suốt,trong_suot,Dataset/Videos/W03612.mp4,motions/trong_suot/w03612.json,features/trong_suot/w03612.npz,0.6322,8.8755,60
trọng tài,trong_tai,Dataset/Videos/W03614.mp4,motions/trong_tai/w03614.json,features/trong_tai/w03614.npz,0.4528,4.7381,60
xe tải,xe_tai,Dataset/Videos/W03615.mp4,motions/xe_tai/w03615.json,features/xe_tai/w03615.npz,0.7122,4.371,60
trộm cắp,trom_cap,Dataset/Videos/W03618.mp4,motions/trom_cap/w03618.json,features/trom_cap/w03618.npz,0.5538,4.2042,60
trốn chạy,tron_chay,Dataset/Videos/W03619B.mp4,motions/tron_chay/w03619b.json,features/tron_chay/w03619b.npz,0.5386,4.5379,60
trốn chạy,tron_chay,Dataset/Videos/W03619N.mp4,motions/tron_chay/w03619n.json,features/tron_chay/w03619n.npz,0.4487,8.3417,60
trốn chạy,tron_chay,Dataset/Videos/W03619T.mp4,motions/tron_chay/w03619t.json,features/tron_chay/w03619t.npz,0.4708,8.3417,60
trông chờ,trong_cho,Dataset/Videos/W03620B.mp4,motions/trong_cho/w03620b.json,features/trong_cho/w03620b.npz,0.6258,4.4044,60
trông chờ,trong_cho,Dataset/Videos/W03620N.mp4,motions/trong_cho/w03620n.json,features/trong_cho/w03620n.npz,0.5159,4.8382,60
trông chờ,trong_cho,Dataset/Videos/W03620T.mp4,motions/trong_cho/w03620t.json,features/trong_cho/w03620t.npz,0.5159,4.8382,60
trông coi,trong_coi,Dataset/Videos/W03621.mp4,motions/trong_coi/w03621.json,features/trong_coi/w03621.npz,0.4725,4.0707,60
trông nom,trong_nom,Dataset/Videos/W03622B.mp4,motions/trong_nom/w03622b.json,features/trong_nom/w03622b.npz,0.5893,4.4378,60
trông nom,trong_nom,Dataset/Videos/W03622N.mp4,motions/trong_nom/w03622n.json,features/trong_nom/w03622n.npz,0.4811,3.9706,60
trông nom,trong_nom,Dataset/Videos/W03622T.mp4,motions/trong_nom/w03622t.json,features/trong_nom/w03622t.npz,0.4811,3.9706,60
trống,trong,Dataset/Videos/W03624.mp4,motions/trong/w03624.json,features/trong/w03624.npz,0.6529,5.4388,60
trộn (đt),tron_t,Dataset/Videos/W03626.mp4,motions/tron_t/w03626.json,features/tron_t/w03626.npz,0.6481,4.0374,60
trở thành,tro_thanh,Dataset/Videos/W03629.mp4,motions/tro_thanh/w03629.json,features/tro_thanh/w03629.npz,0.5502,5.4721,60
trú mưa,tru_mua,Dataset/Videos/W03632.mp4,motions/tru_mua/w03632.json,features/tru_mua/w03632.npz,0.5583,4.7381,60
trục hoành,truc_hoanh,Dataset/Videos/W03633.mp4,motions/truc_hoanh/w03633.json,features/truc_hoanh/w03633.npz,0.601,4.1041,60
trục tung,truc_tung,Dataset/Videos/W03634.mp4,motions/truc_tung/w03634.json,features/truc_tung/w03634.npz,0.5709,3.9039,60
trục xuất,truc_xuat,Dataset/Videos/W03635.mp4,motions/truc_xuat/w03635.json,features/truc_xuat/w03635.npz,0.5667,3.7037,60
trụi lá,trui_la,Dataset/Videos/W03636B.mp4,motions/trui_la/w03636b.json,features/trui_la/w03636b.npz,0.9119,3.9373,60
trụi lá,trui_la,Dataset/Videos/W03636N.mp4,motions/trui_la/w03636n.json,features/trui_la/w03636n.npz,0.7114,7.1405,60
trụi lá,trui_la,Dataset/Videos/W03636T.mp4,motions/trui_la/w03636t.json,features/trui_la/w03636t.npz,0.7054,7.1405,60
trùm chăn,trum_chan,Dataset/Videos/W03637.mp4,motions/trum_chan/w03637.json,features/trum_chan/w03637.npz,0.6052,4.371,60
trung bình,trung_binh,Dataset/Videos/W03638.mp4,motions/trung_binh/w03638.json,features/trung_binh/w03638.npz,0.4742,4.2709,60
trung điểm,trung_iem,Dataset/Videos/W03641.mp4,motions/trung_iem/w03641.json,features/trung_iem/w03641.npz,0.6371,3.4368,60
Trung Quốc (nước Trung Quốc),trung_quoc_nuoc_trung_quoc,Dataset/Videos/W03642B.mp4,motions/trung_quoc_nuoc_trung_quoc/w03642b.json,features/trung_quoc_nuoc_trung_quoc/w03642b.npz,0.5048,3.637,60
Trung Quốc (nước Trung Quốc),trung_quoc_nuoc_trung_quoc,Dataset/Videos/W03642N.mp4,motions/trung_quoc_nuoc_trung_quoc/w03642n.json,features/trung_quoc_nuoc_trung_quoc/w03642n.npz,0.4284,4.8382,60
Trung Quốc (nước Trung Quốc),trung_quoc_nuoc_trung_quoc,Dataset/Videos/W03642T.mp4,motions/trung_quoc_nuoc_trung_quoc/w03642t.json,features/trung_quoc_nuoc_trung_quoc/w03642t.npz,0.5048,3.637,60
trung tâm,trung_tam,Dataset/Videos/W03643.mp4,motions/trung_tam/w03643.json,features/trung_tam/w03643.npz,0.5416,5.1385,60
trung thành,trung_thanh,Dataset/Videos/W03644.mp4,motions/trung_thanh/w03644.json,features/trung_thanh/w03644.npz,0.5437,8.1748,60
Trung Thu,trung_thu,Dataset/Videos/W03645B.mp4,motions/trung_thu/w03645b.json,features/trung_thu/w03645b.npz,0.9699,3.6036,60
Trung Thu,trung_thu,Dataset/Videos/W03645N.mp4,motions/trung_thu/w03645n.json,features/trung_thu/w03645n.npz,0.5768,9.6096,60
Trung Thu,trung_thu,Dataset/Videos/W03645T.mp4,motions/trung_thu/w03645t.json,features/trung_thu/w03645t.npz,0.5746,9.6096,60
trung ương,trung_uong,Dataset/Videos/W03646.mp4,motions/trung_uong/w03646.json,features/trung_uong/w03646.npz,0.4673,4.2376,60
trúng thưởng,trung_thuong,Dataset/Videos/W03648.mp4,motions/trung_thuong/w03648.json,features/trung_thuong/w03648.npz,0.6461,3.003,60
trúng tuyển,trung_tuyen,Dataset/Videos/W03649B.mp4,motions/trung_tuyen/w03649b.json,features/trung_tuyen/w03649b.npz,0.4877,4.8048,60
trúng tuyển,trung_tuyen,Dataset/Videos/W03649N.mp4,motions/trung_tuyen/w03649n.json,features/trung_tuyen/w03649n.npz,0.5553,3.9039,60
trúng tuyển,trung_tuyen,Dataset/Videos/W03649T.mp4,motions/trung_tuyen/w03649t.json,features/trung_tuyen/w03649t.npz,0.5553,3.9039,60
truyền dịch,truyen_dich,Dataset/Videos/W03650.mp4,motions/truyen_dich/w03650.json,features/truyen_dich/w03650.npz,0.6109,5.0717,60
truyền thông,truyen_thong,Dataset/Videos/W03653.mp4,motions/truyen_thong/w03653.json,features/truyen_thong/w03653.npz,0.6139,4.4378,60
truyền thống,truyen_thong,Dataset/Videos/W03654.mp4,motions/truyen_thong/w03654.json,features/truyen_thong/w03654.npz,0.5545,5.1385,60
trực nhật,truc_nhat,Dataset/Videos/W03657.mp4,motions/truc_nhat/w03657.json,features/truc_nhat/w03657.npz,0.5967,4.3043,60
trứng,trung,Dataset/Videos/W03659B.mp4,motions/trung/w03659b.json,features/trung/w03659b.npz,0.4784,3.9706,60
trứng,trung,Dataset/Videos/W03659N.mp4,motions/trung/w03659n.json,features/trung/w03659n.npz,0.4817,3.8705,60
trứng,trung,Dataset/Videos/W03659T.mp4,motions/trung/w03659t.json,features/trung/w03659t.npz,0.6597,3.5369,60
trường tiểu học,truong_tieu_hoc,Dataset/Videos/W03663N.mp4,motions/truong_tieu_hoc/w03663n.json,features/truong_tieu_hoc/w03663n.npz,0.5475,4.3377,60
trường tiểu học,truong_tieu_hoc,Dataset/Videos/W03663T.mp4,motions/truong_tieu_hoc/w03663t.json,features/truong_tieu_hoc/w03663t.npz,0.55,4.3377,60
trực tiếp,truc_tiep,Dataset/Videos/W03665.mp4,motions/truc_tiep/w03665.json,features/truc_tiep/w03665.npz,0.4624,4.4378,60
trưng bày,trung_bay,Dataset/Videos/W03666.mp4,motions/trung_bay/w03666.json,features/trung_bay/w03666.npz,0.5574,4.0707,60
trước,truoc,Dataset/Videos/W03669B.mp4,motions/truoc/w03669b.json,features/truoc/w03669b.npz,0.4794,3.9373,60
trước,truoc,Dataset/Videos/W03669N.mp4,motions/truoc/w03669n.json,features/truoc/w03669n.npz,0.442,4.7047,60
trước,truoc,Dataset/Videos/W03669T.mp4,motions/truoc/w03669t.json,features/truoc/w03669t.npz,0.4822,3.9373,60
trường hợp,truong_hop,Dataset/Videos/W03672.mp4,motions/truong_hop/w03672.json,features/truong_hop/w03672.npz,0.5561,8.5752,60
trường mầm non,truong_mam_non,Dataset/Videos/W03673B.mp4,motions/truong_mam_non/w03673b.json,features/truong_mam_non/w03673b.npz,0.6014,5.3053,60
trường mầm non,truong_mam_non,Dataset/Videos/W03673N.mp4,motions/truong_mam_non/w03673n.json,features/truong_mam_non/w03673n.npz,0.6002,4.638,60
trường mầm non,truong_mam_non,Dataset/Videos/W03673T.mp4,motions/truong_mam_non/w03673t.json,features/truong_mam_non/w03673t.npz,0.5978,4.638,60
trường PTCS (cấp 2),truong_ptcs_cap_2,Dataset/Videos/W03674B.mp4,motions/truong_ptcs_cap_2/w03674b.json,features/truong_ptcs_cap_2/w03674b.npz,0.5506,5.2386,60
trường PTCS (cấp 2),truong_ptcs_cap_2,Dataset/Videos/W03674N.mp4,motions/truong_ptcs_cap_2/w03674n.json,features/truong_ptcs_cap_2/w03674n.npz,0.5372,4.5712,60
trường PTCS (cấp 2),truong_ptcs_cap_2,Dataset/Videos/W03674T.mp4,motions/truong_ptcs_cap_2/w03674t.json,features/truong_ptcs_cap_2/w03674t.npz,0.5443,4.5712,60
trường THPT ( cấp 3),truong_thpt_cap_3,Dataset/Videos/W03675B.mp4,motions/truong_thpt_cap_3/w03675b.json,features/truong_thpt_cap_3/w03675b.npz,0.6246,3.8705,60
trường THPT ( cấp 3),truong_thpt_cap_3,Dataset/Videos/W03675N.mp4,motions/truong_thpt_cap_3/w03675n.json,features/truong_thpt_cap_3/w03675n.npz,0.5589,4.3043,60
trường THPT ( cấp 3),truong_thpt_cap_3,Dataset/Videos/W03675T.mp4,motions/truong_thpt_cap_3/w03675t.json,features/truong_thpt_cap_3/w03675t.npz,0.5589,4.3043,60
trưởng nhóm,truong_nhom,Dataset/Videos/W03676.mp4,motions/truong_nhom/w03676.json,features/truong_nhom/w03676.npz,0.5484,4.2042,60
tù giam,tu_giam,Dataset/Videos/W03678.mp4,motions/tu_giam/w03678.json,features/tu_giam/w03678.npz,0.5577,4.7381,60
tụ tập,tu_tap,Dataset/Videos/W03682.mp4,motions/tu_tap/w03682.json,features/tu_tap/w03682.npz,0.6186,4.0374,60
tuân lệnh,tuan_lenh,Dataset/Videos/W03683.mp4,motions/tuan_lenh/w03683.json,features/tuan_lenh/w03683.npz,0.4373,3.6036,60
tuân thủ,tuan_thu,Dataset/Videos/W03684.mp4,motions/tuan_thu/w03684.json,features/tuan_thu/w03684.npz,0.4715,4.1041,60
tuần,tuan,Dataset/Videos/W03685B.mp4,motions/tuan/w03685b.json,features/tuan/w03685b.npz,0.4628,4.0374,60
tuần,tuan,Dataset/Videos/W03685N.mp4,motions/tuan/w03685n.json,features/tuan/w03685n.npz,0.5917,4.0374,60
tuần,tuan,Dataset/Videos/W03685T.mp4,motions/tuan/w03685t.json,features/tuan/w03685t.npz,0.7753,3.1365,60
tủi thân,tui_than,Dataset/Videos/W03689.mp4,motions/tui_than/w03689.json,features/tui_than/w03689.npz,0.5404,4.6713,60
túm tóc,tum_toc,Dataset/Videos/W03692.mp4,motions/tum_toc/w03692.json,features/tum_toc/w03692.npz,0.627,4.0707,60
tung tăng,tung_tang,Dataset/Videos/W03696.mp4,motions/tung_tang/w03696.json,features/tung_tang/w03696.npz,0.7355,3.4034,60
tuổi thơ,tuoi_tho,Dataset/Videos/W03698.mp4,motions/tuoi_tho/w03698.json,features/tuoi_tho/w03698.npz,0.8316,3.6703,60
tuốt lúa,tuot_lua,Dataset/Videos/W03699.mp4,motions/tuot_lua/w03699.json,features/tuot_lua/w03699.npz,0.5938,4.8048,60
tuỷ sống,tuy_song,Dataset/Videos/W03700.mp4,motions/tuy_song/w03700.json,features/tuy_song/w03700.npz,0.58,4.8048,60
tuyên bố,tuyen_bo,Dataset/Videos/W03701.mp4,motions/tuyen_bo/w03701.json,features/tuyen_bo/w03701.npz,0.5606,4.2376,60
tuyên ngôn,tuyen_ngon,Dataset/Videos/W03702.mp4,motions/tuyen_ngon/w03702.json,features/tuyen_ngon/w03702.npz,0.584,4.1708,60
tuyệt vọng,tuyet_vong,Dataset/Videos/W03708.mp4,motions/tuyet_vong/w03708.json,features/tuyet_vong/w03708.npz,0.5297,4.8048,60
từ bỏ,tu_bo,Dataset/Videos/W03710.mp4,motions/tu_bo/w03710.json,features/tu_bo/w03710.npz,0.5273,5.1385,60
từ đồng âm,tu_ong_am,Dataset/Videos/W03711.mp4,motions/tu_ong_am/w03711.json,features/tu_ong_am/w03711.npz,0.74,2.9196,60
từ ngữ,tu_ngu,Dataset/Videos/W03712.mp4,motions/tu_ngu/w03712.json,features/tu_ngu/w03712.npz,0.4913,3.8372,60
từ phải sang trái,tu_phai_sang_trai,Dataset/Videos/W03713.mp4,motions/tu_phai_sang_trai/w03713.json,features/tu_phai_sang_trai/w03713.npz,0.5331,2.9613,60
từ trái nghĩa,tu_trai_nghia,Dataset/Videos/W03714B.mp4,motions/tu_trai_nghia/w03714b.json,features/tu_trai_nghia/w03714b.npz,0.5596,4.6046,60
từ trái nghĩa,tu_trai_nghia,Dataset/Videos/W03714N.mp4,motions/tu_trai_nghia/w03714n.json,features/tu_trai_nghia/w03714n.npz,0.569,4.3043,60
từ trái nghĩa,tu_trai_nghia,Dataset/Videos/W03714T.mp4,motions/tu_trai_nghia/w03714t.json,features/tu_trai_nghia/w03714t.npz,0.569,4.3043,60
từ trái sang phải,tu_trai_sang_phai,Dataset/Videos/W03715.mp4,motions/tu_trai_sang_phai/w03715.json,features/tu_trai_sang_phai/w03715.npz,0.5296,3.1698,60
tự do,tu_do,Dataset/Videos/W03717B.mp4,motions/tu_do/w03717b.json,features/tu_do/w03717b.npz,0.5575,4.8048,60
tự do,tu_do,Dataset/Videos/W03717N.mp4,motions/tu_do/w03717n.json,features/tu_do/w03717n.npz,0.4886,3.6703,60
tự do,tu_do,Dataset/Videos/W03717T.mp4,motions/tu_do/w03717t.json,features/tu_do/w03717t.npz,0.4886,3.6703,60
tự lập,tu_lap,Dataset/Videos/W03719B.mp4,motions/tu_lap/w03719b.json,features/tu_lap/w03719b.npz,0.5004,4.0374,60
tự lập,tu_lap,Dataset/Videos/W03719N.mp4,motions/tu_lap/w03719n.json,features/tu_lap/w03719n.npz,0.4598,4.8382,60
tự lập,tu_lap,Dataset/Videos/W03719T.mp4,motions/tu_lap/w03719t.json,features/tu_lap/w03719t.npz,0.5716,3.6703,60
tự tin,tu_tin,Dataset/Videos/W03720B.mp4,motions/tu_tin/w03720b.json,features/tu_tin/w03720b.npz,0.5925,4.3377,60
tự tin,tu_tin,Dataset/Videos/W03720N.mp4,motions/tu_tin/w03720n.json,features/tu_tin/w03720n.npz,0.4413,4.5045,60
tự tin,tu_tin,Dataset/Videos/W03720T.mp4,motions/tu_tin/w03720t.json,features/tu_tin/w03720t.npz,0.4413,4.5045,60
tự vệ,tu_ve,Dataset/Videos/W03722B.mp4,motions/tu_ve/w03722b.json,features/tu_ve/w03722b.npz,0.6798,4.5045,60
tự vệ,tu_ve,Dataset/Videos/W03722N.mp4,motions/tu_ve/w03722n.json,features/tu_ve/w03722n.npz,0.5114,5.1051,60
tự vệ,tu_ve,Dataset/Videos/W03722T.mp4,motions/tu_ve/w03722t.json,features/tu_ve/w03722t.npz,0.7464,4.4044,60
tươi cười,tuoi_cuoi,Dataset/Videos/W03725.mp4,motions/tuoi_cuoi/w03725.json,features/tuoi_cuoi/w03725.npz,0.6216,4.8715,60
tưới cây,tuoi_cay,Dataset/Videos/W03727B.mp4,motions/tuoi_cay/w03727b.json,features/tuoi_cay/w03727b.npz,0.5782,4.7047,60
tưới cây,tuoi_cay,Dataset/Videos/W03727N.mp4,motions/tuoi_cay/w03727n.json,features/tuoi_cay/w03727n.npz,0.5562,4.9383,60
tưới cây,tuoi_cay,Dataset/Videos/W03727T.mp4,motions/tuoi_cay/w03727t.json,features/tuoi_cay/w03727t.npz,0.5541,4.9383,60
nước tương (xì dầu),nuoc_tuong_xi_dau,Dataset/Videos/W03728.mp4,motions/nuoc_tuong_xi_dau/w03728.json,features/nuoc_tuong_xi_dau/w03728.npz,0.4794,3.9373,60
tương ứng,tuong_ung,Dataset/Videos/W03729.mp4,motions/tuong_ung/w03729.json,features/tuong_ung/w03729.npz,0.5988,8.6753,60
tưởng,tuong,Dataset/Videos/W03730.mp4,motions/tuong/w03730.json,features/tuong/w03730.npz,0.4672,4.0707,60
tưởng tượng,tuong_tuong,Dataset/Videos/W03732.mp4,motions/tuong_tuong/w03732.json,features/tuong_tuong/w03732.npz,0.5037,4.9383,60
tưởng tượng,tuong_tuong,Dataset/Videos/W03732B.mp4,motions/tuong_tuong/w03732b.json,features/tuong_tuong/w03732b.npz,0.9693,3.5369,60
tưởng tượng,tuong_tuong,Dataset/Videos/W03732N.mp4,motions/tuong_tuong/w03732n.json,features/tuong_tuong/w03732n.npz,0.5216,3.712,60
tưởng tượng,tuong_tuong,Dataset/Videos/W03732T.mp4,motions/tuong_tuong/w03732t.json,features/tuong_tuong/w03732t.npz,0.9601,3.5369,60
tượng,tuong,Dataset/Videos/W03734.mp4,motions/tuong/w03734.json,features/tuong/w03734.npz,0.5573,4.7047,60
tượng đài,tuong_ai,Dataset/Videos/W03735.mp4,motions/tuong_ai/w03735.json,features/tuong_ai/w03735.npz,0.5416,5.0384,60
u ám ( trời u ám),u_am_troi_u_am,Dataset/Videos/W03738.mp4,motions/u_am_troi_u_am/w03738.json,features/u_am_troi_u_am/w03738.npz,0.6257,4.8382,60
ung dung,ung_dung,Dataset/Videos/W03740.mp4,motions/ung_dung/w03740.json,features/ung_dung/w03740.npz,0.5335,8.2749,60
ủng,ung,Dataset/Videos/W03741.mp4,motions/ung/w03741.json,features/ung/w03741.npz,0.5862,4.638,60
ủng hộ,ung_ho,Dataset/Videos/W03742.mp4,motions/ung_ho/w03742.json,features/ung_ho/w03742.npz,0.5902,3.8372,60
UNICEF,unicef,Dataset/Videos/W03744.mp4,motions/unicef/w03744.json,features/unicef/w03744.npz,0.5792,3.9706,60
uốn,uon,Dataset/Videos/W03745.mp4,motions/uon/w03745.json,features/uon/w03745.npz,0.5763,2.636,60
uốn cong,uon_cong,Dataset/Videos/W03746.mp4,motions/uon_cong/w03746.json,features/uon_cong/w03746.npz,0.6037,3.8038,60
uốn dẻo,uon_deo,Dataset/Videos/W03747.mp4,motions/uon_deo/w03747.json,features/uon_deo/w03747.npz,0.7007,4.7547,60
uốn tóc,uon_toc,Dataset/Videos/W03748.mp4,motions/uon_toc/w03748.json,features/uon_toc/w03748.npz,0.7965,3.5702,60
úp,up,Dataset/Videos/W03749.mp4,motions/up/w03749.json,features/up/w03749.npz,0.4709,3.6703,60
ủy ban,uy_ban,Dataset/Videos/W03750.mp4,motions/uy_ban/w03750.json,features/uy_ban/w03750.npz,0.5014,4.8715,60
ủy ban nhân dân,uy_ban_nhan_dan,Dataset/Videos/W037511.mp4,motions/uy_ban_nhan_dan/w037511.json,features/uy_ban_nhan_dan/w037511.npz,0.5059,4.9383,60
ủy quyền,uy_quyen,Dataset/Videos/W03751B.mp4,motions/uy_quyen/w03751b.json,features/uy_quyen/w03751b.npz,0.5377,5.1385,60
ủy quyền,uy_quyen,Dataset/Videos/W03751N.mp4,motions/uy_quyen/w03751n.json,features/uy_quyen/w03751n.npz,0.534,5.5389,60
ủy quyền,uy_quyen,Dataset/Videos/W03751T.mp4,motions/uy_quyen/w03751t.json,features/uy_quyen/w03751t.npz,0.5356,5.1385,60
ức chế,uc_che,Dataset/Videos/W03752.mp4,motions/uc_che/w03752.json,features/uc_che/w03752.npz,0.5404,5.8058,60
ưu điểm,uu_iem,Dataset/Videos/W03757.mp4,motions/uu_iem/w03757.json,features/uu_iem/w03757.npz,0.4486,4.9383,60
ưu tiên,uu_tien,Dataset/Videos/W03758B.mp4,motions/uu_tien/w03758b.json,features/uu_tien/w03758b.npz,0.5888,4.5379,60
ưu tiên,uu_tien,Dataset/Videos/W03758N.mp4,motions/uu_tien/w03758n.json,features/uu_tien/w03758n.npz,0.5445,4.4044,60
ưu tiên,uu_tien,Dataset/Videos/W03758T.mp4,motions/uu_tien/w03758t.json,features/uu_tien/w03758t.npz,0.547,4.4044,60
va chạm,va_cham,Dataset/Videos/W03759.mp4,motions/va_cham/w03759.json,features/va_cham/w03759.npz,0.675,2.5442,60
va li,va_li,Dataset/Videos/W03761.mp4,motions/va_li/w03761.json,features/va_li/w03761.npz,0.8806,7.5409,60
vác,vac,Dataset/Videos/W03762.mp4,motions/vac/w03762.json,features/vac/w03762.npz,0.5694,3.9039,60
vạch trần,vach_tran,Dataset/Videos/W03765.mp4,motions/vach_tran/w03765.json,features/vach_tran/w03765.npz,0.5907,4.5045,60
vạch xuất phát,vach_xuat_phat,Dataset/Videos/W03766.mp4,motions/vach_xuat_phat/w03766.json,features/vach_xuat_phat/w03766.npz,0.5895,7.6076,60
vai,vai,Dataset/Videos/W03767.mp4,motions/vai/w03767.json,features/vai/w03767.npz,0.5431,4.9383,60
vai trò,vai_tro,Dataset/Videos/W03768.mp4,motions/vai_tro/w03768.json,features/vai_tro/w03768.npz,0.4896,4.5045,60
vái lạy,vai_lay,Dataset/Videos/W03770.mp4,motions/vai_lay/w03770.json,features/vai_lay/w03770.npz,0.4805,4.4044,60
vái tứ phương,vai_tu_phuong,Dataset/Videos/W03771.mp4,motions/vai_tu_phuong/w03771.json,features/vai_tu_phuong/w03771.npz,0.5039,5.0717,60
vạm vỡ,vam_vo,Dataset/Videos/W03773.mp4,motions/vam_vo/w03773.json,features/vam_vo/w03773.npz,0.6457,4.1041,60
vàng (kim loại),vang_kim_loai,Dataset/Videos/W03777.mp4,motions/vang_kim_loai/w03777.json,features/vang_kim_loai/w03777.npz,0.4713,3.8372,60
vàng bạc,vang_bac,Dataset/Videos/W03778.mp4,motions/vang_bac/w03778.json,features/vang_bac/w03778.npz,0.5373,3.9373,60
vào,vao,Dataset/Videos/W03780.mp4,motions/vao/w03780.json,features/vao/w03780.npz,0.4807,5.9726,60
vào lớp,vao_lop,Dataset/Videos/W03781.mp4,motions/vao_lop/w03781.json,features/vao_lop/w03781.npz,0.5676,3.8372,60
vào mùa,vao_mua,Dataset/Videos/W03782.mp4,motions/vao_mua/w03782.json,features/vao_mua/w03782.npz,0.508,4.8048,60
vào mùa,vao_mua,Dataset/Videos/W03782B.mp4,motions/vao_mua/w03782b.json,features/vao_mua/w03782b.npz,0.6318,4.2709,60
vá xe,va_xe,Dataset/Videos/W03784.mp4,motions/va_xe/w03784.json,features/va_xe/w03784.npz,0.4965,4.8048,60
vạt áo,vat_ao,Dataset/Videos/W03785.mp4,motions/vat_ao/w03785.json,features/vat_ao/w03785.npz,0.5311,2.9196,60
văn,van,Dataset/Videos/W03786.mp4,motions/van/w03786.json,features/van/w03786.npz,0.5181,4.7047,60
văn bản,van_ban,Dataset/Videos/W03787.mp4,motions/van_ban/w03787.json,features/van_ban/w03787.npz,0.5483,4.371,60
Văn miếu Quốc Tử Giám,van_mieu_quoc_tu_giam,Dataset/Videos/W03791.mp4,motions/van_mieu_quoc_tu_giam/w03791.json,features/van_mieu_quoc_tu_giam/w03791.npz,0.5821,5.1385,60
văn nghệ,van_nghe,Dataset/Videos/W03793B.mp4,motions/van_nghe/w03793b.json,features/van_nghe/w03793b.npz,0.5385,4.371,60
văn nghệ,van_nghe,Dataset/Videos/W03793N.mp4,motions/van_nghe/w03793n.json,features/van_nghe/w03793n.npz,0.5776,4.5712,60
văn nghệ,van_nghe,Dataset/Videos/W03793T.mp4,motions/van_nghe/w03793t.json,features/van_nghe/w03793t.npz,0.5361,4.371,60
vắn tắt,van_tat,Dataset/Videos/W03794.mp4,motions/van_tat/w03794.json,features/van_tat/w03794.npz,0.5448,3.6703,60
vắng,vang,Dataset/Videos/W03795B.mp4,motions/vang/w03795b.json,features/vang/w03795b.npz,0.6019,7.8745,60
vắng,vang,Dataset/Videos/W03795N.mp4,motions/vang/w03795n.json,features/vang/w03795n.npz,0.636,4.4711,60
vắng,vang,Dataset/Videos/W03795T.mp4,motions/vang/w03795t.json,features/vang/w03795t.npz,0.7144,4.4044,60
vắng lặng,vang_lang,Dataset/Videos/W03796.mp4,motions/vang_lang/w03796.json,features/vang_lang/w03796.npz,0.7718,3.9206,60
vắt cam,vat_cam,Dataset/Videos/W03797.mp4,motions/vat_cam/w03797.json,features/vat_cam/w03797.npz,0.5092,3.3367,60
vấn đề,van_e,Dataset/Videos/W03799B.mp4,motions/van_e/w03799b.json,features/van_e/w03799b.npz,0.5681,4.4711,60
vấn đề,van_e,Dataset/Videos/W03799N.mp4,motions/van_e/w03799n.json,features/van_e/w03799n.npz,0.6113,4.4378,60
vấn đề,van_e,Dataset/Videos/W03799T.mp4,motions/van_e/w03799t.json,features/van_e/w03799t.npz,0.6113,4.4378,60
vận chuyển,van_chuyen,Dataset/Videos/W03800.mp4,motions/van_chuyen/w03800.json,features/van_chuyen/w03800.npz,0.6635,3.5452,60
vận động,van_ong,Dataset/Videos/W03801.mp4,motions/van_ong/w03801.json,features/van_ong/w03801.npz,0.4924,3.5035,60
vận tốc,van_toc,Dataset/Videos/W03804.mp4,motions/van_toc/w03804.json,features/van_toc/w03804.npz,0.7218,3.9373,60
vầng trăng,vang_trang,Dataset/Videos/W03805N.mp4,motions/vang_trang/w03805n.json,features/vang_trang/w03805n.npz,0.5114,4.9049,60
vầng trăng,vang_trang,Dataset/Videos/W03805T.mp4,motions/vang_trang/w03805t.json,features/vang_trang/w03805t.npz,0.5092,4.9049,60
vật,vat,Dataset/Videos/W03806.mp4,motions/vat/w03806.json,features/vat/w03806.npz,0.6186,4.0374,60
vật nuôi,vat_nuoi,Dataset/Videos/W03809B.mp4,motions/vat_nuoi/w03809b.json,features/vat_nuoi/w03809b.npz,0.5123,4.6713,60
vật nuôi,vat_nuoi,Dataset/Videos/W03809N.mp4,motions/vat_nuoi/w03809n.json,features/vat_nuoi/w03809n.npz,0.5552,4.8048,60
vật nuôi,vat_nuoi,Dataset/Videos/W03809T.mp4,motions/vat_nuoi/w03809t.json,features/vat_nuoi/w03809t.npz,0.7106,7.6076,60
vây bắt,vay_bat,Dataset/Videos/W03810.mp4,motions/vay_bat/w03810.json,features/vay_bat/w03810.npz,0.5957,3.7037,60
vẫy tay,vay_tay,Dataset/Videos/W03812.mp4,motions/vay_tay/w03812.json,features/vay_tay/w03812.npz,0.4808,8.0414,60
vẫy vùng (cá),vay_vung_ca,Dataset/Videos/W03813.mp4,motions/vay_vung_ca/w03813.json,features/vay_vung_ca/w03813.npz,0.4591,4.5712,60
vé,ve,Dataset/Videos/W03814.mp4,motions/ve/w03814.json,features/ve/w03814.npz,0.568,8.1081,60
vệ sinh cá nhân,ve_sinh_ca_nhan,Dataset/Videos/W03819.mp4,motions/ve_sinh_ca_nhan/w03819.json,features/ve_sinh_ca_nhan/w03819.npz,0.4913,4.1375,60
vênh váo,venh_vao,Dataset/Videos/W03820.mp4,motions/venh_vao/w03820.json,features/venh_vao/w03820.npz,0.9187,3.6036,60
vết thương,vet_thuong,Dataset/Videos/W03821.mp4,motions/vet_thuong/w03821.json,features/vet_thuong/w03821.npz,0.4707,3.5035,60
vi khuẩn,vi_khuan,Dataset/Videos/W03823.mp4,motions/vi_khuan/w03823.json,features/vi_khuan/w03823.npz,0.4711,4.7381,60
vì sao?,vi_sao,Dataset/Videos/W03825B.mp4,motions/vi_sao/w03825b.json,features/vi_sao/w03825b.npz,0.4854,4.2376,60
vì sao?,vi_sao,Dataset/Videos/W03825N.mp4,motions/vi_sao/w03825n.json,features/vi_sao/w03825n.npz,0.4576,4.9383,60
vì sao?,vi_sao,Dataset/Videos/W03825T.mp4,motions/vi_sao/w03825t.json,features/vi_sao/w03825t.npz,0.4554,4.9383,60
vĩ cầm,vi_cam,Dataset/Videos/W03826.mp4,motions/vi_cam/w03826.json,features/vi_cam/w03826.npz,0.6031,4.0707,60
vĩ đại,vi_ai,Dataset/Videos/W03827.mp4,motions/vi_ai/w03827.json,features/vi_ai/w03827.npz,0.5444,3.4034,60
ví dụ,vi_du,Dataset/Videos/W03828B.mp4,motions/vi_du/w03828b.json,features/vi_du/w03828b.npz,0.6465,3.8372,60
ví dụ,vi_du,Dataset/Videos/W03828N.mp4,motions/vi_du/w03828n.json,features/vi_du/w03828n.npz,0.4362,4.7714,60
ví dụ,vi_du,Dataset/Videos/W03828T.mp4,motions/vi_du/w03828t.json,features/vi_du/w03828t.npz,0.6465,3.8372,60
vị ngữ,vi_ngu,Dataset/Videos/W03829.mp4,motions/vi_ngu/w03829.json,features/vi_ngu/w03829.npz,0.4756,4.1375,60
vị trí,vi_tri,Dataset/Videos/W03832.mp4,motions/vi_tri/w03832.json,features/vi_tri/w03832.npz,0.5382,4.4378,60
việc làm,viec_lam,Dataset/Videos/W03835.mp4,motions/viec_lam/w03835.json,features/viec_lam/w03835.npz,0.6678,3.003,60
viện bảo tàng,vien_bao_tang,Dataset/Videos/W03840.mp4,motions/vien_bao_tang/w03840.json,features/vien_bao_tang/w03840.npz,0.5975,5.0384,60
viện nghiên cứu,vien_nghien_cuu,Dataset/Videos/W03841.mp4,motions/vien_nghien_cuu/w03841.json,features/vien_nghien_cuu/w03841.npz,0.5635,4.5712,60
viết lia lịa,viet_lia_lia,Dataset/Videos/W03842.mp4,motions/viet_lia_lia/w03842.json,features/viet_lia_lia/w03842.npz,0.5227,4.2709,60
Vĩnh Long,vinh_long,Dataset/Videos/W03846.mp4,motions/vinh_long/w03846.json,features/vinh_long/w03846.npz,0.5931,4.1041,60
Vĩnh Phúc,vinh_phuc,Dataset/Videos/W03847.mp4,motions/vinh_phuc/w03847.json,features/vinh_phuc/w03847.npz,0.5575,4.4378,60
vịnh,vinh,Dataset/Videos/W03848.mp4,motions/vinh/w03848.json,features/vinh/w03848.npz,0.62,8.2749,60
vịnh Hạ Long,vinh_ha_long,Dataset/Videos/W03849.mp4,motions/vinh_ha_long/w03849.json,features/vinh_ha_long/w03849.npz,0.5852,4.8382,60
Võ Nguyên Giáp,vo_nguyen_giap,Dataset/Videos/W03851.mp4,motions/vo_nguyen_giap/w03851.json,features/vo_nguyen_giap/w03851.npz,0.4311,4.7714,60
vòi voi,voi_voi,Dataset/Videos/W03852.mp4,motions/voi_voi/w03852.json,features/voi_voi/w03852.npz,0.5221,7.8745,60
vòng đeo tay,vong_eo_tay,Dataset/Videos/W03853.mp4,motions/vong_eo_tay/w03853.json,features/vong_eo_tay/w03853.npz,0.7058,3.1698,60
vòng quanh Trái Đất,vong_quanh_trai_at,Dataset/Videos/W03854.mp4,motions/vong_quanh_trai_at/w03854.json,features/vong_quanh_trai_at/w03854.npz,0.6391,6.1395,60
vỏ,vo,Dataset/Videos/W03855.mp4,motions/vo/w03855.json,features/vo/w03855.npz,0.6179,4.5712,60
võ thuật,vo_thuat,Dataset/Videos/W03856.mp4,motions/vo_thuat/w03856.json,features/vo_thuat/w03856.npz,0.5478,8.6086,60
vòi nước,voi_nuoc,Dataset/Videos/W03858.mp4,motions/voi_nuoc/w03858.json,features/voi_nuoc/w03858.npz,0.5745,5.0717,60
mái vòm,mai_vom,Dataset/Videos/W03859.mp4,motions/mai_vom/w03859.json,features/mai_vom/w03859.npz,0.5909,4.7714,60
vòm lá,vom_la,Dataset/Videos/W03860.mp4,motions/vom_la/w03860.json,features/vom_la/w03860.npz,0.6479,4.4044,60
vòng cung,vong_cung,Dataset/Videos/W03861.mp4,motions/vong_cung/w03861.json,features/vong_cung/w03861.npz,0.6212,4.8382,60
vòng đời,vong_oi,Dataset/Videos/W03862.mp4,motions/vong_oi/w03862.json,features/vong_oi/w03862.npz,0.6726,4.5712,60
vòng tròn,vong_tron,Dataset/Videos/W03863.mp4,motions/vong_tron/w03863.json,features/vong_tron/w03863.npz,0.4763,5.1385,60
võng (cái võng),vong_cai_vong,Dataset/Videos/W03864.mp4,motions/vong_cai_vong/w03864.json,features/vong_cai_vong/w03864.npz,0.4826,4.7381,60
nhiều vô cùng,nhieu_vo_cung,Dataset/Videos/W03865.mp4,motions/nhieu_vo_cung/w03865.json,features/nhieu_vo_cung/w03865.npz,0.6265,3.8038,60
vô lí,vo_li,Dataset/Videos/W03866.mp4,motions/vo_li/w03866.json,features/vo_li/w03866.npz,0.4877,5.1051,60
vô lo vô nghĩ,vo_lo_vo_nghi,Dataset/Videos/W03867.mp4,motions/vo_lo_vo_nghi/w03867.json,features/vo_lo_vo_nghi/w03867.npz,0.632,4.5379,60
vô tâm,vo_tam,Dataset/Videos/W03868.mp4,motions/vo_tam/w03868.json,features/vo_tam/w03868.npz,0.479,4.371,60
xa vô tận,xa_vo_tan,Dataset/Videos/W03869.mp4,motions/xa_vo_tan/w03869.json,features/xa_vo_tan/w03869.npz,0.6849,8.7421,60
vô tư,vo_tu,Dataset/Videos/W03870.mp4,motions/vo_tu/w03870.json,features/vo_tu/w03870.npz,0.6328,4.371,60
vô ý,vo_y,Dataset/Videos/W03871.mp4,motions/vo_y/w03871.json,features/vo_y/w03871.npz,0.7441,4.7047,60
vô ý thức,vo_y_thuc,Dataset/Videos/W03872.mp4,motions/vo_y_thuc/w03872.json,features/vo_y_thuc/w03872.npz,0.4845,3.8705,60
vồ,vo,Dataset/Videos/W03873.mp4,motions/vo/w03873.json,features/vo/w03873.npz,0.5816,4.0707,60
vỗ cánh,vo_canh,Dataset/Videos/W03875.mp4,motions/vo_canh/w03875.json,features/vo_canh/w03875.npz,0.5587,4.2042,60
vỗ tay,vo_tay,Dataset/Videos/W03876.mp4,motions/vo_tay/w03876.json,features/vo_tay/w03876.npz,0.537,7.9413,60
vội vã,voi_va,Dataset/Videos/W03878.mp4,motions/voi_va/w03878.json,features/voi_va/w03878.npz,0.5317,4.2376,60
vở chèo,vo_cheo,Dataset/Videos/W03881.mp4,motions/vo_cheo/w03881.json,features/vo_cheo/w03881.npz,0.5516,3.295,60
vỡ,vo,Dataset/Videos/W03882.mp4,motions/vo/w03882.json,features/vo/w03882.npz,0.6859,3.9706,60
vỡ lòng,vo_long,Dataset/Videos/W03883.mp4,motions/vo_long/w03883.json,features/vo_long/w03883.npz,0.6502,3.9373,60
vớt,vot,Dataset/Videos/W03884.mp4,motions/vot/w03884.json,features/vot/w03884.npz,0.5541,4.0374,60
vũ công,vu_cong,Dataset/Videos/W03885.mp4,motions/vu_cong/w03885.json,features/vu_cong/w03885.npz,0.6943,3.9373,60
vũ trụ,vu_tru,Dataset/Videos/W03886.mp4,motions/vu_tru/w03886.json,features/vu_tru/w03886.npz,0.7518,4.2376,60
vua Hùng,vua_hung,Dataset/Videos/W03887.mp4,motions/vua_hung/w03887.json,features/vua_hung/w03887.npz,0.5605,3.5035,60
vui chơi,vui_choi,Dataset/Videos/W03888B.mp4,motions/vui_choi/w03888b.json,features/vui_choi/w03888b.npz,0.7925,4.3377,60
vui chơi,vui_choi,Dataset/Videos/W03888N.mp4,motions/vui_choi/w03888n.json,features/vui_choi/w03888n.npz,0.7122,3.2032,60
vui chơi,vui_choi,Dataset/Videos/W03888T.mp4,motions/vui_choi/w03888t.json,features/vui_choi/w03888t.npz,0.785,4.3377,60
vui mừng,vui_mung,Dataset/Videos/W03889B.mp4,motions/vui_mung/w03889b.json,features/vui_mung/w03889b.npz,0.6945,4.4378,60
vui mừng,vui_mung,Dataset/Videos/W03889N.mp4,motions/vui_mung/w03889n.json,features/vui_mung/w03889n.npz,0.7551,2.4358,60
vui mừng,vui_mung,Dataset/Videos/W03889T.mp4,motions/vui_mung/w03889t.json,features/vui_mung/w03889t.npz,0.7019,4.4378,60
vui sướng,vui_suong,Dataset/Videos/W03890B.mp4,motions/vui_suong/w03890b.json,features/vui_suong/w03890b.npz,0.6879,5.9059,60
vui sướng,vui_suong,Dataset/Videos/W03890N.mp4,motions/vui_suong/w03890n.json,features/vui_suong/w03890n.npz,0.6018,3.7037,60
vui sướng,vui_suong,Dataset/Videos/W03890T.mp4,motions/vui_suong/w03890t.json,features/vui_suong/w03890t.npz,0.6952,5.9059,60
vui tính,vui_tinh,Dataset/Videos/W03892.mp4,motions/vui_tinh/w03892.json,features/vui_tinh/w03892.npz,0.6679,4.5712,60
vun đắp,vun_ap,Dataset/Videos/W03894.mp4,motions/vun_ap/w03894.json,features/vun_ap/w03894.npz,0.7016,3.6703,60
vùng vẫy (dành cho người),vung_vay_danh_cho_nguoi,Dataset/Videos/W03903.mp4,motions/vung_vay_danh_cho_nguoi/w03903.json,features/vung_vay_danh_cho_nguoi/w03903.npz,0.5844,3.4701,60
hình vuông,hinh_vuong,Dataset/Videos/W03908.mp4,motions/hinh_vuong/w03908.json,features/hinh_vuong/w03908.npz,0.7508,4.004,60
vuốt tóc,vuot_toc,Dataset/Videos/W03909.mp4,motions/vuot_toc/w03909.json,features/vuot_toc/w03909.npz,0.68,4.3377,60
vuông góc,vuong_goc,Dataset/Videos/W03911.mp4,motions/vuong_goc/w03911.json,features/vuong_goc/w03911.npz,0.7171,3.6036,60
vững chắc,vung_chac,Dataset/Videos/W03912.mp4,motions/vung_chac/w03912.json,features/vung_chac/w03912.npz,0.5038,4.371,60
vườn thú,vuon_thu,Dataset/Videos/W03917.mp4,motions/vuon_thu/w03917.json,features/vuon_thu/w03917.npz,0.7587,3.37,60
vượt trội,vuot_troi,Dataset/Videos/W03924.mp4,motions/vuot_troi/w03924.json,features/vuot_troi/w03924.npz,0.7013,3.3033,60
xa cách,xa_cach,Dataset/Videos/W03925.mp4,motions/xa_cach/w03925.json,features/xa_cach/w03925.npz,0.6916,3.2699,60
xa xôi,xa_xoi,Dataset/Videos/W03928.mp4,motions/xa_xoi/w03928.json,features/xa_xoi/w03928.npz,0.6991,4.5045,60
xà phòng,xa_phong,Dataset/Videos/W03930B.mp4,motions/xa_phong/w03930b.json,features/xa_phong/w03930b.npz,0.4897,4.0374,60
xà phòng,xa_phong,Dataset/Videos/W03930N.mp4,motions/xa_phong/w03930n.json,features/xa_phong/w03930n.npz,0.5321,3.0364,60
xà phòng,xa_phong,Dataset/Videos/W03930T.mp4,motions/xa_phong/w03930t.json,features/xa_phong/w03930t.npz,0.7336,3.7037,60
xà phòng giặt,xa_phong_giat,Dataset/Videos/W03931B.mp4,motions/xa_phong_giat/w03931b.json,features/xa_phong_giat/w03931b.npz,0.6876,3.4368,60
xà phòng giặt,xa_phong_giat,Dataset/Videos/W03931N.mp4,motions/xa_phong_giat/w03931n.json,features/xa_phong_giat/w03931n.npz,0.7244,4.1708,60
xà phòng giặt,xa_phong_giat,Dataset/Videos/W03931T.mp4,motions/xa_phong_giat/w03931t.json,features/xa_phong_giat/w03931t.npz,0.7166,4.1708,60
xả rác,xa_rac,Dataset/Videos/W03933.mp4,motions/xa_rac/w03933.json,features/xa_rac/w03933.npz,0.7337,3.003,60
xã hội,xa_hoi,Dataset/Videos/W03935B.mp4,motions/xa_hoi/w03935b.json,features/xa_hoi/w03935b.npz,0.6282,4.2042,60
xã hội,xa_hoi,Dataset/Videos/W03935N.mp4,motions/xa_hoi/w03935n.json,features/xa_hoi/w03935n.npz,0.5491,4.5712,60
xã hội,xa_hoi,Dataset/Videos/W03935T.mp4,motions/xa_hoi/w03935t.json,features/xa_hoi/w03935t.npz,0.5443,4.5712,60
xách túi,xach_tui,Dataset/Videos/W03936.mp4,motions/xach_tui/w03936.json,features/xach_tui/w03936.npz,0.5861,3.5369,60
xanh xao,xanh_xao,Dataset/Videos/W03938B.mp4,motions/xanh_xao/w03938b.json,features/xanh_xao/w03938b.npz,0.4922,4.5712,60
xanh xao,xanh_xao,Dataset/Videos/W03938N.mp4,motions/xanh_xao/w03938n.json,features/xanh_xao/w03938n.npz,0.4942,3.6036,60
xanh xao,xanh_xao,Dataset/Videos/W03938T.mp4,motions/xanh_xao/w03938t.json,features/xanh_xao/w03938t.npz,0.4912,3.6036,60
xã,xa,Dataset/Videos/W03939.mp4,motions/xa/w03939.json,features/xa/w03939.npz,0.7153,7.5409,60
xác chết,xac_chet,Dataset/Videos/W03940.mp4,motions/xac_chet/w03940.json,features/xac_chet/w03940.npz,0.5536,3.0364,60
xác định,xac_inh,Dataset/Videos/W03941.mp4,motions/xac_inh/w03941.json,features/xac_inh/w03941.npz,0.6543,3.1365,60
xách nặng,xach_nang,Dataset/Videos/W03943.mp4,motions/xach_nang/w03943.json,features/xach_nang/w03943.npz,0.6391,5.1385,60
cây xanh tươi,cay_xanh_tuoi,Dataset/Videos/W03945B.mp4,motions/cay_xanh_tuoi/w03945b.json,features/cay_xanh_tuoi/w03945b.npz,0.6639,4.9049,60
cây xanh tươi,cay_xanh_tuoi,Dataset/Videos/W03945N.mp4,motions/cay_xanh_tuoi/w03945n.json,features/cay_xanh_tuoi/w03945n.npz,0.6773,4.7047,60
cây xanh tươi,cay_xanh_tuoi,Dataset/Videos/W03945T.mp4,motions/cay_xanh_tuoi/w03945t.json,features/cay_xanh_tuoi/w03945t.npz,0.675,4.7047,60
xăm,xam,Dataset/Videos/W03947.mp4,motions/xam/w03947.json,features/xam/w03947.npz,0.6265,3.8038,60
xăng,xang,Dataset/Videos/W03948.mp4,motions/xang/w03948.json,features/xang/w03948.npz,0.6779,3.7704,60
xăng-ti-mét (cm),xang_ti_met_cm,Dataset/Videos/W03949.mp4,motions/xang_ti_met_cm/w03949.json,features/xang_ti_met_cm/w03949.npz,0.5837,4.0374,60
xăng-ti-mét-khối (cm3),xang_ti_met_khoi_cm3,Dataset/Videos/W03950.mp4,motions/xang_ti_met_khoi_cm3/w03950.json,features/xang_ti_met_khoi_cm3/w03950.npz,0.8712,5.3053,60
xăng-ti-mét-vuông (cm2),xang_ti_met_vuong_cm2,Dataset/Videos/W03951.mp4,motions/xang_ti_met_vuong_cm2/w03951.json,features/xang_ti_met_vuong_cm2/w03951.npz,0.9821,4.8382,60
xâm lược,xam_luoc,Dataset/Videos/W03953.mp4,motions/xam_luoc/w03953.json,features/xam_luoc/w03953.npz,0.9702,4.004,60
xây,xay,Dataset/Videos/W03956B.mp4,motions/xay/w03956b.json,features/xay/w03956b.npz,0.578,4.7047,60
xây,xay,Dataset/Videos/W03956N.mp4,motions/xay/w03956n.json,features/xay/w03956n.npz,0.5681,4.4711,60
xây,xay,Dataset/Videos/W03956T.mp4,motions/xay/w03956t.json,features/xay/w03956t.npz,0.5705,4.4711,60
xây nhà,xay_nha,Dataset/Videos/W03958.mp4,motions/xay_nha/w03958.json,features/xay_nha/w03958.npz,0.9645,3.6703,60
xe đạp,xe_ap,Dataset/Videos/W03959.mp4,motions/xe_ap/w03959.json,features/xe_ap/w03959.npz,0.7764,3.637,60
xe ben,xe_ben,Dataset/Videos/W03960.mp4,motions/xe_ben/w03960.json,features/xe_ben/w03960.npz,0.923,5.0717,60
xe máy,xe_may,Dataset/Videos/W03961.mp4,motions/xe_may/w03961.json,features/xe_may/w03961.npz,0.675,4.2376,60
xe cảnh sát,xe_canh_sat,Dataset/Videos/W03962B.mp4,motions/xe_canh_sat/w03962b.json,features/xe_canh_sat/w03962b.npz,0.5957,3.8372,60
xe cảnh sát,xe_canh_sat,Dataset/Videos/W03962N.mp4,motions/xe_canh_sat/w03962n.json,features/xe_canh_sat/w03962n.npz,0.561,4.4711,60
xe cảnh sát,xe_canh_sat,Dataset/Videos/W03962T.mp4,motions/xe_canh_sat/w03962t.json,features/xe_canh_sat/w03962t.npz,0.5634,4.4711,60
xe cứu hỏa,xe_cuu_hoa,Dataset/Videos/W03964B.mp4,motions/xe_cuu_hoa/w03964b.json,features/xe_cuu_hoa/w03964b.npz,0.7767,3.8372,60
xe cứu hỏa,xe_cuu_hoa,Dataset/Videos/W03964N.mp4,motions/xe_cuu_hoa/w03964n.json,features/xe_cuu_hoa/w03964n.npz,0.6734,6.7067,60
xe cứu thương,xe_cuu_thuong,Dataset/Videos/W03965.mp4,motions/xe_cuu_thuong/w03965.json,features/xe_cuu_thuong/w03965.npz,0.7479,3.5702,60
xe khách,xe_khach,Dataset/Videos/W03967B.mp4,motions/xe_khach/w03967b.json,features/xe_khach/w03967b.npz,0.6315,3.7371,60
xe khách,xe_khach,Dataset/Videos/W03967N.mp4,motions/xe_khach/w03967n.json,features/xe_khach/w03967n.npz,0.5644,4.7047,60
xe khách,xe_khach,Dataset/Videos/W03967T.mp4,motions/xe_khach/w03967t.json,features/xe_khach/w03967t.npz,0.5746,4.6713,60
xe lam,xe_lam,Dataset/Videos/W03968.mp4,motions/xe_lam/w03968.json,features/xe_lam/w03968.npz,0.6717,3.2699,60
xe lu,xe_lu,Dataset/Videos/W03969.mp4,motions/xe_lu/w03969.json,features/xe_lu/w03969.npz,0.738,3.2699,60
xe cẩu,xe_cau,Dataset/Videos/W03971.mp4,motions/xe_cau/w03971.json,features/xe_cau/w03971.npz,0.7422,5.005,60
xé rách,xe_rach,Dataset/Videos/W03973.mp4,motions/xe_rach/w03973.json,features/xe_rach/w03973.npz,0.6913,2.6693,60
xem xét,xem_xet,Dataset/Videos/W03974.mp4,motions/xem_xet/w03974.json,features/xem_xet/w03974.npz,0.7719,3.4701,60
xen,xen,Dataset/Videos/W03975.mp4,motions/xen/w03975.json,features/xen/w03975.npz,0.6105,4.2042,60
xẻng,xeng,Dataset/Videos/W03976.mp4,motions/xeng/w03976.json,features/xeng/w03976.npz,0.7629,4.0707,60
xếp,xep,Dataset/Videos/W03978.mp4,motions/xep/w03978.json,features/xep/w03978.npz,0.6972,3.9039,60
xếp hàng,xep_hang,Dataset/Videos/W03979.mp4,motions/xep_hang/w03979.json,features/xep_hang/w03979.npz,0.7757,3.3367,60
xếp hàng dọc,xep_hang_doc,Dataset/Videos/W03980.mp4,motions/xep_hang_doc/w03980.json,features/xep_hang_doc/w03980.npz,0.781,3.0697,60
xếp hàng ngang,xep_hang_ngang,Dataset/Videos/W03981.mp4,motions/xep_hang_ngang/w03981.json,features/xep_hang_ngang/w03981.npz,0.7446,3.2699,60
xếp hàng ưu tiên,xep_hang_uu_tien,Dataset/Videos/W03982.mp4,motions/xep_hang_uu_tien/w03982.json,features/xep_hang_uu_tien/w03982.npz,0.64,4.3377,60
xếp hình,xep_hinh,Dataset/Videos/W03983.mp4,motions/xep_hinh/w03983.json,features/xep_hinh/w03983.npz,0.7236,3.5702,60
xích đạo,xich_ao,Dataset/Videos/W03986.mp4,motions/xich_ao/w03986.json,features/xich_ao/w03986.npz,0.7106,4.5712,60
xin lỗi,xin_loi,Dataset/Videos/W03990.mp4,motions/xin_loi/w03990.json,features/xin_loi/w03990.npz,0.6875,3.4701,60
xinh,xinh,Dataset/Videos/W03991.mp4,motions/xinh/w03991.json,features/xinh/w03991.npz,0.969,3.5035,60
xinh xắn,xinh_xan,Dataset/Videos/W03992.mp4,motions/xinh_xan/w03992.json,features/xinh_xan/w03992.npz,0.5734,3.7371,60
xóa bảng,xoa_bang,Dataset/Videos/W03993.mp4,motions/xoa_bang/w03993.json,features/xoa_bang/w03993.npz,0.6924,6.2396,60
xoá bỏ,xoa_bo,Dataset/Videos/W03995.mp4,motions/xoa_bo/w03995.json,features/xoa_bo/w03995.npz,0.6914,3.3033,60
xoáy,xoay,Dataset/Videos/W03996.mp4,motions/xoay/w03996.json,features/xoay/w03996.npz,0.519,4.1708,60
xóm làng,xom_lang,Dataset/Videos/W03999.mp4,motions/xom_lang/w03999.json,features/xom_lang/w03999.npz,0.7214,3.9706,60
xô,xo,Dataset/Videos/W04000.mp4,motions/xo/w04000.json,features/xo/w04000.npz,0.7478,4.1708,60
xôi,xoi,Dataset/Videos/W04001.mp4,motions/xoi/w04001.json,features/xoi/w04001.npz,0.5125,3.6703,60
xông hơi,xong_hoi,Dataset/Videos/W04003.mp4,motions/xong_hoi/w04003.json,features/xong_hoi/w04003.npz,0.727,3.3367,60
xu (tiền),xu_tien,Dataset/Videos/W04006.mp4,motions/xu_tien/w04006.json,features/xu_tien/w04006.npz,0.8607,3.2115,60
tóc dựng đứng,toc_dung_ung,Dataset/Videos/W04007.mp4,motions/toc_dung_ung/w04007.json,features/toc_dung_ung/w04007.npz,0.7292,4.004,60
xuất hiện,xuat_hien,Dataset/Videos/W04010B.mp4,motions/xuat_hien/w04010b.json,features/xuat_hien/w04010b.npz,0.4511,4.6046,60
xuất hiện,xuat_hien,Dataset/Videos/W04010N.mp4,motions/xuat_hien/w04010n.json,features/xuat_hien/w04010n.npz,0.4708,3.7704,60
xuất hiện,xuat_hien,Dataset/Videos/W04010T.mp4,motions/xuat_hien/w04010t.json,features/xuat_hien/w04010t.npz,0.4708,3.7704,60
xuất khẩu,xuat_khau,Dataset/Videos/W04011.mp4,motions/xuat_khau/w04011.json,features/xuat_khau/w04011.npz,0.6368,3.9706,60
xúc xắc,xuc_xac,Dataset/Videos/W04013.mp4,motions/xuc_xac/w04013.json,features/xuc_xac/w04013.npz,0.6912,4.004,60
xung đột,xung_ot,Dataset/Videos/W04014.mp4,motions/xung_ot/w04014.json,features/xung_ot/w04014.npz,0.6841,3.5702,60
xung phong,xung_phong,Dataset/Videos/W04016.mp4,motions/xung_phong/w04016.json,features/xung_phong/w04016.npz,0.6407,4.7381,60
xung quanh nhà,xung_quanh_nha,Dataset/Videos/W04017.mp4,motions/xung_quanh_nha/w04017.json,features/xung_quanh_nha/w04017.npz,0.7077,5.3053,60
xuống,xuong,Dataset/Videos/W04019.mp4,motions/xuong/w04019.json,features/xuong/w04019.npz,0.4897,4.0374,60
xứ Nghệ,xu_nghe,Dataset/Videos/W04023.mp4,motions/xu_nghe/w04023.json,features/xu_nghe/w04023.npz,0.7911,3.7371,60
xưa,xua,Dataset/Videos/W04025B.mp4,motions/xua/w04025b.json,features/xua/w04025b.npz,0.5161,6.006,60
xưa,xua,Dataset/Videos/W04025N.mp4,motions/xua/w04025n.json,features/xua/w04025n.npz,0.5143,2.9696,60
xưa,xua,Dataset/Videos/W04025T.mp4,motions/xua/w04025t.json,features/xua/w04025t.npz,0.6682,4.8048,60
xương rồng,xuong_rong,Dataset/Videos/W04028.mp4,motions/xuong_rong/w04028.json,features/xuong_rong/w04028.npz,0.7171,4.638,60
Y-Éc-Xanh,y_ec_xanh,Dataset/Videos/W04031.mp4,motions/y_ec_xanh/w04031.json,features/y_ec_xanh/w04031.npz,0.4998,4.2709,60
y tế,y_te,Dataset/Videos/W04034.mp4,motions/y_te/w04034.json,features/y_te/w04034.npz,0.5268,3.8038,60
ý chí,y_chi,Dataset/Videos/W04035.mp4,motions/y_chi/w04035.json,features/y_chi/w04035.npz,0.5474,3.5702,60
ý nghĩa,y_nghia,Dataset/Videos/W04038B.mp4,motions/y_nghia/w04038b.json,features/y_nghia/w04038b.npz,0.5112,4.0374,60
ý nghĩa,y_nghia,Dataset/Videos/W04038N.mp4,motions/y_nghia/w04038n.json,features/y_nghia/w04038n.npz,0.5099,4.1375,60
ý nghĩa,y_nghia,Dataset/Videos/W04038T.mp4,motions/y_nghia/w04038t.json,features/y_nghia/w04038t.npz,0.5099,4.1375,60
ý thức,y_thuc,Dataset/Videos/W04039.mp4,motions/y_thuc/w04039.json,features/y_thuc/w04039.npz,0.5248,3.5369,60
ý tưởng,y_tuong,Dataset/Videos/W04040.mp4,motions/y_tuong/w04040.json,features/y_tuong/w04040.npz,0.5336,4.371,60
yếm,yem,Dataset/Videos/W04041.mp4,motions/yem/w04041.json,features/yem/w04041.npz,0.7821,2.9363,60
Yên Bái,yen_bai,Dataset/Videos/W04043.mp4,motions/yen_bai/w04043.json,features/yen_bai/w04043.npz,0.7815,3.9706,60
yên bình,yen_binh,Dataset/Videos/W04044.mp4,motions/yen_binh/w04044.json,features/yen_binh/w04044.npz,0.7675,5.0384,60
yên lòng,yen_long,Dataset/Videos/W04046.mp4,motions/yen_long/w04046.json,features/yen_long/w04046.npz,0.5659,4.8715,60
yên tâm,yen_tam,Dataset/Videos/W04048.mp4,motions/yen_tam/w04048.json,features/yen_tam/w04048.npz,0.7849,4.5379,60
tôi yêu bạn,toi_yeu_ban,Dataset/Videos/W04056B.mp4,motions/toi_yeu_ban/w04056b.json,features/toi_yeu_ban/w04056b.npz,0.555,3.7037,60
tôi yêu bạn,toi_yeu_ban,Dataset/Videos/W04056N.mp4,motions/toi_yeu_ban/w04056n.json,features/toi_yeu_ban/w04056n.npz,0.5309,3.5369,60
tôi yêu bạn,toi_yeu_ban,Dataset/Videos/W04056T.mp4,motions/toi_yeu_ban/w04056t.json,features/toi_yeu_ban/w04056t.npz,0.5491,3.7037,60
yêu cầu,yeu_cau,Dataset/Videos/W04057B.mp4,motions/yeu_cau/w04057b.json,features/yeu_cau/w04057b.npz,0.4567,4.9716,60
yêu cầu,yeu_cau,Dataset/Videos/W04057N.mp4,motions/yeu_cau/w04057n.json,features/yeu_cau/w04057n.npz,0.5898,7.5075,60
yêu cầu,yeu_cau,Dataset/Videos/W04057T.mp4,motions/yeu_cau/w04057t.json,features/yeu_cau/w04057t.npz,0.5927,7.5075,60
yêu mến (yêu quí),yeu_men_yeu_qui,Dataset/Videos/W04058B.mp4,motions/yeu_men_yeu_qui/w04058b.json,features/yeu_men_yeu_qui/w04058b.npz,0.7066,3.4368,60
yêu mến (yêu quí),yeu_men_yeu_qui,Dataset/Videos/W04058N.mp4,motions/yeu_men_yeu_qui/w04058n.json,features/yeu_men_yeu_qui/w04058n.npz,0.7227,4.7714,60
yêu mến (yêu quí),yeu_men_yeu_qui,Dataset/Videos/W04058T.mp4,motions/yeu_men_yeu_qui/w04058t.json,features/yeu_men_yeu_qui/w04058t.npz,0.7182,4.7714,60
yếu,yeu,Dataset/Videos/W04059B.mp4,motions/yeu/w04059b.json,features/yeu/w04059b.npz,0.7271,3.5369,60
yếu,yeu,Dataset/Videos/W04059N.mp4,motions/yeu/w04059n.json,features/yeu/w04059n.npz,0.5699,3.3033,60
yếu,yeu,Dataset/Videos/W04059T.mp4,motions/yeu/w04059t.json,features/yeu/w04059t.npz,0.5699,3.3033,60
yếu tố,yeu_to,Dataset/Videos/W04060.mp4,motions/yeu_to/w04060.json,features/yeu_to/w04060.npz,0.6233,4.4044,60
công văn,cong_van,Dataset/Videos/W04061.mp4,motions/cong_van/w04061.json,features/cong_van/w04061.npz,0.5199,8.7421,60
vá quần áo,va_quan_ao,Dataset/Videos/W04062.mp4,motions/va_quan_ao/w04062.json,features/va_quan_ao/w04062.npz,0.5374,4.5712,60
hoan hô,hoan_ho,Dataset/Videos/W04063.mp4,motions/hoan_ho/w04063.json,features/hoan_ho/w04063.npz,0.5287,7.7077,60
trả thù,tra_thu,Dataset/Videos/W04065.mp4,motions/tra_thu/w04065.json,features/tra_thu/w04065.npz,0.5556,4.638,60
môn Địa lý,mon_ia_ly,Dataset/Videos/W04066B.mp4,motions/mon_ia_ly/w04066b.json,features/mon_ia_ly/w04066b.npz,0.7105,4.2709,60
môn Địa lý,mon_ia_ly,Dataset/Videos/W04066N.mp4,motions/mon_ia_ly/w04066n.json,features/mon_ia_ly/w04066n.npz,0.7756,2.8028,60
môn Địa lý,mon_ia_ly,Dataset/Videos/W04066T.mp4,motions/mon_ia_ly/w04066t.json,features/mon_ia_ly/w04066t.npz,0.7911,2.8028,60
con trai,con_trai,Dataset/Videos/W04068.mp4,motions/con_trai/w04068.json,features/con_trai/w04068.npz,0.568,2.636,60
đệm,em,Dataset/Videos/W04069.mp4,motions/em/w04069.json,features/em/w04069.npz,0.5914,4.6713,60
gù lưng,gu_lung,Dataset/Videos/W04070.mp4,motions/gu_lung/w04070.json,features/gu_lung/w04070.npz,0.5306,3.9039,60
ai bảo,ai_bao,Dataset/Videos/W04071.mp4,motions/ai_bao/w04071.json,features/ai_bao/w04071.npz,0.5273,4.1291,60
hãng ô tô,hang_o_to,Dataset/Videos/W04072.mp4,motions/hang_o_to/w04072.json,features/hang_o_to/w04072.npz,0.7299,2.9613,60
ngôn ngữ kí hiệu,ngon_ngu_ki_hieu,Dataset/Videos/W04073.mp4,motions/ngon_ngu_ki_hieu/w04073.json,features/ngon_ngu_ki_hieu/w04073.npz,0.6543,3.6703,60
